insert into cursos (codigo, nombre) values ('BMA03','ALGEBRA LINEAL');
insert into cursos (codigo, nombre) values ('BQU01','QUIMICA I');
insert into cursos (codigo, nombre) values ('FB101','GEOMETRIA ANALITICA');
insert into cursos (codigo, nombre) values ('FB303','CALCULO MULTIVARIABLE');
insert into cursos (codigo, nombre) values ('FB305','ESTADISTICA Y PROBABILIDADES');
insert into cursos (codigo, nombre) values ('FB401','FISICA II');
insert into cursos (codigo, nombre) values ('FB405','ESTADISTICA APLICADA');
insert into cursos (codigo, nombre) values ('GE128','DIAGNOSTICO DE EMPRESAS');
insert into cursos (codigo, nombre) values ('GE501','TEORIA ORGANIZACIONAL ');
insert into cursos (codigo, nombre) values ('GE602','CONTABILIDAD FINANCIERA');
insert into cursos (codigo, nombre) values ('GE801','PLANEAMIENTO Y  GESTION ESTRATEGICA');
insert into cursos (codigo, nombre) values ('GE805','MERCADOTECNIA');
insert into cursos (codigo, nombre) values ('GE902','DISEÑO Y EVALUACION DE PROYECTOS');
insert into cursos (codigo, nombre) values ('GP515','PLANEAMIENTO Y DIRECCION ESTRATEGICA');
insert into cursos (codigo, nombre) values ('GP525','DISEÑO Y EVALUACION DE PROYECTOS');
insert into cursos (codigo, nombre) values ('GP575','DIAGNOSTICO DE EMPRESAS');
insert into cursos (codigo, nombre) values ('SI203','TEORÍA Y CIENCIA DE SISTEMAS ');
insert into cursos (codigo, nombre) values ('SI403','METODOLOGIA DE LOS SISTEMAS BLANDOS');
insert into cursos (codigo, nombre) values ('SI405','MODELADO CONCEPTUAL DE DATOS');
insert into cursos (codigo, nombre) values ('SI501','INVESTIGACION DE OPERACIONES I');
insert into cursos (codigo, nombre) values ('SI505','DISEÑO DE BASE DE DATOS');
insert into cursos (codigo, nombre) values ('SI601','INVESTIGACION DE OPERACIONES II');
insert into cursos (codigo, nombre) values ('SI605','ARQUITECTURA EMPRESARIAL ');
insert into cursos (codigo, nombre) values ('SI607','ARQUITECTURA COMPUTACIONAL Y REDES');
insert into cursos (codigo, nombre) values ('SI701','MODELADO SISTEMICO Y SIMULACION');
insert into cursos (codigo, nombre) values ('SI702','TALLER DE DINAMICA DE SISTEMAS');
insert into cursos (codigo, nombre) values ('SI707','INGENIERIA DE SOFTWARE');
insert into cursos (codigo, nombre) values ('SI801','MODELO DEL SISTEMA VIABLE');
insert into cursos (codigo, nombre) values ('SI805','INTEGRACION DE SISTEMAS');
insert into cursos (codigo, nombre) values ('ST295','INGENIERÍA EMPRESARIAL');
insert into cursos (codigo, nombre) values ('TE101','DIBUJO EN INGENIERÍA ');
insert into cursos (codigo, nombre) values ('TE701','ANALISIS DE PROCESOS DE MANUFACTURA ');
insert into cursos (codigo, nombre) values ('TE801','AUTOMATIZACION Y CONTROL DE PROCESOS');

insert into curso_seccion (seccion, codigo_curso, curso_seccion) VALUES ('U','BMA03','BMA03U');
insert into curso_seccion (seccion, codigo_curso, curso_seccion) VALUES ('V','BMA03','BMA03V');
insert into curso_seccion (seccion, codigo_curso, curso_seccion) VALUES ('U','BQU01','BQU01U');
insert into curso_seccion (seccion, codigo_curso, curso_seccion) VALUES ('U','FB101','FB101U');
insert into curso_seccion (seccion, codigo_curso, curso_seccion) VALUES ('V','FB101','FB101V');
insert into curso_seccion (seccion, codigo_curso, curso_seccion) VALUES ('U','FB303','FB303U');
insert into curso_seccion (seccion, codigo_curso, curso_seccion) VALUES ('U','FB305','FB305U');
insert into curso_seccion (seccion, codigo_curso, curso_seccion) VALUES ('U','FB401','FB401U');
insert into curso_seccion (seccion, codigo_curso, curso_seccion) VALUES ('U','FB405','FB405U');
insert into curso_seccion (seccion, codigo_curso, curso_seccion) VALUES ('U','GE128','GE128U');
insert into curso_seccion (seccion, codigo_curso, curso_seccion) VALUES ('U','GE501','GE501U');
insert into curso_seccion (seccion, codigo_curso, curso_seccion) VALUES ('U','GE602','GE602U');
insert into curso_seccion (seccion, codigo_curso, curso_seccion) VALUES ('U','GE801','GE801U');
insert into curso_seccion (seccion, codigo_curso, curso_seccion) VALUES ('U','GE805','GE805U');
insert into curso_seccion (seccion, codigo_curso, curso_seccion) VALUES ('U','GE902','GE902U');
insert into curso_seccion (seccion, codigo_curso, curso_seccion) VALUES ('U','GP515','GP515U');
insert into curso_seccion (seccion, codigo_curso, curso_seccion) VALUES ('U','GP525','GP525U');
insert into curso_seccion (seccion, codigo_curso, curso_seccion) VALUES ('U','GP575','GP575U');
insert into curso_seccion (seccion, codigo_curso, curso_seccion) VALUES ('U','SI203','SI203U');
insert into curso_seccion (seccion, codigo_curso, curso_seccion) VALUES ('U','SI403','SI403U');
insert into curso_seccion (seccion, codigo_curso, curso_seccion) VALUES ('U','SI405','SI405U');
insert into curso_seccion (seccion, codigo_curso, curso_seccion) VALUES ('U','SI501','SI501U');
insert into curso_seccion (seccion, codigo_curso, curso_seccion) VALUES ('V','SI501','SI501V');
insert into curso_seccion (seccion, codigo_curso, curso_seccion) VALUES ('U','SI505','SI505U');
insert into curso_seccion (seccion, codigo_curso, curso_seccion) VALUES ('U','SI601','SI601U');
insert into curso_seccion (seccion, codigo_curso, curso_seccion) VALUES ('U','SI605','SI605U');
insert into curso_seccion (seccion, codigo_curso, curso_seccion) VALUES ('U','SI607','SI607U');
insert into curso_seccion (seccion, codigo_curso, curso_seccion) VALUES ('U','SI701','SI701U');
insert into curso_seccion (seccion, codigo_curso, curso_seccion) VALUES ('U','SI702','SI702U');
insert into curso_seccion (seccion, codigo_curso, curso_seccion) VALUES ('U','SI707','SI707U');
insert into curso_seccion (seccion, codigo_curso, curso_seccion) VALUES ('U','SI801','SI801U');
insert into curso_seccion (seccion, codigo_curso, curso_seccion) VALUES ('U','SI805','SI805U');
insert into curso_seccion (seccion, codigo_curso, curso_seccion) VALUES ('U','ST295','ST295U');
insert into curso_seccion (seccion, codigo_curso, curso_seccion) VALUES ('U','TE101','TE101U');
insert into curso_seccion (seccion, codigo_curso, curso_seccion) VALUES ('U','TE701','TE701U');
insert into curso_seccion (seccion, codigo_curso, curso_seccion) VALUES ('U','TE801','TE801U');

insert into horarios(curso_seccion, dia, hora_ini, hora_fin, t_p, aula, docente) VALUES ('BMA03U','LU','14','17','T','S4-110','HUAMAN SANCHEZ, ALEJANDRO APOLINARIO');
insert into horarios(curso_seccion, dia, hora_ini, hora_fin, t_p, aula, docente) VALUES ('BMA03U','MA','14','17','T','S4-111','HUAMAN SANCHEZ, ALEJANDRO APOLINARIO');
insert into horarios(curso_seccion, dia, hora_ini, hora_fin, t_p, aula, docente) VALUES ('BMA03U','MI','14','16','T','S4-111','HUAMAN SANCHEZ, ALEJANDRO APOLINARIO');
insert into horarios(curso_seccion, dia, hora_ini, hora_fin, t_p, aula, docente) VALUES ('BMA03U','MI','16','18','PRA','S4-111','HUAMAN SANCHEZ, ALEJANDRO APOLINARIO');
insert into horarios(curso_seccion, dia, hora_ini, hora_fin, t_p, aula, docente) VALUES ('BMA03V','LU','14','17','T','S4-205','CERNADES GOMEZ, JESÚS');
insert into horarios(curso_seccion, dia, hora_ini, hora_fin, t_p, aula, docente) VALUES ('BMA03V','MA','14','17','T','S4-204','CERNADES GOMEZ, JESÚS');
insert into horarios(curso_seccion, dia, hora_ini, hora_fin, t_p, aula, docente) VALUES ('BMA03V','MI','14','16','T','S4-204','CERNADES GOMEZ, JESÚS');
insert into horarios(curso_seccion, dia, hora_ini, hora_fin, t_p, aula, docente) VALUES ('BMA03V','MI','16','18','PRA','S4-204','CERNADES GOMEZ, JESÚS');
insert into horarios(curso_seccion, dia, hora_ini, hora_fin, t_p, aula, docente) VALUES ('BQU01U','LU','10','14','T','S4-206','OSORIO MARUJO, BILMA ELIZABETH');
insert into horarios(curso_seccion, dia, hora_ini, hora_fin, t_p, aula, docente) VALUES ('BQU01U','MI','10','12','T','S4-214','OSORIO MARUJO, BILMA ELIZABETH');
insert into horarios(curso_seccion, dia, hora_ini, hora_fin, t_p, aula, docente) VALUES ('BQU01U','MI','12','14','P','S4-214','OSORIO MARUJO, BILMA ELIZABETH');
insert into horarios(curso_seccion, dia, hora_ini, hora_fin, t_p, aula, docente) VALUES ('FB101U','LU','14','18','T','S4-212','CHUNG CHING, RICARDO ALEJANDRO');
insert into horarios(curso_seccion, dia, hora_ini, hora_fin, t_p, aula, docente) VALUES ('FB101U','JU','14','16','T','S4-213','CHUNG CHING, RICARDO ALEJANDRO');
insert into horarios(curso_seccion, dia, hora_ini, hora_fin, t_p, aula, docente) VALUES ('FB101U','LU','16','18','PRA','S4-214','CHUNG CHING, RICARDO ALEJANDRO');
insert into horarios(curso_seccion, dia, hora_ini, hora_fin, t_p, aula, docente) VALUES ('FB101V','MA','14','18','T','S4-216','VASQUEZ DOMINGUEZ, RIQUELMER APOLINARIO');
insert into horarios(curso_seccion, dia, hora_ini, hora_fin, t_p, aula, docente) VALUES ('FB101V','JU','14','16','T','S4-217','VASQUEZ DOMINGUEZ, RIQUELMER APOLINARIO');
insert into horarios(curso_seccion, dia, hora_ini, hora_fin, t_p, aula, docente) VALUES ('FB101V','JU','16','18','PRA','S4-216','VASQUEZ DOMINGUEZ, RIQUELMER APOLINARIO');
insert into horarios(curso_seccion, dia, hora_ini, hora_fin, t_p, aula, docente) VALUES ('FB303U','MI','8','12','T','S4-201','ALVARADO RODRÍGUEZ, JOSÉ LUIS');
insert into horarios(curso_seccion, dia, hora_ini, hora_fin, t_p, aula, docente) VALUES ('FB303U','JU','8','10','T','S4-204','ALVARADO RODRÍGUEZ, JOSÉ LUIS');
insert into horarios(curso_seccion, dia, hora_ini, hora_fin, t_p, aula, docente) VALUES ('FB303U','JU','10','12','PRA','S4-209','BERMEO CARRASCO, OSMAR ARNALDO');
insert into horarios(curso_seccion, dia, hora_ini, hora_fin, t_p, aula, docente) VALUES ('FB303U','SA','8','12','T','S4-209','ALVARADO RODRÍGUEZ, JOSÉ LUIS');
insert into horarios(curso_seccion, dia, hora_ini, hora_fin, t_p, aula, docente) VALUES ('FB305U','MI','8','10','T','S4-208','CERNA VALDEZ, YARKO ALVARO');
insert into horarios(curso_seccion, dia, hora_ini, hora_fin, t_p, aula, docente) VALUES ('FB305U','MI','10','12','PRA','S4-208','CERNA VALDEZ, YARKO ALVARO');
insert into horarios(curso_seccion, dia, hora_ini, hora_fin, t_p, aula, docente) VALUES ('FB305U','VI','8','12','T','S4-208','CERNA VALDEZ, YARKO ALVARO');
insert into horarios(curso_seccion, dia, hora_ini, hora_fin, t_p, aula, docente) VALUES ('FB401U','MA','14','18','T','S4-207','SALCEDO TORRES, JOAQUIN MAGNOT - HECTOR VALDIVIA');
insert into horarios(curso_seccion, dia, hora_ini, hora_fin, t_p, aula, docente) VALUES ('FB401U','MI','14','16','T','S4-207','SALCEDO TORRES, JOAQUIN MAGNOT . HECTOR VALDIVIA');
insert into horarios(curso_seccion, dia, hora_ini, hora_fin, t_p, aula, docente) VALUES ('FB401U','MI','16','18','PRA','S4-214','SALCEDO TORRES, JOAQUIN MAGNOT - HECTOR VALDIVIA');
insert into horarios(curso_seccion, dia, hora_ini, hora_fin, t_p, aula, docente) VALUES ('FB405U','MA','8','12','T','S4-208','CERNA VALDEZ, YARKO ALVARO');
insert into horarios(curso_seccion, dia, hora_ini, hora_fin, t_p, aula, docente) VALUES ('FB405U','JU','8','10','T','S4-208','CERNA VALDEZ, YARKO ALVARO');
insert into horarios(curso_seccion, dia, hora_ini, hora_fin, t_p, aula, docente) VALUES ('FB405U','JU','10','12','PRA','S4-208','CERNA VALDEZ, YARKO ALVARO');
insert into horarios(curso_seccion, dia, hora_ini, hora_fin, t_p, aula, docente) VALUES ('GE128U','MA','16','20','T','S4-208','PONCE SANCHEZ, CARLOS FIDEL');
insert into horarios(curso_seccion, dia, hora_ini, hora_fin, t_p, aula, docente) VALUES ('GE128U','JU','16','20','PRA','S4-207','PONCE SANCHEZ, CARLOS FIDEL');
insert into horarios(curso_seccion, dia, hora_ini, hora_fin, t_p, aula, docente) VALUES ('GE501U','MI','8','12','T','S4-208','ROJAS MENDOZA, DORIS');
insert into horarios(curso_seccion, dia, hora_ini, hora_fin, t_p, aula, docente) VALUES ('GE501U','SA','14','18','PRA','S4-207','ROJAS MENDOZA, DORIS');
insert into horarios(curso_seccion, dia, hora_ini, hora_fin, t_p, aula, docente) VALUES ('GE602U','MA','8','12','T','S4-208','LEÓN ZARATE, ANA');
insert into horarios(curso_seccion, dia, hora_ini, hora_fin, t_p, aula, docente) VALUES ('GE602U','VI','8','12','PRA','S4-209','LEÓN ZARATE, ANA');
insert into horarios(curso_seccion, dia, hora_ini, hora_fin, t_p, aula, docente) VALUES ('GE801U','LU','18','22','T','S4-210','FLORES BASHI, CARLOS ANTONIO');
insert into horarios(curso_seccion, dia, hora_ini, hora_fin, t_p, aula, docente) VALUES ('GE801U','MI','18','22','PRA','S4-211','FLORES BASHI, CARLOS ANTONIO');
insert into horarios(curso_seccion, dia, hora_ini, hora_fin, t_p, aula, docente) VALUES ('GE805U','LU','18','22','T','S4-212','ESPINOZA ESPINOZA, JOSE');
insert into horarios(curso_seccion, dia, hora_ini, hora_fin, t_p, aula, docente) VALUES ('GE805U','MI','18','22','PRA','S4-209','ESPINOZA ESPINOZA, JOSE');
insert into horarios(curso_seccion, dia, hora_ini, hora_fin, t_p, aula, docente) VALUES ('GE902U','MA','16','20','T','S4-210','FLORES CISNEROS, ERNESTO');
insert into horarios(curso_seccion, dia, hora_ini, hora_fin, t_p, aula, docente) VALUES ('GE902U','JU','16','20','PRA','S4-211','FLORES CISNEROS, ERNESTO');
insert into horarios(curso_seccion, dia, hora_ini, hora_fin, t_p, aula, docente) VALUES ('GP515U','LU','18','22','T','S4-212','FLORES BASHI, CARLOS ANTONIO');
insert into horarios(curso_seccion, dia, hora_ini, hora_fin, t_p, aula, docente) VALUES ('GP515U','MI','18','22','PRA','S4-209','FLORES BASHI, CARLOS ANTONIO');
insert into horarios(curso_seccion, dia, hora_ini, hora_fin, t_p, aula, docente) VALUES ('GP525U','MA','16','20','T','S4-210','FLORES CISNEROS, ERNESTO');
insert into horarios(curso_seccion, dia, hora_ini, hora_fin, t_p, aula, docente) VALUES ('GP525U','JU','16','20','PRA','S4-211','FLORES CISNEROS, ERNESTO');
insert into horarios(curso_seccion, dia, hora_ini, hora_fin, t_p, aula, docente) VALUES ('GP575U','MA','16','20','T','S4-212','PONCE SANCHEZ, CARLOS FIDEL');
insert into horarios(curso_seccion, dia, hora_ini, hora_fin, t_p, aula, docente) VALUES ('GP575U','JU','16','20','PRA','S4-221','PONCE SANCHEZ, CARLOS FIDEL');
insert into horarios(curso_seccion, dia, hora_ini, hora_fin, t_p, aula, docente) VALUES ('SI203U','LU','18','22','T','S4111','LLANOS PANDURO, JORGE DANIEL');
insert into horarios(curso_seccion, dia, hora_ini, hora_fin, t_p, aula, docente) VALUES ('SI203U','JU','18','22','PRA','S4112','LLANOS PANDURO, JORGE DANIEL');
insert into horarios(curso_seccion, dia, hora_ini, hora_fin, t_p, aula, docente) VALUES ('SI403U','LU','18','22','T','S4-109','RODRÍGUEZ ULLOA, RICARDO AURELIO');
insert into horarios(curso_seccion, dia, hora_ini, hora_fin, t_p, aula, docente) VALUES ('SI403U','MI','18','22','PRA','S4-109','RODRÍGUEZ ULLOA, RICARDO AURELIO');
insert into horarios(curso_seccion, dia, hora_ini, hora_fin, t_p, aula, docente) VALUES ('SI405U','MA','18','22','T','S4210','REYNA MONTEVERDE, TINO EDUARDO');
insert into horarios(curso_seccion, dia, hora_ini, hora_fin, t_p, aula, docente) VALUES ('SI405U','JU','18','22','PRA','S4210','REYNA MONTEVERDE, TINO EDUARDO');
insert into horarios(curso_seccion, dia, hora_ini, hora_fin, t_p, aula, docente) VALUES ('SI501U','LU','18','22','T','S4-109','MEDINA AQUINO, LUIS FELIPE');
insert into horarios(curso_seccion, dia, hora_ini, hora_fin, t_p, aula, docente) VALUES ('SI501U','JU','8','12','PRA','S4-109','FERNANDEZ LOSTAUNAU CESAR ANTONIO');
insert into horarios(curso_seccion, dia, hora_ini, hora_fin, t_p, aula, docente) VALUES ('SI501V','MA','8','12','T','S4210','TORRE CAMONES, ANIVAL');
insert into horarios(curso_seccion, dia, hora_ini, hora_fin, t_p, aula, docente) VALUES ('SI501V','VI','8','12','PRA','S4210','FERNANDEZ LOSTAUNAU CESAR ANTONIO');
insert into horarios(curso_seccion, dia, hora_ini, hora_fin, t_p, aula, docente) VALUES ('SI505U','MI','18','22','T','S4-109','CABALLERO ORTIZ, JOSE ALBERTO');
insert into horarios(curso_seccion, dia, hora_ini, hora_fin, t_p, aula, docente) VALUES ('SI505U','VI','18','22','PRA','S4-109','CABALLERO ORTIZ, JOSE ALBERTO');
insert into horarios(curso_seccion, dia, hora_ini, hora_fin, t_p, aula, docente) VALUES ('SI601U','MA','14','18','T','S4210','CANELO SOTELO, CÉSAR');
insert into horarios(curso_seccion, dia, hora_ini, hora_fin, t_p, aula, docente) VALUES ('SI601U','JU','14','18','PRA','S4210','CANELO SOTELO, CÉSAR');
insert into horarios(curso_seccion, dia, hora_ini, hora_fin, t_p, aula, docente) VALUES ('SI605U','JU','18','22','T','S4-109','ENERO ANTONIO, JAIME ALFREDO');
insert into horarios(curso_seccion, dia, hora_ini, hora_fin, t_p, aula, docente) VALUES ('SI605U','VI','18','22','PRA','S4-109','ENERO ANTONIO, JAIME ALFREDO');
insert into horarios(curso_seccion, dia, hora_ini, hora_fin, t_p, aula, docente) VALUES ('SI607U','LU','14','18','T','S4210','CARRANZA MILLA, EMERSON');
insert into horarios(curso_seccion, dia, hora_ini, hora_fin, t_p, aula, docente) VALUES ('SI607U','MI','14','18','PRA','S4210','CARRANZA MILLA, EMERSON');
insert into horarios(curso_seccion, dia, hora_ini, hora_fin, t_p, aula, docente) VALUES ('SI701U','MA','14','18','T','S4-109','ULFE VEGA, LUIS ALBERTO');
insert into horarios(curso_seccion, dia, hora_ini, hora_fin, t_p, aula, docente) VALUES ('SI701U','JU','14','18','PRA','S4-109','ULFE VEGA, LUIS ALBERTO');
insert into horarios(curso_seccion, dia, hora_ini, hora_fin, t_p, aula, docente) VALUES ('SI702U','LU','18','22','T','S4210','SALAS COZ, ERWIN ERASMO');
insert into horarios(curso_seccion, dia, hora_ini, hora_fin, t_p, aula, docente) VALUES ('SI702U','MA','18','22','PRA','S4210','SALAS COZ, ERWIN ERASMO');
insert into horarios(curso_seccion, dia, hora_ini, hora_fin, t_p, aula, docente) VALUES ('SI707U','LU','18','22','T','S4210','SANCHEZ ESPINOZA, JAVIER CONCEPCIÓN');
insert into horarios(curso_seccion, dia, hora_ini, hora_fin, t_p, aula, docente) VALUES ('SI707U','MI','18','22','PRA','S4210','SANCHEZ ESPINOZA, JAVIER CONCEPCIÓN');
insert into horarios(curso_seccion, dia, hora_ini, hora_fin, t_p, aula, docente) VALUES ('SI801U','VI','18','22','T','S4-109','SALAS COZ, ERWIN ERASMO');
insert into horarios(curso_seccion, dia, hora_ini, hora_fin, t_p, aula, docente) VALUES ('SI801U','SA','8','12','PRA','S4-109','SALAS COZ, ERWIN ERASMO');
insert into horarios(curso_seccion, dia, hora_ini, hora_fin, t_p, aula, docente) VALUES ('SI805U','JU','18','22','T','S4-109','HUAPAYA CIRIACO, ALBERTO JESUS');
insert into horarios(curso_seccion, dia, hora_ini, hora_fin, t_p, aula, docente) VALUES ('SI805U','VI','18','22','PRA','S4-109','HUAPAYA CIRIACO, ALBERTO JESUS');
insert into horarios(curso_seccion, dia, hora_ini, hora_fin, t_p, aula, docente) VALUES ('ST295U','MA','18','22','T','S4210','LLANOS PANDURO, JORGE DANIEL');
insert into horarios(curso_seccion, dia, hora_ini, hora_fin, t_p, aula, docente) VALUES ('ST295U','VI','18','22','PRA','S4210','LLANOS PANDURO, JORGE DANIEL');
insert into horarios(curso_seccion, dia, hora_ini, hora_fin, t_p, aula, docente) VALUES ('TE101U','MA','8','12','PRA','S4-109','MONCADA CAJAVILCA, VICTOR');
insert into horarios(curso_seccion, dia, hora_ini, hora_fin, t_p, aula, docente) VALUES ('TE101U','JU','8','12','PRA','S4-109','MONCADA CAJAVILCA, VICTOR');
insert into horarios(curso_seccion, dia, hora_ini, hora_fin, t_p, aula, docente) VALUES ('TE701U','MI','16','20','T','S4-109','AGUERO MAURICIO, ALFREDO ROLANDO');
insert into horarios(curso_seccion, dia, hora_ini, hora_fin, t_p, aula, docente) VALUES ('TE701U','VI','16','20','PRA','S4-109','AGUERO MAURICIO, ALFREDO ROLANDO');
insert into horarios(curso_seccion, dia, hora_ini, hora_fin, t_p, aula, docente) VALUES ('TE801U','MA','18','22','T','S4210','MUÑOZ INGA, CARLOS');
insert into horarios(curso_seccion, dia, hora_ini, hora_fin, t_p, aula, docente) VALUES ('TE801U','JU','18','22','PRA','S4210','MUÑOZ INGA, CARLOS');

