insert into cursos (codigo, nombre) values ('BEF01','ETICA Y FILOSOFIA POLITICA');
insert into cursos (codigo, nombre) values ('BEG01','ECONOMIA GENERAL');
insert into cursos (codigo, nombre) values ('BFI01','FISICA I');
insert into cursos (codigo, nombre) values ('BIC01','INTRODUCCION A LA COMPUTACION');
insert into cursos (codigo, nombre) values ('BMA01','CALCULO DIFERENCIAL');
insert into cursos (codigo, nombre) values ('BMA02','CALCULO INTEGRAL');
insert into cursos (codigo, nombre) values ('BMA03','ALGEBRA LINEAL');
insert into cursos (codigo, nombre) values ('BQU01','QUIMICA I');
insert into cursos (codigo, nombre) values ('BRC01','REDACCION Y COMUNICACION');
insert into cursos (codigo, nombre) values ('BRN01','REALIDAD NACIONAL, CONSTITUCION Y DERECHOS HUMANOS');
insert into cursos (codigo, nombre) values ('FB101','GEOMETRIA ANALITICA');
insert into cursos (codigo, nombre) values ('FB202','QUIMICA II');
insert into cursos (codigo, nombre) values ('FB301','MATEMATICA DISCRETA');
insert into cursos (codigo, nombre) values ('FB303','CALCULO MULTIVARIABLE');
insert into cursos (codigo, nombre) values ('FB305','ESTADISTICA Y PROBABILIDADES');
insert into cursos (codigo, nombre) values ('FB401','FISICA II');
insert into cursos (codigo, nombre) values ('FB402','CALCULO NUMERICO');
insert into cursos (codigo, nombre) values ('FB403','ECUACIONES DIFERENCIALES');
insert into cursos (codigo, nombre) values ('FB405','ESTADISTICA APLICADA');
insert into cursos (codigo, nombre) values ('FB501','MATEMATICA APLICADA');
insert into cursos (codigo, nombre) values ('GE001','PROYECTO DE TESIS EN ING. INDUSTRIAL 2');
insert into cursos (codigo, nombre) values ('GE101','INTRODUCCION A INGENIERIA INDUSTRIAL');
insert into cursos (codigo, nombre) values ('GE112','TEORIA DE JUEGOS Y LA NEGOCIACION');
insert into cursos (codigo, nombre) values ('GE113','TALLER DE CONSULTORIA DE EMPRESAS');
insert into cursos (codigo, nombre) values ('GE121','DISEÑO Y DISPOSICIÓN DE PLANTA');
insert into cursos (codigo, nombre) values ('GE122','SISTEMAS DE COSTOS');
insert into cursos (codigo, nombre) values ('GE124','COMERCIO INTERNACIONAL');
insert into cursos (codigo, nombre) values ('GE128','DIAGNOSTICO  DE EMPRESAS');
insert into cursos (codigo, nombre) values ('GE501','TEORIA ORGANIZACIONAL');
insert into cursos (codigo, nombre) values ('GE502','INGENIERIA DEL TRABAJO I');
insert into cursos (codigo, nombre) values ('GE602','CONTABILIDAD FINANCIERA');
insert into cursos (codigo, nombre) values ('GE603','INGENIERIA DEL TRABAJO II');
insert into cursos (codigo, nombre) values ('GE604','ADMINISTRACION Y ORGANIZACION');
insert into cursos (codigo, nombre) values ('GE605','SISTEMA Y GESTION FINANCIERA');
insert into cursos (codigo, nombre) values ('GE701','LOGISTICA EMPRESARIAL');
insert into cursos (codigo, nombre) values ('GE702','INGENIERIA ECONOMICA');
insert into cursos (codigo, nombre) values ('GE703','SISTEMAS INTEGRADOS EMPRESARIALES');
insert into cursos (codigo, nombre) values ('GE704','CONTABILIDAD DE COSTOS Y PRESUPUESTOS');
insert into cursos (codigo, nombre) values ('GE709','SISTEMAS DE CALIDAD');
insert into cursos (codigo, nombre) values ('GE801','PLANEAMIENTO Y  GESTION ESTRATEGICA');
insert into cursos (codigo, nombre) values ('GE802','GESTION DE LA CADENA DE SUMINISTROS');
insert into cursos (codigo, nombre) values ('GE803','SISTEMAS ANALITICOS');
insert into cursos (codigo, nombre) values ('GE805','MERCADOTECNIA');
insert into cursos (codigo, nombre) values ('GE901','INNOVACION Y EMPRENDIMIENTO DE NEGOCIOS');
insert into cursos (codigo, nombre) values ('GE902','DISEÑO Y EVALUACION DE PROYECTOS');
insert into cursos (codigo, nombre) values ('GE903','GESTION DEL TALENTO HUMANO');
insert into cursos (codigo, nombre) values ('GE904','PROYECTO DE TESIS EN ING. INDUSTRIAL I');
insert into cursos (codigo, nombre) values ('GE905','PLANEAMIENTO Y CONTROL DE OPERACIONES');
insert into cursos (codigo, nombre) values ('GE906','GESTION FINANCIERA');
insert into cursos (codigo, nombre) values ('HU102','DESARROLLO PERSONAL');
insert into cursos (codigo, nombre) values ('HU111','LEGISLACION EMPRESARIAL Y TRIBUTARIA');
insert into cursos (codigo, nombre) values ('HU112','COMPORTAMIENTO ORGANIZACIONAL');
insert into cursos (codigo, nombre) values ('HU201','SOCIOLOGIA');
insert into cursos (codigo, nombre) values ('HU301','METODOLOGIA DE LA INVESTIGACION');
insert into cursos (codigo, nombre) values ('SI035','PROYECTO DE TESIS EN INGENIERIA DE SISTEMAS II');
insert into cursos (codigo, nombre) values ('SI055','GESTION DE PROYECTOS');
insert into cursos (codigo, nombre) values ('SI075','AUDITORIA DE SISTEMAS');
insert into cursos (codigo, nombre) values ('SI077','INTELIGENCIA ARTIFICIAL');
insert into cursos (codigo, nombre) values ('SI085','APLICACION DE NEGOCIOS ELECTRONICOS');
insert into cursos (codigo, nombre) values ('SI095','INGENIERIA EMPRESARIAL');
insert into cursos (codigo, nombre) values ('SI101','INTRODUCCION AL PENSAMIENTO Y A LA INGENIERIA DE SISTEMAS');
insert into cursos (codigo, nombre) values ('SI111','TEORIA DE DECISIONES');
insert into cursos (codigo, nombre) values ('SI114','BASE DE DATOS');
insert into cursos (codigo, nombre) values ('SI150','ANALITICA DE DATOS');
insert into cursos (codigo, nombre) values ('SI155','CIBERSEGURIDAD');
insert into cursos (codigo, nombre) values ('SI201','PSICOLOGIA SISTEMICA');
insert into cursos (codigo, nombre) values ('SI203','TEORIA Y CIENCIA DE SISTEMAS');
insert into cursos (codigo, nombre) values ('SI204','TEORIA GENERAL DE SISTEMAS');
insert into cursos (codigo, nombre) values ('SI205','ALGORITMIA Y ESTRUCTURA DE DATOS');
insert into cursos (codigo, nombre) values ('SI207','SISTEMAS BIOLOGICOS Y ECOLOGICOS');
insert into cursos (codigo, nombre) values ('SI301','TEORIA Y CIENCIA DE SISTEMAS APLICADA');
insert into cursos (codigo, nombre) values ('SI302','PROGRAMACION ORIENTADA A OBJETOS');
insert into cursos (codigo, nombre) values ('SI401','LENGUAJE DE PROGRAMACION');
insert into cursos (codigo, nombre) values ('SI403','METODOLOGIA DE LOS SISTEMAS BLANDOS');
insert into cursos (codigo, nombre) values ('SI405','MODELADO CONCEPTUAL DE DATOS');
insert into cursos (codigo, nombre) values ('SI501','INVESTIGACION DE OPERACIONES I');
insert into cursos (codigo, nombre) values ('SI503','INGENIERIA DE PROCESOS');
insert into cursos (codigo, nombre) values ('SI505','DISEÑO DE BASE DE DATOS');
insert into cursos (codigo, nombre) values ('SI601','INVESTIGACION DE OPERACIONES II');
insert into cursos (codigo, nombre) values ('SI602','DINAMICA DE SISTEMAS');
insert into cursos (codigo, nombre) values ('SI603','MODELADO DE PROCESOS DE CICLO DE VIDA DE SISTEMAS');
insert into cursos (codigo, nombre) values ('SI604','ANALISIS Y DISEÑO DE SISTEMAS');
insert into cursos (codigo, nombre) values ('SI605','ARQUITECTURA EMPRESARIAL');
insert into cursos (codigo, nombre) values ('SI607','ARQUITECTURA COMPUTACIONAL Y REDES');
insert into cursos (codigo, nombre) values ('SI701','MODELADO SISTEMICO Y SIMULACION');
insert into cursos (codigo, nombre) values ('SI702','TALLER DE DINAMICA DE SISTEMAS');
insert into cursos (codigo, nombre) values ('SI704','GESTION DE LA INGENIERIA DE SISTEMAS');
insert into cursos (codigo, nombre) values ('SI705','ESTANDARES DE LA INGENIERIA DE SISTEMAS');
insert into cursos (codigo, nombre) values ('SI707','INGENIERIA DE SOFTWARE');
insert into cursos (codigo, nombre) values ('SI801','MODELO DEL SISTEMA VIABLE');
insert into cursos (codigo, nombre) values ('SI805','INTEGRACION DE SISTEMAS');
insert into cursos (codigo, nombre) values ('SI806','DESARROLLO ADAPTATIVO E INTEGRADO DE SOFTWARE');
insert into cursos (codigo, nombre) values ('SI807','SISTEMAS DE INTELIGENCIA DE NEGOCIOS');
insert into cursos (codigo, nombre) values ('SI901','PROYECTO DE TESIS EN INGENIERIA DE SISTEMAS I');
insert into cursos (codigo, nombre) values ('SI902','INGENIERIA DE SISTEMAS DE SERVICIO');
insert into cursos (codigo, nombre) values ('SI903','IMPLEMENTACIÓN DE SISTEMAS');
insert into cursos (codigo, nombre) values ('SI904','SEGURIDAD DE SISTEMAS');
insert into cursos (codigo, nombre) values ('TE101','DIBUJO DE INGENIERIA');
insert into cursos (codigo, nombre) values ('TE111','INNOVACION Y GESTION TECNOLOGICA');
insert into cursos (codigo, nombre) values ('TE121','ERGONOMIA');
insert into cursos (codigo, nombre) values ('TE122','PROCESOS AGROINDUSTRIALES');
insert into cursos (codigo, nombre) values ('TE124','GESTION DE LA ENERGIA');
insert into cursos (codigo, nombre) values ('TE125','LEAN MANUFACTURING');
insert into cursos (codigo, nombre) values ('TE126','GESTION DEL MANTENIMIENTO');
insert into cursos (codigo, nombre) values ('TE301','FISICO QUIMICA Y OPERACIONES UNITARIAS');
insert into cursos (codigo, nombre) values ('TE302','DISEÑO ASISTIDO POR COMPUTADOR');
insert into cursos (codigo, nombre) values ('TE401','TERMODINAMICA');
insert into cursos (codigo, nombre) values ('TE501','ELECTRICIDAD Y ELECTRONICA INDUSTRIAL');
insert into cursos (codigo, nombre) values ('TE503','PROCESOS INDUSTRIALES I');
insert into cursos (codigo, nombre) values ('TE601','INGENIERIA DE MATERIALES');
insert into cursos (codigo, nombre) values ('TE602','PROCESOS INDUSTRIALES II');
insert into cursos (codigo, nombre) values ('TE603','CONTROL ESTADISTICO DE PROCESOS');
insert into cursos (codigo, nombre) values ('TE604','MAQUINARIA E INSTRUMENTACION INDUSTRIAL');
insert into cursos (codigo, nombre) values ('TE701','ANALISIS DE PROCESOS DE MANUFACTURA');
insert into cursos (codigo, nombre) values ('TE801','AUTOMATIZACION Y CONTROL DE PROCESOS');
insert into cursos (codigo, nombre) values ('TE802','INGENIERIA DEL PRODUCTO');
insert into cursos (codigo, nombre) values ('TE803','SISTEMAS INTEGRADOS DE CALIDAD');
insert into cursos (codigo, nombre) values ('TE901','SEGURIDAD Y SALUD OCUPACIONAL');

insert into curso_seccion (seccion, codigo_curso, curso_seccion) VALUES ('U','BEF01','BEF01U');
insert into curso_seccion (seccion, codigo_curso, curso_seccion) VALUES ('V','BEF01','BEF01V');
insert into curso_seccion (seccion, codigo_curso, curso_seccion) VALUES ('W','BEF01','BEF01W');
insert into curso_seccion (seccion, codigo_curso, curso_seccion) VALUES ('X','BEF01','BEF01X');
insert into curso_seccion (seccion, codigo_curso, curso_seccion) VALUES ('Y','BEF01','BEF01Y');
insert into curso_seccion (seccion, codigo_curso, curso_seccion) VALUES ('U','BEG01','BEG01U');
insert into curso_seccion (seccion, codigo_curso, curso_seccion) VALUES ('V','BEG01','BEG01V');
insert into curso_seccion (seccion, codigo_curso, curso_seccion) VALUES ('W','BEG01','BEG01W');
insert into curso_seccion (seccion, codigo_curso, curso_seccion) VALUES ('X','BEG01','BEG01X');
insert into curso_seccion (seccion, codigo_curso, curso_seccion) VALUES ('A','BFI01','BFI01A');
insert into curso_seccion (seccion, codigo_curso, curso_seccion) VALUES ('U','BFI01','BFI01U');
insert into curso_seccion (seccion, codigo_curso, curso_seccion) VALUES ('V','BFI01','BFI01V');
insert into curso_seccion (seccion, codigo_curso, curso_seccion) VALUES ('W','BFI01','BFI01W');
insert into curso_seccion (seccion, codigo_curso, curso_seccion) VALUES ('X','BFI01','BFI01X');
insert into curso_seccion (seccion, codigo_curso, curso_seccion) VALUES ('Y','BFI01','BFI01Y');
insert into curso_seccion (seccion, codigo_curso, curso_seccion) VALUES ('Z','BFI01','BFI01Z');
insert into curso_seccion (seccion, codigo_curso, curso_seccion) VALUES ('A','BIC01','BIC01A');
insert into curso_seccion (seccion, codigo_curso, curso_seccion) VALUES ('B','BIC01','BIC01B');
insert into curso_seccion (seccion, codigo_curso, curso_seccion) VALUES ('U','BIC01','BIC01U');
insert into curso_seccion (seccion, codigo_curso, curso_seccion) VALUES ('V','BIC01','BIC01V');
insert into curso_seccion (seccion, codigo_curso, curso_seccion) VALUES ('W','BIC01','BIC01W');
insert into curso_seccion (seccion, codigo_curso, curso_seccion) VALUES ('X','BIC01','BIC01X');
insert into curso_seccion (seccion, codigo_curso, curso_seccion) VALUES ('Y','BIC01','BIC01Y');
insert into curso_seccion (seccion, codigo_curso, curso_seccion) VALUES ('Z','BIC01','BIC01Z');
insert into curso_seccion (seccion, codigo_curso, curso_seccion) VALUES ('U','BMA01','BMA01U');
insert into curso_seccion (seccion, codigo_curso, curso_seccion) VALUES ('V','BMA01','BMA01V');
insert into curso_seccion (seccion, codigo_curso, curso_seccion) VALUES ('W','BMA01','BMA01W');
insert into curso_seccion (seccion, codigo_curso, curso_seccion) VALUES ('X','BMA01','BMA01X');
insert into curso_seccion (seccion, codigo_curso, curso_seccion) VALUES ('Y','BMA01','BMA01Y');
insert into curso_seccion (seccion, codigo_curso, curso_seccion) VALUES ('Z','BMA01','BMA01Z');
insert into curso_seccion (seccion, codigo_curso, curso_seccion) VALUES ('U','BMA02','BMA02U');
insert into curso_seccion (seccion, codigo_curso, curso_seccion) VALUES ('V','BMA02','BMA02V');
insert into curso_seccion (seccion, codigo_curso, curso_seccion) VALUES ('W','BMA02','BMA02W');
insert into curso_seccion (seccion, codigo_curso, curso_seccion) VALUES ('X','BMA02','BMA02X');
insert into curso_seccion (seccion, codigo_curso, curso_seccion) VALUES ('Y','BMA02','BMA02Y');
insert into curso_seccion (seccion, codigo_curso, curso_seccion) VALUES ('Z','BMA02','BMA02Z');
insert into curso_seccion (seccion, codigo_curso, curso_seccion) VALUES ('U','BMA03','BMA03U');
insert into curso_seccion (seccion, codigo_curso, curso_seccion) VALUES ('V','BMA03','BMA03V');
insert into curso_seccion (seccion, codigo_curso, curso_seccion) VALUES ('W','BMA03','BMA03W');
insert into curso_seccion (seccion, codigo_curso, curso_seccion) VALUES ('X','BMA03','BMA03X');
insert into curso_seccion (seccion, codigo_curso, curso_seccion) VALUES ('Y','BMA03','BMA03Y');
insert into curso_seccion (seccion, codigo_curso, curso_seccion) VALUES ('Z','BMA03','BMA03Z');
insert into curso_seccion (seccion, codigo_curso, curso_seccion) VALUES ('A','BQU01','BQU01A');
insert into curso_seccion (seccion, codigo_curso, curso_seccion) VALUES ('U','BQU01','BQU01U');
insert into curso_seccion (seccion, codigo_curso, curso_seccion) VALUES ('V','BQU01','BQU01V');
insert into curso_seccion (seccion, codigo_curso, curso_seccion) VALUES ('W','BQU01','BQU01W');
insert into curso_seccion (seccion, codigo_curso, curso_seccion) VALUES ('X','BQU01','BQU01X');
insert into curso_seccion (seccion, codigo_curso, curso_seccion) VALUES ('Y','BQU01','BQU01Y');
insert into curso_seccion (seccion, codigo_curso, curso_seccion) VALUES ('Z','BQU01','BQU01Z');
insert into curso_seccion (seccion, codigo_curso, curso_seccion) VALUES ('U','BRC01','BRC01U');
insert into curso_seccion (seccion, codigo_curso, curso_seccion) VALUES ('V','BRC01','BRC01V');
insert into curso_seccion (seccion, codigo_curso, curso_seccion) VALUES ('W','BRC01','BRC01W');
insert into curso_seccion (seccion, codigo_curso, curso_seccion) VALUES ('X','BRC01','BRC01X');
insert into curso_seccion (seccion, codigo_curso, curso_seccion) VALUES ('Y','BRC01','BRC01Y');
insert into curso_seccion (seccion, codigo_curso, curso_seccion) VALUES ('Z','BRC01','BRC01Z');
insert into curso_seccion (seccion, codigo_curso, curso_seccion) VALUES ('U','BRN01','BRN01U');
insert into curso_seccion (seccion, codigo_curso, curso_seccion) VALUES ('V','BRN01','BRN01V');
insert into curso_seccion (seccion, codigo_curso, curso_seccion) VALUES ('W','BRN01','BRN01W');
insert into curso_seccion (seccion, codigo_curso, curso_seccion) VALUES ('X','BRN01','BRN01X');
insert into curso_seccion (seccion, codigo_curso, curso_seccion) VALUES ('Y','BRN01','BRN01Y');
insert into curso_seccion (seccion, codigo_curso, curso_seccion) VALUES ('A','FB101','FB101A');
insert into curso_seccion (seccion, codigo_curso, curso_seccion) VALUES ('U','FB101','FB101U');
insert into curso_seccion (seccion, codigo_curso, curso_seccion) VALUES ('V','FB101','FB101V');
insert into curso_seccion (seccion, codigo_curso, curso_seccion) VALUES ('W','FB101','FB101W');
insert into curso_seccion (seccion, codigo_curso, curso_seccion) VALUES ('X','FB101','FB101X');
insert into curso_seccion (seccion, codigo_curso, curso_seccion) VALUES ('Y','FB101','FB101Y');
insert into curso_seccion (seccion, codigo_curso, curso_seccion) VALUES ('Z','FB101','FB101Z');
insert into curso_seccion (seccion, codigo_curso, curso_seccion) VALUES ('U','FB202','FB202U');
insert into curso_seccion (seccion, codigo_curso, curso_seccion) VALUES ('V','FB202','FB202V');
insert into curso_seccion (seccion, codigo_curso, curso_seccion) VALUES ('W','FB202','FB202W');
insert into curso_seccion (seccion, codigo_curso, curso_seccion) VALUES ('X','FB202','FB202X');
insert into curso_seccion (seccion, codigo_curso, curso_seccion) VALUES ('U','FB301','FB301U');
insert into curso_seccion (seccion, codigo_curso, curso_seccion) VALUES ('V','FB301','FB301V');
insert into curso_seccion (seccion, codigo_curso, curso_seccion) VALUES ('W','FB301','FB301W');
insert into curso_seccion (seccion, codigo_curso, curso_seccion) VALUES ('X','FB301','FB301X');
insert into curso_seccion (seccion, codigo_curso, curso_seccion) VALUES ('U','FB303','FB303U');
insert into curso_seccion (seccion, codigo_curso, curso_seccion) VALUES ('V','FB303','FB303V');
insert into curso_seccion (seccion, codigo_curso, curso_seccion) VALUES ('W','FB303','FB303W');
insert into curso_seccion (seccion, codigo_curso, curso_seccion) VALUES ('X','FB303','FB303X');
insert into curso_seccion (seccion, codigo_curso, curso_seccion) VALUES ('Y','FB303','FB303Y');
insert into curso_seccion (seccion, codigo_curso, curso_seccion) VALUES ('U','FB305','FB305U');
insert into curso_seccion (seccion, codigo_curso, curso_seccion) VALUES ('V','FB305','FB305V');
insert into curso_seccion (seccion, codigo_curso, curso_seccion) VALUES ('W','FB305','FB305W');
insert into curso_seccion (seccion, codigo_curso, curso_seccion) VALUES ('X','FB305','FB305X');
insert into curso_seccion (seccion, codigo_curso, curso_seccion) VALUES ('Y','FB305','FB305Y');
insert into curso_seccion (seccion, codigo_curso, curso_seccion) VALUES ('U','FB401','FB401U');
insert into curso_seccion (seccion, codigo_curso, curso_seccion) VALUES ('V','FB401','FB401V');
insert into curso_seccion (seccion, codigo_curso, curso_seccion) VALUES ('W','FB401','FB401W');
insert into curso_seccion (seccion, codigo_curso, curso_seccion) VALUES ('U','FB402','FB402U');
insert into curso_seccion (seccion, codigo_curso, curso_seccion) VALUES ('V','FB402','FB402V');
insert into curso_seccion (seccion, codigo_curso, curso_seccion) VALUES ('U','FB403','FB403U');
insert into curso_seccion (seccion, codigo_curso, curso_seccion) VALUES ('V','FB403','FB403V');
insert into curso_seccion (seccion, codigo_curso, curso_seccion) VALUES ('W','FB403','FB403W');
insert into curso_seccion (seccion, codigo_curso, curso_seccion) VALUES ('U','FB405','FB405U');
insert into curso_seccion (seccion, codigo_curso, curso_seccion) VALUES ('V','FB405','FB405V');
insert into curso_seccion (seccion, codigo_curso, curso_seccion) VALUES ('U','FB501','FB501U');
insert into curso_seccion (seccion, codigo_curso, curso_seccion) VALUES ('U','GE001','GE001U');
insert into curso_seccion (seccion, codigo_curso, curso_seccion) VALUES ('V','GE001','GE001V');
insert into curso_seccion (seccion, codigo_curso, curso_seccion) VALUES ('W','GE001','GE001W');
insert into curso_seccion (seccion, codigo_curso, curso_seccion) VALUES ('U','GE101','GE101U');
insert into curso_seccion (seccion, codigo_curso, curso_seccion) VALUES ('V','GE101','GE101V');
insert into curso_seccion (seccion, codigo_curso, curso_seccion) VALUES ('W','GE101','GE101W');
insert into curso_seccion (seccion, codigo_curso, curso_seccion) VALUES ('U','GE112','GE112U');
insert into curso_seccion (seccion, codigo_curso, curso_seccion) VALUES ('V','GE112','GE112V');
insert into curso_seccion (seccion, codigo_curso, curso_seccion) VALUES ('U','GE113','GE113U');
insert into curso_seccion (seccion, codigo_curso, curso_seccion) VALUES ('U','GE121','GE121U');
insert into curso_seccion (seccion, codigo_curso, curso_seccion) VALUES ('U','GE122','GE122U');
insert into curso_seccion (seccion, codigo_curso, curso_seccion) VALUES ('V','GE124','GE124V');
insert into curso_seccion (seccion, codigo_curso, curso_seccion) VALUES ('U','GE128','GE128U');
insert into curso_seccion (seccion, codigo_curso, curso_seccion) VALUES ('U','GE501','GE501U');
insert into curso_seccion (seccion, codigo_curso, curso_seccion) VALUES ('V','GE501','GE501V');
insert into curso_seccion (seccion, codigo_curso, curso_seccion) VALUES ('U','GE502','GE502U');
insert into curso_seccion (seccion, codigo_curso, curso_seccion) VALUES ('V','GE502','GE502V');
insert into curso_seccion (seccion, codigo_curso, curso_seccion) VALUES ('W','GE502','GE502W');
insert into curso_seccion (seccion, codigo_curso, curso_seccion) VALUES ('U','GE602','GE602U');
insert into curso_seccion (seccion, codigo_curso, curso_seccion) VALUES ('V','GE602','GE602V');
insert into curso_seccion (seccion, codigo_curso, curso_seccion) VALUES ('W','GE602','GE602W');
insert into curso_seccion (seccion, codigo_curso, curso_seccion) VALUES ('U','GE603','GE603U');
insert into curso_seccion (seccion, codigo_curso, curso_seccion) VALUES ('U','GE604','GE604U');
insert into curso_seccion (seccion, codigo_curso, curso_seccion) VALUES ('V','GE604','GE604V');
insert into curso_seccion (seccion, codigo_curso, curso_seccion) VALUES ('U','GE605','GE605U');
insert into curso_seccion (seccion, codigo_curso, curso_seccion) VALUES ('U','GE701','GE701U');
insert into curso_seccion (seccion, codigo_curso, curso_seccion) VALUES ('V','GE701','GE701V');
insert into curso_seccion (seccion, codigo_curso, curso_seccion) VALUES ('U','GE702','GE702U');
insert into curso_seccion (seccion, codigo_curso, curso_seccion) VALUES ('V','GE702','GE702V');
insert into curso_seccion (seccion, codigo_curso, curso_seccion) VALUES ('U','GE703','GE703U');
insert into curso_seccion (seccion, codigo_curso, curso_seccion) VALUES ('V','GE703','GE703V');
insert into curso_seccion (seccion, codigo_curso, curso_seccion) VALUES ('U','GE704','GE704U');
insert into curso_seccion (seccion, codigo_curso, curso_seccion) VALUES ('V','GE704','GE704V');
insert into curso_seccion (seccion, codigo_curso, curso_seccion) VALUES ('U','GE709','GE709U');
insert into curso_seccion (seccion, codigo_curso, curso_seccion) VALUES ('U','GE801','GE801U');
insert into curso_seccion (seccion, codigo_curso, curso_seccion) VALUES ('V','GE801','GE801V');
insert into curso_seccion (seccion, codigo_curso, curso_seccion) VALUES ('W','GE801','GE801W');
insert into curso_seccion (seccion, codigo_curso, curso_seccion) VALUES ('X','GE801','GE801X');
insert into curso_seccion (seccion, codigo_curso, curso_seccion) VALUES ('U','GE802','GE802U');
insert into curso_seccion (seccion, codigo_curso, curso_seccion) VALUES ('V','GE802','GE802V');
insert into curso_seccion (seccion, codigo_curso, curso_seccion) VALUES ('U','GE803','GE803U');
insert into curso_seccion (seccion, codigo_curso, curso_seccion) VALUES ('V','GE803','GE803V');
insert into curso_seccion (seccion, codigo_curso, curso_seccion) VALUES ('U','GE805','GE805U');
insert into curso_seccion (seccion, codigo_curso, curso_seccion) VALUES ('V','GE805','GE805V');
insert into curso_seccion (seccion, codigo_curso, curso_seccion) VALUES ('W','GE805','GE805W');
insert into curso_seccion (seccion, codigo_curso, curso_seccion) VALUES ('U','GE901','GE901U');
insert into curso_seccion (seccion, codigo_curso, curso_seccion) VALUES ('V','GE901','GE901V');
insert into curso_seccion (seccion, codigo_curso, curso_seccion) VALUES ('W','GE901','GE901W');
insert into curso_seccion (seccion, codigo_curso, curso_seccion) VALUES ('U','GE902','GE902U');
insert into curso_seccion (seccion, codigo_curso, curso_seccion) VALUES ('V','GE902','GE902V');
insert into curso_seccion (seccion, codigo_curso, curso_seccion) VALUES ('W','GE902','GE902W');
insert into curso_seccion (seccion, codigo_curso, curso_seccion) VALUES ('X','GE902','GE902X');
insert into curso_seccion (seccion, codigo_curso, curso_seccion) VALUES ('Y','GE902','GE902Y');
insert into curso_seccion (seccion, codigo_curso, curso_seccion) VALUES ('U','GE903','GE903U');
insert into curso_seccion (seccion, codigo_curso, curso_seccion) VALUES ('V','GE903','GE903V');
insert into curso_seccion (seccion, codigo_curso, curso_seccion) VALUES ('W','GE903','GE903W');
insert into curso_seccion (seccion, codigo_curso, curso_seccion) VALUES ('U','GE904','GE904U');
insert into curso_seccion (seccion, codigo_curso, curso_seccion) VALUES ('V','GE904','GE904V');
insert into curso_seccion (seccion, codigo_curso, curso_seccion) VALUES ('W','GE904','GE904W');
insert into curso_seccion (seccion, codigo_curso, curso_seccion) VALUES ('X','GE904','GE904X');
insert into curso_seccion (seccion, codigo_curso, curso_seccion) VALUES ('U','GE905','GE905U');
insert into curso_seccion (seccion, codigo_curso, curso_seccion) VALUES ('V','GE905','GE905V');
insert into curso_seccion (seccion, codigo_curso, curso_seccion) VALUES ('U','GE906','GE906U');
insert into curso_seccion (seccion, codigo_curso, curso_seccion) VALUES ('V','GE906','GE906V');
insert into curso_seccion (seccion, codigo_curso, curso_seccion) VALUES ('W','GE906','GE906W');
insert into curso_seccion (seccion, codigo_curso, curso_seccion) VALUES ('U','HU102','HU102U');
insert into curso_seccion (seccion, codigo_curso, curso_seccion) VALUES ('V','HU102','HU102V');
insert into curso_seccion (seccion, codigo_curso, curso_seccion) VALUES ('W','HU102','HU102W');
insert into curso_seccion (seccion, codigo_curso, curso_seccion) VALUES ('X','HU102','HU102X');
insert into curso_seccion (seccion, codigo_curso, curso_seccion) VALUES ('Y','HU102','HU102Y');
insert into curso_seccion (seccion, codigo_curso, curso_seccion) VALUES ('U','HU111','HU111U');
insert into curso_seccion (seccion, codigo_curso, curso_seccion) VALUES ('V','HU111','HU111V');
insert into curso_seccion (seccion, codigo_curso, curso_seccion) VALUES ('W','HU111','HU111W');
insert into curso_seccion (seccion, codigo_curso, curso_seccion) VALUES ('U','HU112','HU112U');
insert into curso_seccion (seccion, codigo_curso, curso_seccion) VALUES ('U','HU201','HU201U');
insert into curso_seccion (seccion, codigo_curso, curso_seccion) VALUES ('V','HU201','HU201V');
insert into curso_seccion (seccion, codigo_curso, curso_seccion) VALUES ('W','HU201','HU201W');
insert into curso_seccion (seccion, codigo_curso, curso_seccion) VALUES ('U','HU301','HU301U');
insert into curso_seccion (seccion, codigo_curso, curso_seccion) VALUES ('V','HU301','HU301V');
insert into curso_seccion (seccion, codigo_curso, curso_seccion) VALUES ('W','HU301','HU301W');
insert into curso_seccion (seccion, codigo_curso, curso_seccion) VALUES ('X','HU301','HU301X');
insert into curso_seccion (seccion, codigo_curso, curso_seccion) VALUES ('U','SI035','SI035U');
insert into curso_seccion (seccion, codigo_curso, curso_seccion) VALUES ('V','SI035','SI035V');
insert into curso_seccion (seccion, codigo_curso, curso_seccion) VALUES ('W','SI035','SI035W');
insert into curso_seccion (seccion, codigo_curso, curso_seccion) VALUES ('U','SI055','SI055U');
insert into curso_seccion (seccion, codigo_curso, curso_seccion) VALUES ('V','SI055','SI055V');
insert into curso_seccion (seccion, codigo_curso, curso_seccion) VALUES ('U','SI075','SI075U');
insert into curso_seccion (seccion, codigo_curso, curso_seccion) VALUES ('V','SI075','SI075V');
insert into curso_seccion (seccion, codigo_curso, curso_seccion) VALUES ('U','SI077','SI077U');
insert into curso_seccion (seccion, codigo_curso, curso_seccion) VALUES ('U','SI085','SI085U');
insert into curso_seccion (seccion, codigo_curso, curso_seccion) VALUES ('V','SI085','SI085V');
insert into curso_seccion (seccion, codigo_curso, curso_seccion) VALUES ('U','SI095','SI095U');
insert into curso_seccion (seccion, codigo_curso, curso_seccion) VALUES ('V','SI095','SI095V');
insert into curso_seccion (seccion, codigo_curso, curso_seccion) VALUES ('W','SI095','SI095W');
insert into curso_seccion (seccion, codigo_curso, curso_seccion) VALUES ('U','SI101','SI101U');
insert into curso_seccion (seccion, codigo_curso, curso_seccion) VALUES ('V','SI101','SI101V');
insert into curso_seccion (seccion, codigo_curso, curso_seccion) VALUES ('W','SI101','SI101W');
insert into curso_seccion (seccion, codigo_curso, curso_seccion) VALUES ('U','SI111','SI111U');
insert into curso_seccion (seccion, codigo_curso, curso_seccion) VALUES ('V','SI111','SI111V');
insert into curso_seccion (seccion, codigo_curso, curso_seccion) VALUES ('U','SI114','SI114U');
insert into curso_seccion (seccion, codigo_curso, curso_seccion) VALUES ('V','SI114','SI114V');
insert into curso_seccion (seccion, codigo_curso, curso_seccion) VALUES ('U','SI150','SI150U');
insert into curso_seccion (seccion, codigo_curso, curso_seccion) VALUES ('U','SI155','SI155U');
insert into curso_seccion (seccion, codigo_curso, curso_seccion) VALUES ('V','SI155','SI155V');
insert into curso_seccion (seccion, codigo_curso, curso_seccion) VALUES ('U','SI201','SI201U');
insert into curso_seccion (seccion, codigo_curso, curso_seccion) VALUES ('V','SI201','SI201V');
insert into curso_seccion (seccion, codigo_curso, curso_seccion) VALUES ('W','SI201','SI201W');
insert into curso_seccion (seccion, codigo_curso, curso_seccion) VALUES ('U','SI203','SI203U');
insert into curso_seccion (seccion, codigo_curso, curso_seccion) VALUES ('V','SI203','SI203V');
insert into curso_seccion (seccion, codigo_curso, curso_seccion) VALUES ('W','SI203','SI203W');
insert into curso_seccion (seccion, codigo_curso, curso_seccion) VALUES ('Z','SI203','SI203Z');
insert into curso_seccion (seccion, codigo_curso, curso_seccion) VALUES ('U','SI204','SI204U');
insert into curso_seccion (seccion, codigo_curso, curso_seccion) VALUES ('V','SI204','SI204V');
insert into curso_seccion (seccion, codigo_curso, curso_seccion) VALUES ('W','SI204','SI204W');
insert into curso_seccion (seccion, codigo_curso, curso_seccion) VALUES ('U','SI205','SI205U');
insert into curso_seccion (seccion, codigo_curso, curso_seccion) VALUES ('V','SI205','SI205V');
insert into curso_seccion (seccion, codigo_curso, curso_seccion) VALUES ('W','SI205','SI205W');
insert into curso_seccion (seccion, codigo_curso, curso_seccion) VALUES ('U','SI207','SI207U');
insert into curso_seccion (seccion, codigo_curso, curso_seccion) VALUES ('V','SI207','SI207V');
insert into curso_seccion (seccion, codigo_curso, curso_seccion) VALUES ('W','SI207','SI207W');
insert into curso_seccion (seccion, codigo_curso, curso_seccion) VALUES ('U','SI301','SI301U');
insert into curso_seccion (seccion, codigo_curso, curso_seccion) VALUES ('V','SI301','SI301V');
insert into curso_seccion (seccion, codigo_curso, curso_seccion) VALUES ('W','SI301','SI301W');
insert into curso_seccion (seccion, codigo_curso, curso_seccion) VALUES ('U','SI302','SI302U');
insert into curso_seccion (seccion, codigo_curso, curso_seccion) VALUES ('V','SI302','SI302V');
insert into curso_seccion (seccion, codigo_curso, curso_seccion) VALUES ('W','SI302','SI302W');
insert into curso_seccion (seccion, codigo_curso, curso_seccion) VALUES ('U','SI401','SI401U');
insert into curso_seccion (seccion, codigo_curso, curso_seccion) VALUES ('V','SI401','SI401V');
insert into curso_seccion (seccion, codigo_curso, curso_seccion) VALUES ('V','SI403','SI403V');
insert into curso_seccion (seccion, codigo_curso, curso_seccion) VALUES ('W','SI403','SI403W');
insert into curso_seccion (seccion, codigo_curso, curso_seccion) VALUES ('U','SI405','SI405U');
insert into curso_seccion (seccion, codigo_curso, curso_seccion) VALUES ('V','SI405','SI405V');
insert into curso_seccion (seccion, codigo_curso, curso_seccion) VALUES ('U','SI501','SI501U');
insert into curso_seccion (seccion, codigo_curso, curso_seccion) VALUES ('V','SI501','SI501V');
insert into curso_seccion (seccion, codigo_curso, curso_seccion) VALUES ('X','SI501','SI501X');
insert into curso_seccion (seccion, codigo_curso, curso_seccion) VALUES ('U','SI503','SI503U');
insert into curso_seccion (seccion, codigo_curso, curso_seccion) VALUES ('V','SI503','SI503V');
insert into curso_seccion (seccion, codigo_curso, curso_seccion) VALUES ('W','SI503','SI503W');
insert into curso_seccion (seccion, codigo_curso, curso_seccion) VALUES ('U','SI505','SI505U');
insert into curso_seccion (seccion, codigo_curso, curso_seccion) VALUES ('V','SI505','SI505V');
insert into curso_seccion (seccion, codigo_curso, curso_seccion) VALUES ('U','SI601','SI601U');
insert into curso_seccion (seccion, codigo_curso, curso_seccion) VALUES ('V','SI601','SI601V');
insert into curso_seccion (seccion, codigo_curso, curso_seccion) VALUES ('W','SI601','SI601W');
insert into curso_seccion (seccion, codigo_curso, curso_seccion) VALUES ('U','SI602','SI602U');
insert into curso_seccion (seccion, codigo_curso, curso_seccion) VALUES ('V','SI602','SI602V');
insert into curso_seccion (seccion, codigo_curso, curso_seccion) VALUES ('U','SI603','SI603U');
insert into curso_seccion (seccion, codigo_curso, curso_seccion) VALUES ('U','SI604','SI604U');
insert into curso_seccion (seccion, codigo_curso, curso_seccion) VALUES ('U','SI605','SI605U');
insert into curso_seccion (seccion, codigo_curso, curso_seccion) VALUES ('U','SI607','SI607U');
insert into curso_seccion (seccion, codigo_curso, curso_seccion) VALUES ('V','SI607','SI607V');
insert into curso_seccion (seccion, codigo_curso, curso_seccion) VALUES ('U','SI701','SI701U');
insert into curso_seccion (seccion, codigo_curso, curso_seccion) VALUES ('V','SI701','SI701V');
insert into curso_seccion (seccion, codigo_curso, curso_seccion) VALUES ('W','SI701','SI701W');
insert into curso_seccion (seccion, codigo_curso, curso_seccion) VALUES ('X','SI701','SI701X');
insert into curso_seccion (seccion, codigo_curso, curso_seccion) VALUES ('U','SI702','SI702U');
insert into curso_seccion (seccion, codigo_curso, curso_seccion) VALUES ('V','SI702','SI702V');
insert into curso_seccion (seccion, codigo_curso, curso_seccion) VALUES ('U','SI704','SI704U');
insert into curso_seccion (seccion, codigo_curso, curso_seccion) VALUES ('V','SI704','SI704V');
insert into curso_seccion (seccion, codigo_curso, curso_seccion) VALUES ('U','SI705','SI705U');
insert into curso_seccion (seccion, codigo_curso, curso_seccion) VALUES ('V','SI705','SI705V');
insert into curso_seccion (seccion, codigo_curso, curso_seccion) VALUES ('U','SI707','SI707U');
insert into curso_seccion (seccion, codigo_curso, curso_seccion) VALUES ('V','SI707','SI707V');
insert into curso_seccion (seccion, codigo_curso, curso_seccion) VALUES ('U','SI801','SI801U');
insert into curso_seccion (seccion, codigo_curso, curso_seccion) VALUES ('V','SI801','SI801V');
insert into curso_seccion (seccion, codigo_curso, curso_seccion) VALUES ('U','SI805','SI805U');
insert into curso_seccion (seccion, codigo_curso, curso_seccion) VALUES ('V','SI805','SI805V');
insert into curso_seccion (seccion, codigo_curso, curso_seccion) VALUES ('U','SI806','SI806U');
insert into curso_seccion (seccion, codigo_curso, curso_seccion) VALUES ('V','SI806','SI806V');
insert into curso_seccion (seccion, codigo_curso, curso_seccion) VALUES ('U','SI807','SI807U');
insert into curso_seccion (seccion, codigo_curso, curso_seccion) VALUES ('V','SI807','SI807V');
insert into curso_seccion (seccion, codigo_curso, curso_seccion) VALUES ('U','SI901','SI901U');
insert into curso_seccion (seccion, codigo_curso, curso_seccion) VALUES ('V','SI901','SI901V');
insert into curso_seccion (seccion, codigo_curso, curso_seccion) VALUES ('W','SI901','SI901W');
insert into curso_seccion (seccion, codigo_curso, curso_seccion) VALUES ('U','SI902','SI902U');
insert into curso_seccion (seccion, codigo_curso, curso_seccion) VALUES ('V','SI902','SI902V');
insert into curso_seccion (seccion, codigo_curso, curso_seccion) VALUES ('U','SI903','SI903U');
insert into curso_seccion (seccion, codigo_curso, curso_seccion) VALUES ('V','SI903','SI903V');
insert into curso_seccion (seccion, codigo_curso, curso_seccion) VALUES ('U','SI904','SI904U');
insert into curso_seccion (seccion, codigo_curso, curso_seccion) VALUES ('V','SI904','SI904V');
insert into curso_seccion (seccion, codigo_curso, curso_seccion) VALUES ('U','TE101','TE101U');
insert into curso_seccion (seccion, codigo_curso, curso_seccion) VALUES ('V','TE101','TE101V');
insert into curso_seccion (seccion, codigo_curso, curso_seccion) VALUES ('W','TE101','TE101W');
insert into curso_seccion (seccion, codigo_curso, curso_seccion) VALUES ('X','TE101','TE101X');
insert into curso_seccion (seccion, codigo_curso, curso_seccion) VALUES ('Y','TE101','TE101Y');
insert into curso_seccion (seccion, codigo_curso, curso_seccion) VALUES ('U','TE111','TE111U');
insert into curso_seccion (seccion, codigo_curso, curso_seccion) VALUES ('V','TE111','TE111V');
insert into curso_seccion (seccion, codigo_curso, curso_seccion) VALUES ('U','TE121','TE121U');
insert into curso_seccion (seccion, codigo_curso, curso_seccion) VALUES ('U','TE122','TE122U');
insert into curso_seccion (seccion, codigo_curso, curso_seccion) VALUES ('U','TE124','TE124U');
insert into curso_seccion (seccion, codigo_curso, curso_seccion) VALUES ('U','TE125','TE125U');
insert into curso_seccion (seccion, codigo_curso, curso_seccion) VALUES ('U','TE126','TE126U');
insert into curso_seccion (seccion, codigo_curso, curso_seccion) VALUES ('U','TE301','TE301U');
insert into curso_seccion (seccion, codigo_curso, curso_seccion) VALUES ('V','TE301','TE301V');
insert into curso_seccion (seccion, codigo_curso, curso_seccion) VALUES ('U','TE302','TE302U');
insert into curso_seccion (seccion, codigo_curso, curso_seccion) VALUES ('V','TE302','TE302V');
insert into curso_seccion (seccion, codigo_curso, curso_seccion) VALUES ('U','TE401','TE401U');
insert into curso_seccion (seccion, codigo_curso, curso_seccion) VALUES ('V','TE401','TE401V');
insert into curso_seccion (seccion, codigo_curso, curso_seccion) VALUES ('U','TE501','TE501U');
insert into curso_seccion (seccion, codigo_curso, curso_seccion) VALUES ('V','TE501','TE501V');
insert into curso_seccion (seccion, codigo_curso, curso_seccion) VALUES ('U','TE503','TE503U');
insert into curso_seccion (seccion, codigo_curso, curso_seccion) VALUES ('V','TE503','TE503V');
insert into curso_seccion (seccion, codigo_curso, curso_seccion) VALUES ('U','TE601','TE601U');
insert into curso_seccion (seccion, codigo_curso, curso_seccion) VALUES ('V','TE601','TE601V');
insert into curso_seccion (seccion, codigo_curso, curso_seccion) VALUES ('U','TE602','TE602U');
insert into curso_seccion (seccion, codigo_curso, curso_seccion) VALUES ('V','TE602','TE602V');
insert into curso_seccion (seccion, codigo_curso, curso_seccion) VALUES ('W','TE602','TE602W');
insert into curso_seccion (seccion, codigo_curso, curso_seccion) VALUES ('U','TE603','TE603U');
insert into curso_seccion (seccion, codigo_curso, curso_seccion) VALUES ('U','TE604','TE604U');
insert into curso_seccion (seccion, codigo_curso, curso_seccion) VALUES ('V','TE604','TE604V');
insert into curso_seccion (seccion, codigo_curso, curso_seccion) VALUES ('U','TE701','TE701U');
insert into curso_seccion (seccion, codigo_curso, curso_seccion) VALUES ('V','TE701','TE701V');
insert into curso_seccion (seccion, codigo_curso, curso_seccion) VALUES ('W','TE701','TE701W');
insert into curso_seccion (seccion, codigo_curso, curso_seccion) VALUES ('U','TE801','TE801U');
insert into curso_seccion (seccion, codigo_curso, curso_seccion) VALUES ('V','TE801','TE801V');
insert into curso_seccion (seccion, codigo_curso, curso_seccion) VALUES ('W','TE801','TE801W');
insert into curso_seccion (seccion, codigo_curso, curso_seccion) VALUES ('U','TE802','TE802U');
insert into curso_seccion (seccion, codigo_curso, curso_seccion) VALUES ('V','TE802','TE802V');
insert into curso_seccion (seccion, codigo_curso, curso_seccion) VALUES ('W','TE802','TE802W');
insert into curso_seccion (seccion, codigo_curso, curso_seccion) VALUES ('U','TE803','TE803U');
insert into curso_seccion (seccion, codigo_curso, curso_seccion) VALUES ('V','TE803','TE803V');
insert into curso_seccion (seccion, codigo_curso, curso_seccion) VALUES ('U','TE901','TE901U');
insert into curso_seccion (seccion, codigo_curso, curso_seccion) VALUES ('V','TE901','TE901V');

insert into horarios(curso_seccion, dia, hora_ini, hora_fin, t_p, aula, docente) VALUES ('BEF01U','VI','8','9','T','S4-207','CAMPANA-AÑASCO-RILDO');
insert into horarios(curso_seccion, dia, hora_ini, hora_fin, t_p, aula, docente) VALUES ('BEF01U','VI','9','11','P','S4-207','CAMPANA-AÑASCO-RILDO');
insert into horarios(curso_seccion, dia, hora_ini, hora_fin, t_p, aula, docente) VALUES ('BEF01V','SA','8','9','T','S4-205','CAMPANA-AÑASCO-RILDO');
insert into horarios(curso_seccion, dia, hora_ini, hora_fin, t_p, aula, docente) VALUES ('BEF01V','SA','9','11','PRA','S4-205','CAMPANA-AÑASCO-RILDO');
insert into horarios(curso_seccion, dia, hora_ini, hora_fin, t_p, aula, docente) VALUES ('BEF01W','VI','16','17','T','S4-209','AYALA-FALCON-ELOY ELADIO');
insert into horarios(curso_seccion, dia, hora_ini, hora_fin, t_p, aula, docente) VALUES ('BEF01W','VI','17','19','P','S4-209','AYALA-FALCON-ELOY ELADIO');
insert into horarios(curso_seccion, dia, hora_ini, hora_fin, t_p, aula, docente) VALUES ('BEF01X','VI','8','9','T','S4-205','AYALA-FALCON-ELOY ELADIO');
insert into horarios(curso_seccion, dia, hora_ini, hora_fin, t_p, aula, docente) VALUES ('BEF01X','VI','9','11','PRA','S4-205','AYALA-FALCON-ELOY ELADIO');
insert into horarios(curso_seccion, dia, hora_ini, hora_fin, t_p, aula, docente) VALUES ('BEF01Y','JU','8','9','T','S4-205','SANCHEZ-HUARINGA-CARLOS');
insert into horarios(curso_seccion, dia, hora_ini, hora_fin, t_p, aula, docente) VALUES ('BEF01Y','JU','9','11','PRA','S4-205','SANCHEZ-HUARINGA-CARLOS');
insert into horarios(curso_seccion, dia, hora_ini, hora_fin, t_p, aula, docente) VALUES ('BEG01U','LU','8','10','T','S4-205','QUINTEROS-CHAVEZ-SILVIO');
insert into horarios(curso_seccion, dia, hora_ini, hora_fin, t_p, aula, docente) VALUES ('BEG01U','MI','8','10','PRA','S4-205','QUINTEROS-CHAVEZ-SILVIO');
insert into horarios(curso_seccion, dia, hora_ini, hora_fin, t_p, aula, docente) VALUES ('BEG01V','JU','10','12','PRA','S4-210','MIRANDA-TORRES-CESAR AURELIO');
insert into horarios(curso_seccion, dia, hora_ini, hora_fin, t_p, aula, docente) VALUES ('BEG01V','MA','10','12','T','S4-210','MIRANDA-TORRES-CESAR AURELIO');
insert into horarios(curso_seccion, dia, hora_ini, hora_fin, t_p, aula, docente) VALUES ('BEG01W','JU','14','16','PRA','S4-201','MONDRAGÓN-HERNÁNDEZ-MARGARITA DELICIA');
insert into horarios(curso_seccion, dia, hora_ini, hora_fin, t_p, aula, docente) VALUES ('BEG01W','MI','14','16','T','S4-201','MONDRAGÓN-HERNÁNDEZ-MARGARITA DELICIA');
insert into horarios(curso_seccion, dia, hora_ini, hora_fin, t_p, aula, docente) VALUES ('BEG01X','JU','14','16','PRA','S4-210','MIRANDA-TORRES-CESAR AURELIO');
insert into horarios(curso_seccion, dia, hora_ini, hora_fin, t_p, aula, docente) VALUES ('BEG01X','MA','14','16','T','S4-210','MIRANDA-TORRES-CESAR AURELIO');
insert into horarios(curso_seccion, dia, hora_ini, hora_fin, t_p, aula, docente) VALUES ('BFI01A','JU','18','20','T','S4-215','SAN BARTOLOME-MONTERO-JAIME');
insert into horarios(curso_seccion, dia, hora_ini, hora_fin, t_p, aula, docente) VALUES ('BFI01A','JU','16','18','LAB','S4-205','PEÑA-YALICO-VICENTE');
insert into horarios(curso_seccion, dia, hora_ini, hora_fin, t_p, aula, docente) VALUES ('BFI01A','JU','16','18','PRA','S4-205','SAN BARTOLOME-MONTERO-JAIME');
insert into horarios(curso_seccion, dia, hora_ini, hora_fin, t_p, aula, docente) VALUES ('BFI01A','MI','18','20','T','S4-205','SAN BARTOLOME-MONTERO-JAIME');
insert into horarios(curso_seccion, dia, hora_ini, hora_fin, t_p, aula, docente) VALUES ('BFI01U','MA','8','10','T','S4-110','ROMERO-AQUINO-JUAN CARLOS');
insert into horarios(curso_seccion, dia, hora_ini, hora_fin, t_p, aula, docente) VALUES ('BFI01U','MI','8','10','T','S4-110','ROMERO-AQUINO-JUAN CARLOS');
insert into horarios(curso_seccion, dia, hora_ini, hora_fin, t_p, aula, docente) VALUES ('BFI01U','MI','16','18','PRA','S4-216','PEÑA-YALICO-VICENTE');
insert into horarios(curso_seccion, dia, hora_ini, hora_fin, t_p, aula, docente) VALUES ('BFI01U','MI','16','18','LAB','S4-216','VALDIVIA-MENDOZA-HECTOR GIOVANNY');
insert into horarios(curso_seccion, dia, hora_ini, hora_fin, t_p, aula, docente) VALUES ('BFI01V','LU','14','16','T','S4-209','CAÑOTE-FAJARDO-PERCY VICTOR');
insert into horarios(curso_seccion, dia, hora_ini, hora_fin, t_p, aula, docente) VALUES ('BFI01V','MA','14','16','T','S4-211','CAÑOTE-FAJARDO-PERCY VICTOR');
insert into horarios(curso_seccion, dia, hora_ini, hora_fin, t_p, aula, docente) VALUES ('BFI01V','MI','12','14','PRA','S4-214','PEÑA-YALICO-VICENTE');
insert into horarios(curso_seccion, dia, hora_ini, hora_fin, t_p, aula, docente) VALUES ('BFI01V','MI','12','14','LAB','S4-214','SAN BARTOLOME-MONTERO-JAIME');
insert into horarios(curso_seccion, dia, hora_ini, hora_fin, t_p, aula, docente) VALUES ('BFI01W','JU','14','16','T','S4-216','VALDIVIA-MENDOZA-HECTOR GIOVANNY');
insert into horarios(curso_seccion, dia, hora_ini, hora_fin, t_p, aula, docente) VALUES ('BFI01W','LU','10','12','LAB','S4-203','MOSQUERA-MOLINA-MIGUEL ANGEL');
insert into horarios(curso_seccion, dia, hora_ini, hora_fin, t_p, aula, docente) VALUES ('BFI01W','LU','10','12','PRA','S4-203','PEÑA-YALICO-VICENTE');
insert into horarios(curso_seccion, dia, hora_ini, hora_fin, t_p, aula, docente) VALUES ('BFI01W','LU','16','18','T','S4-216','VALDIVIA-MENDOZA-HECTOR GIOVANNY');
insert into horarios(curso_seccion, dia, hora_ini, hora_fin, t_p, aula, docente) VALUES ('BFI01X','LU','14','16','T','S4-216','VALDIVIA-MENDOZA-HECTOR GIOVANNY');
insert into horarios(curso_seccion, dia, hora_ini, hora_fin, t_p, aula, docente) VALUES ('BFI01X','MI','10','12','PRA','S4-203','PEÑA-YALICO-VICENTE');
insert into horarios(curso_seccion, dia, hora_ini, hora_fin, t_p, aula, docente) VALUES ('BFI01X','MI','10','12','LAB','S4-203','SAN BARTOLOME-MONTERO-JAIME');
insert into horarios(curso_seccion, dia, hora_ini, hora_fin, t_p, aula, docente) VALUES ('BFI01X','MI','14','16','T','S4-216','VALDIVIA-MENDOZA-HECTOR GIOVANNY');
insert into horarios(curso_seccion, dia, hora_ini, hora_fin, t_p, aula, docente) VALUES ('BFI01Y','LU','16','18','T','S4-211','CAÑOTE-FAJARDO-PERCY VICTOR');
insert into horarios(curso_seccion, dia, hora_ini, hora_fin, t_p, aula, docente) VALUES ('BFI01Y','MA','16','18','PRA','S4-216','PEÑA-YALICO-VICENTE');
insert into horarios(curso_seccion, dia, hora_ini, hora_fin, t_p, aula, docente) VALUES ('BFI01Y','MA','16','18','LAB','S4-216','VALDIVIA-MENDOZA-HECTOR GIOVANNY');
insert into horarios(curso_seccion, dia, hora_ini, hora_fin, t_p, aula, docente) VALUES ('BFI01Y','VI','14','16','T','S4-211','CAÑOTE-FAJARDO-PERCY VICTOR');
insert into horarios(curso_seccion, dia, hora_ini, hora_fin, t_p, aula, docente) VALUES ('BFI01Z','LU','12','14','LAB','S4-214','MOSQUERA-MOLINA-MIGUEL ANGEL');
insert into horarios(curso_seccion, dia, hora_ini, hora_fin, t_p, aula, docente) VALUES ('BFI01Z','LU','12','14','PRA','S4-214','SALCEDO-TORRES-JOAQUIN MAGNOT');
insert into horarios(curso_seccion, dia, hora_ini, hora_fin, t_p, aula, docente) VALUES ('BFI01Z','MI','8','10','T','S4-213','MOSQUERA-MOLINA-MIGUEL ANGEL');
insert into horarios(curso_seccion, dia, hora_ini, hora_fin, t_p, aula, docente) VALUES ('BFI01Z','MI','12','14','T','S4-213','MOSQUERA-MOLINA-MIGUEL ANGEL');
insert into horarios(curso_seccion, dia, hora_ini, hora_fin, t_p, aula, docente) VALUES ('BIC01A','LU','17','18','T','S4-210','NN-');
insert into horarios(curso_seccion, dia, hora_ini, hora_fin, t_p, aula, docente) VALUES ('BIC01A','LU','18','20','PRA','S4-210','NN-');
insert into horarios(curso_seccion, dia, hora_ini, hora_fin, t_p, aula, docente) VALUES ('BIC01B','VI','17','18','T','S4-214','NN-');
insert into horarios(curso_seccion, dia, hora_ini, hora_fin, t_p, aula, docente) VALUES ('BIC01B','VI','18','20','PRA','S4-214','NN-');
insert into horarios(curso_seccion, dia, hora_ini, hora_fin, t_p, aula, docente) VALUES ('BIC01U','MI','9','11','PRA','LAB B','TORRE-CAMONES-ANIVAL ALFREDO');
insert into horarios(curso_seccion, dia, hora_ini, hora_fin, t_p, aula, docente) VALUES ('BIC01U','MI','8','9','T','LAB B','TORRE-CAMONES-ANIVAL ALFREDO');
insert into horarios(curso_seccion, dia, hora_ini, hora_fin, t_p, aula, docente) VALUES ('BIC01V','MA','8','9','T','LAB O','TORRE-CAMONES-ANIVAL ALFREDO');
insert into horarios(curso_seccion, dia, hora_ini, hora_fin, t_p, aula, docente) VALUES ('BIC01V','MA','9','11','PRA','LAB O','TORRE-CAMONES-ANIVAL ALFREDO');
insert into horarios(curso_seccion, dia, hora_ini, hora_fin, t_p, aula, docente) VALUES ('BIC01W','LU','18','19','T','LAB O','NN-');
insert into horarios(curso_seccion, dia, hora_ini, hora_fin, t_p, aula, docente) VALUES ('BIC01W','LU','19','21','PRA','LAB O','NN-');
insert into horarios(curso_seccion, dia, hora_ini, hora_fin, t_p, aula, docente) VALUES ('BIC01X','LU','8','9','T','LAB B','HUAROTE-ZEGARRA-RAUL EDUARDO');
insert into horarios(curso_seccion, dia, hora_ini, hora_fin, t_p, aula, docente) VALUES ('BIC01X','LU','9','11','PRA','LAB B','HUAROTE-ZEGARRA-RAUL EDUARDO');
insert into horarios(curso_seccion, dia, hora_ini, hora_fin, t_p, aula, docente) VALUES ('BIC01Y','LU','11','12','T','LAB B','HUAROTE-ZEGARRA-RAUL EDUARDO');
insert into horarios(curso_seccion, dia, hora_ini, hora_fin, t_p, aula, docente) VALUES ('BIC01Y','LU','12','14','PRA','LAB B','HUAROTE-ZEGARRA-RAUL EDUARDO');
insert into horarios(curso_seccion, dia, hora_ini, hora_fin, t_p, aula, docente) VALUES ('BIC01Z','SA','10','11','T','LAB G','HUAROTE-ZEGARRA-RAUL EDUARDO');
insert into horarios(curso_seccion, dia, hora_ini, hora_fin, t_p, aula, docente) VALUES ('BIC01Z','SA','11','13','PRA','LAB G','HUAROTE-ZEGARRA-RAUL EDUARDO');
insert into horarios(curso_seccion, dia, hora_ini, hora_fin, t_p, aula, docente) VALUES ('BMA01U','MI','12','14','PRA','S4-212','FLORES-GALLO-DIANA CAROLINA');
insert into horarios(curso_seccion, dia, hora_ini, hora_fin, t_p, aula, docente) VALUES ('BMA01U','SA','8','10','T','S4-211','FLORES-GALLO-DIANA CAROLINA');
insert into horarios(curso_seccion, dia, hora_ini, hora_fin, t_p, aula, docente) VALUES ('BMA01U','VI','8','10','T','S4-213','FLORES-GALLO-DIANA CAROLINA');
insert into horarios(curso_seccion, dia, hora_ini, hora_fin, t_p, aula, docente) VALUES ('BMA01V','MA','14','16','T','S4-216','VASQUEZ-DOMINGUEZ-RIQUELMER APOLINARIO');
insert into horarios(curso_seccion, dia, hora_ini, hora_fin, t_p, aula, docente) VALUES ('BMA01V','MI','12','14','PRA','S4-208','ECHEANDIA-CESPEDES-JAVIER FRANCISCO');
insert into horarios(curso_seccion, dia, hora_ini, hora_fin, t_p, aula, docente) VALUES ('BMA01V','MI','16','18','T','S4-210','VASQUEZ-DOMINGUEZ-RIQUELMER APOLINARIO');
insert into horarios(curso_seccion, dia, hora_ini, hora_fin, t_p, aula, docente) VALUES ('BMA01W','MA','8','10','T','S4-112','HUAMAN-SANCHEZ-ALEJANDRO APOLINARIO');
insert into horarios(curso_seccion, dia, hora_ini, hora_fin, t_p, aula, docente) VALUES ('BMA01W','MI','12','14','PRA','S4-105','HUAMAN-SANCHEZ-ALEJANDRO APOLINARIO');
insert into horarios(curso_seccion, dia, hora_ini, hora_fin, t_p, aula, docente) VALUES ('BMA01W','MI','8','10','T','S4-112','HUAMAN-SANCHEZ-ALEJANDRO APOLINARIO');
insert into horarios(curso_seccion, dia, hora_ini, hora_fin, t_p, aula, docente) VALUES ('BMA01X','LU','8','10','T','S4-206','BERMEO-CARRASCO-OSMAR ARNALDO');
insert into horarios(curso_seccion, dia, hora_ini, hora_fin, t_p, aula, docente) VALUES ('BMA01X','MI','12','14','PRA','S4-206','BERMEO-CARRASCO-OSMAR ARNALDO');
insert into horarios(curso_seccion, dia, hora_ini, hora_fin, t_p, aula, docente) VALUES ('BMA01X','VI','8','10','T','S4-206','BERMEO-CARRASCO-OSMAR ARNALDO');
insert into horarios(curso_seccion, dia, hora_ini, hora_fin, t_p, aula, docente) VALUES ('BMA01Y','JU','14','16','T','S4-215','CERNADES-GOMEZ-JESÚS');
insert into horarios(curso_seccion, dia, hora_ini, hora_fin, t_p, aula, docente) VALUES ('BMA01Y','LU','16','18','T','S4-215','CERNADES-GOMEZ-JESÚS');
insert into horarios(curso_seccion, dia, hora_ini, hora_fin, t_p, aula, docente) VALUES ('BMA01Y','MI','12','14','PRA','S4-215','CERNADES-GOMEZ-JESÚS');
insert into horarios(curso_seccion, dia, hora_ini, hora_fin, t_p, aula, docente) VALUES ('BMA01Z','JU','14','16','T','S4-205','HUANCA-SULLCA-VICTOR');
insert into horarios(curso_seccion, dia, hora_ini, hora_fin, t_p, aula, docente) VALUES ('BMA01Z','LU','14','16','T','S4-204','HUANCA-SULLCA-VICTOR');
insert into horarios(curso_seccion, dia, hora_ini, hora_fin, t_p, aula, docente) VALUES ('BMA01Z','MI','12','14','PRA','S4-201','BONIFACIO-CASTRO-ALEXANDER ABEL');
insert into horarios(curso_seccion, dia, hora_ini, hora_fin, t_p, aula, docente) VALUES ('BMA02U','MA','10','12','T','S4-211','ARAMBULO-OSTOS-CARLOS EDUARDO');
insert into horarios(curso_seccion, dia, hora_ini, hora_fin, t_p, aula, docente) VALUES ('BMA02U','MI','10','12','T','S4-211','ARAMBULO-OSTOS-CARLOS EDUARDO');
insert into horarios(curso_seccion, dia, hora_ini, hora_fin, t_p, aula, docente) VALUES ('BMA02U','VI','10','12','PRA','S4-211','ARAMBULO-OSTOS-CARLOS EDUARDO');
insert into horarios(curso_seccion, dia, hora_ini, hora_fin, t_p, aula, docente) VALUES ('BMA02V','MA','12','14','T','S4-211','ARAMBULO-OSTOS-CARLOS EDUARDO');
insert into horarios(curso_seccion, dia, hora_ini, hora_fin, t_p, aula, docente) VALUES ('BMA02V','MI','10','12','PRA','S4-215','CERNADES-GOMEZ-JESÚS');
insert into horarios(curso_seccion, dia, hora_ini, hora_fin, t_p, aula, docente) VALUES ('BMA02V','VI','8','10','T','S4-211','ARAMBULO-OSTOS-CARLOS EDUARDO');
insert into horarios(curso_seccion, dia, hora_ini, hora_fin, t_p, aula, docente) VALUES ('BMA02W','LU','14','16','T','S4-208','CUTIPA-COAQUIRA-MIGUEL');
insert into horarios(curso_seccion, dia, hora_ini, hora_fin, t_p, aula, docente) VALUES ('BMA02W','MI','10','12','PRA','S4-208','CUTIPA-COAQUIRA-MIGUEL');
insert into horarios(curso_seccion, dia, hora_ini, hora_fin, t_p, aula, docente) VALUES ('BMA02W','VI','12','14','T','S4-208','CUTIPA-COAQUIRA-MIGUEL');
insert into horarios(curso_seccion, dia, hora_ini, hora_fin, t_p, aula, docente) VALUES ('BMA02X','MI','10','12','PRA','S4-205','FLORES-GALLO-DIANA CAROLINA');
insert into horarios(curso_seccion, dia, hora_ini, hora_fin, t_p, aula, docente) VALUES ('BMA02X','SA','10','12','T','S4-208','FLORES-GALLO-DIANA CAROLINA');
insert into horarios(curso_seccion, dia, hora_ini, hora_fin, t_p, aula, docente) VALUES ('BMA02X','VI','14','16','T','S4-205','FLORES-GALLO-DIANA CAROLINA');
insert into horarios(curso_seccion, dia, hora_ini, hora_fin, t_p, aula, docente) VALUES ('BMA02Y','JU','16','18','T','AUDIOV','HUANCA-SULLCA-VICTOR');
insert into horarios(curso_seccion, dia, hora_ini, hora_fin, t_p, aula, docente) VALUES ('BMA02Y','LU','16','18','T','S4-201','HUANCA-SULLCA-VICTOR');
insert into horarios(curso_seccion, dia, hora_ini, hora_fin, t_p, aula, docente) VALUES ('BMA02Y','MI','10','12','PRA','S4-204','HUANCA-SULLCA-VICTOR');
insert into horarios(curso_seccion, dia, hora_ini, hora_fin, t_p, aula, docente) VALUES ('BMA02Z','JU','16','18','T','S2-140','BRONCANO-TORRES-JUAN CARLOS');
insert into horarios(curso_seccion, dia, hora_ini, hora_fin, t_p, aula, docente) VALUES ('BMA02Z','MI','10','12','PRA','S4-214','BRONCANO-TORRES-JUAN CARLOS');
insert into horarios(curso_seccion, dia, hora_ini, hora_fin, t_p, aula, docente) VALUES ('BMA02Z','VI','8','10','T','S4-216','BRONCANO-TORRES-JUAN CARLOS');
insert into horarios(curso_seccion, dia, hora_ini, hora_fin, t_p, aula, docente) VALUES ('BMA03U','JU','10','12','PRA','S4-110','KALA-BÉJAR-LOURDES CRISTINA');
insert into horarios(curso_seccion, dia, hora_ini, hora_fin, t_p, aula, docente) VALUES ('BMA03U','MA','10','13','T','S4-110','KALA-BÉJAR-LOURDES CRISTINA');
insert into horarios(curso_seccion, dia, hora_ini, hora_fin, t_p, aula, docente) VALUES ('BMA03V','JU','10','12','PRA','S4-212','HUANCA-SULLCA-VICTOR');
insert into horarios(curso_seccion, dia, hora_ini, hora_fin, t_p, aula, docente) VALUES ('BMA03V','MA','14','17','T','S4-140','HUAMAN-SANCHEZ-ALEJANDRO APOLINARIO');
insert into horarios(curso_seccion, dia, hora_ini, hora_fin, t_p, aula, docente) VALUES ('BMA03W','JU','10','12','PRA','S4-209','CHUNG-CHING-RICARDO ALEJANDRO');
insert into horarios(curso_seccion, dia, hora_ini, hora_fin, t_p, aula, docente) VALUES ('BMA03W','MI','10','13','T','S4-110','KALA-BÉJAR-LOURDES CRISTINA');
insert into horarios(curso_seccion, dia, hora_ini, hora_fin, t_p, aula, docente) VALUES ('BMA03W','VI','8','10','T','S4-110','KALA-BÉJAR-LOURDES CRISTINA');
insert into horarios(curso_seccion, dia, hora_ini, hora_fin, t_p, aula, docente) VALUES ('BMA03X','JU','10','12','PRA','S4-207','CERNADES-GOMEZ-JESÚS');
insert into horarios(curso_seccion, dia, hora_ini, hora_fin, t_p, aula, docente) VALUES ('BMA03X','LU','10','13','T','S4-207','CERNADES-GOMEZ-JESÚS');
insert into horarios(curso_seccion, dia, hora_ini, hora_fin, t_p, aula, docente) VALUES ('BMA03Y','JU','10','12','PRA','S4-111','BRONCANO-TORRES-JUAN CARLOS');
insert into horarios(curso_seccion, dia, hora_ini, hora_fin, t_p, aula, docente) VALUES ('BMA03Y','MI','12','15','T','S4-202','FUENTES-MAGUIÑA-JUAN LUIS JAISUÑO');
insert into horarios(curso_seccion, dia, hora_ini, hora_fin, t_p, aula, docente) VALUES ('BMA03Z','JU','10','12','PRA','S4-203','FUENTES-MAGUIÑA-JUAN LUIS JAISUÑO');
insert into horarios(curso_seccion, dia, hora_ini, hora_fin, t_p, aula, docente) VALUES ('BMA03Z','MA','13','16','T','S4-201','FUENTES-MAGUIÑA-JUAN LUIS JAISUÑO');
insert into horarios(curso_seccion, dia, hora_ini, hora_fin, t_p, aula, docente) VALUES ('BQU01A','LU','14','16','T','S4-212','ALCANTARA-MALCA-DANIEL ADOLFO');
insert into horarios(curso_seccion, dia, hora_ini, hora_fin, t_p, aula, docente) VALUES ('BQU01A','MA','14','16','T','S4-212','ALCANTARA-MALCA-DANIEL ADOLFO');
insert into horarios(curso_seccion, dia, hora_ini, hora_fin, t_p, aula, docente) VALUES ('BQU01A','MI','10','12','PRA','S2-135','REYES-ACOSTA-ROSARIO');
insert into horarios(curso_seccion, dia, hora_ini, hora_fin, t_p, aula, docente) VALUES ('BQU01A','MI','10','12','LAB','S2-135','FUKUDA-KAGAMI-NANCY ELENA');
insert into horarios(curso_seccion, dia, hora_ini, hora_fin, t_p, aula, docente) VALUES ('BQU01U','JU','14','16','T','S4-204','ALCANTARA-MALCA-DANIEL ADOLFO');
insert into horarios(curso_seccion, dia, hora_ini, hora_fin, t_p, aula, docente) VALUES ('BQU01U','MA','11','13','T','S4-204','ALCANTARA-MALCA-DANIEL ADOLFO');
insert into horarios(curso_seccion, dia, hora_ini, hora_fin, t_p, aula, docente) VALUES ('BQU01U','MA','14','16','PRA','S4-206','GOMEZ-GALVEZ-SUSANA TERESA');
insert into horarios(curso_seccion, dia, hora_ini, hora_fin, t_p, aula, docente) VALUES ('BQU01U','MA','14','16','LAB','S4-206','RONDINEL-PINEDA-PETRA ELINE');
insert into horarios(curso_seccion, dia, hora_ini, hora_fin, t_p, aula, docente) VALUES ('BQU01V','JU','11','13','T','S4-206','OSORIO-MARUJO-BILMA ELIZABETH');
insert into horarios(curso_seccion, dia, hora_ini, hora_fin, t_p, aula, docente) VALUES ('BQU01V','LU','10','12','T','S4-206','OSORIO-MARUJO-BILMA ELIZABETH');
insert into horarios(curso_seccion, dia, hora_ini, hora_fin, t_p, aula, docente) VALUES ('BQU01V','MA','16','18','PRA','S4-214','GOMEZ-GALVEZ-SUSANA TERESA');
insert into horarios(curso_seccion, dia, hora_ini, hora_fin, t_p, aula, docente) VALUES ('BQU01V','MA','16','18','LAB','S4-214','REYES-ACOSTA-ROSARIO');
insert into horarios(curso_seccion, dia, hora_ini, hora_fin, t_p, aula, docente) VALUES ('BQU01W','JU','14','16','LAB','S2-135','FUKUDA-KAGAMI-NANCY ELENA');
insert into horarios(curso_seccion, dia, hora_ini, hora_fin, t_p, aula, docente) VALUES ('BQU01W','JU','14','16','PRA','S2-135','RONDINEL-PINEDA-PETRA ELINE');
insert into horarios(curso_seccion, dia, hora_ini, hora_fin, t_p, aula, docente) VALUES ('BQU01W','MA','10','12','T','S4-202','FUKUDA-KAGAMI-NANCY ELENA');
insert into horarios(curso_seccion, dia, hora_ini, hora_fin, t_p, aula, docente) VALUES ('BQU01W','MA','14','16','T','S4-202','FUKUDA-KAGAMI-NANCY ELENA');
insert into horarios(curso_seccion, dia, hora_ini, hora_fin, t_p, aula, docente) VALUES ('BQU01X','JU','14','16','T','S4-110','CHAFLOQUE-ELIAS-CARLOS ALBERTO');
insert into horarios(curso_seccion, dia, hora_ini, hora_fin, t_p, aula, docente) VALUES ('BQU01X','LU','14','16','LAB','S2-135','GOMEZ-GALVEZ-SUSANA TERESA');
insert into horarios(curso_seccion, dia, hora_ini, hora_fin, t_p, aula, docente) VALUES ('BQU01X','LU','14','16','PRA','S2-135','RONDINEL-PINEDA-PETRA ELINE');
insert into horarios(curso_seccion, dia, hora_ini, hora_fin, t_p, aula, docente) VALUES ('BQU01X','LU','10','12','T','S4-110','CHAFLOQUE-ELIAS-CARLOS ALBERTO');
insert into horarios(curso_seccion, dia, hora_ini, hora_fin, t_p, aula, docente) VALUES ('BQU01Y','LU','10','12','PRA','S4-112','FUKUDA-KAGAMI-NANCY ELENA');
insert into horarios(curso_seccion, dia, hora_ini, hora_fin, t_p, aula, docente) VALUES ('BQU01Y','LU','10','12','LAB','S4-112','GOMEZ-GALVEZ-SUSANA TERESA');
insert into horarios(curso_seccion, dia, hora_ini, hora_fin, t_p, aula, docente) VALUES ('BQU01Y','MA','14','16','T','S4-112','REYES-ACOSTA-ROSARIO');
insert into horarios(curso_seccion, dia, hora_ini, hora_fin, t_p, aula, docente) VALUES ('BQU01Y','MA','10','12','T','S4-206','REYES-ACOSTA-ROSARIO');
insert into horarios(curso_seccion, dia, hora_ini, hora_fin, t_p, aula, docente) VALUES ('BQU01Z','JU','10','12','PRA','S4-112','GOMEZ-GALVEZ-SUSANA TERESA');
insert into horarios(curso_seccion, dia, hora_ini, hora_fin, t_p, aula, docente) VALUES ('BQU01Z','JU','10','12','LAB','S4-112','RONDINEL-PINEDA-PETRA ELINE');
insert into horarios(curso_seccion, dia, hora_ini, hora_fin, t_p, aula, docente) VALUES ('BQU01Z','LU','8','10','T','S4-112','REYES-ACOSTA-ROSARIO');
insert into horarios(curso_seccion, dia, hora_ini, hora_fin, t_p, aula, docente) VALUES ('BQU01Z','MI','14','16','T','S4-204','REYES-ACOSTA-ROSARIO');
insert into horarios(curso_seccion, dia, hora_ini, hora_fin, t_p, aula, docente) VALUES ('BRC01U','MA','8','9','T','S4-109','CHAVARRI-ARCE-RAQUEL MARTHA');
insert into horarios(curso_seccion, dia, hora_ini, hora_fin, t_p, aula, docente) VALUES ('BRC01U','MA','9','11','PRA','S4-109','CHAVARRI-ARCE-RAQUEL MARTHA');
insert into horarios(curso_seccion, dia, hora_ini, hora_fin, t_p, aula, docente) VALUES ('BRC01V','LU','13','14','T','S4-207','ACEVEDO-RAYMUNDO-SAUL');
insert into horarios(curso_seccion, dia, hora_ini, hora_fin, t_p, aula, docente) VALUES ('BRC01V','LU','14','16','PRA','S4-207','ACEVEDO-RAYMUNDO-SAUL');
insert into horarios(curso_seccion, dia, hora_ini, hora_fin, t_p, aula, docente) VALUES ('BRC01W','LU','9','10','T','S4-209','ACEVEDO-RAYMUNDO-SAUL');
insert into horarios(curso_seccion, dia, hora_ini, hora_fin, t_p, aula, docente) VALUES ('BRC01W','LU','10','12','PRA','S4-209','ACEVEDO-RAYMUNDO-SAUL');
insert into horarios(curso_seccion, dia, hora_ini, hora_fin, t_p, aula, docente) VALUES ('BRC01X','JU','8','9','T','S4-109','CHAVARRI-ARCE-RAQUEL MARTHA');
insert into horarios(curso_seccion, dia, hora_ini, hora_fin, t_p, aula, docente) VALUES ('BRC01X','JU','9','11','PRA','S4-109','CHAVARRI-ARCE-RAQUEL MARTHA');
insert into horarios(curso_seccion, dia, hora_ini, hora_fin, t_p, aula, docente) VALUES ('BRC01Y','MI','8','9','T','S4-206','CAMPANA-AÑASCO-RILDO');
insert into horarios(curso_seccion, dia, hora_ini, hora_fin, t_p, aula, docente) VALUES ('BRC01Y','MI','9','11','PRA','S4-206','CAMPANA-AÑASCO-RILDO');
insert into horarios(curso_seccion, dia, hora_ini, hora_fin, t_p, aula, docente) VALUES ('BRC01Z','VI','15','16','T','AUDIOV','CUROTTO-CORNEJO-MARIA MERCEDES');
insert into horarios(curso_seccion, dia, hora_ini, hora_fin, t_p, aula, docente) VALUES ('BRC01Z','VI','16','18','PRA','AUDIOV','CUROTTO-CORNEJO-MARIA MERCEDES');
insert into horarios(curso_seccion, dia, hora_ini, hora_fin, t_p, aula, docente) VALUES ('BRN01U','VI','10','12','T','S4-112','HUERTA-ORTEGA-JAVIER ARMANDO');
insert into horarios(curso_seccion, dia, hora_ini, hora_fin, t_p, aula, docente) VALUES ('BRN01U','VI','12','14','PRA','S4-112','HUERTA-ORTEGA-JAVIER ARMANDO');
insert into horarios(curso_seccion, dia, hora_ini, hora_fin, t_p, aula, docente) VALUES ('BRN01V','VI','8','10','T','S4-109','LEÓN-ZÁRATE-ANA MERCEDES');
insert into horarios(curso_seccion, dia, hora_ini, hora_fin, t_p, aula, docente) VALUES ('BRN01V','VI','10','12','PRA','S4-109','LEÓN-ZÁRATE-ANA MERCEDES');
insert into horarios(curso_seccion, dia, hora_ini, hora_fin, t_p, aula, docente) VALUES ('BRN01W','JU','16','18','T','S4-201','MONDRAGÓN-HERNÁNDEZ-MARGARITA DELICIA');
insert into horarios(curso_seccion, dia, hora_ini, hora_fin, t_p, aula, docente) VALUES ('BRN01W','MI','16','18','PRA','S4-201','MONDRAGÓN-HERNÁNDEZ-MARGARITA DELICIA');
insert into horarios(curso_seccion, dia, hora_ini, hora_fin, t_p, aula, docente) VALUES ('BRN01X','JU','18','20','T','S4-204','SANCHEZ-HUARINGA-CARLOS');
insert into horarios(curso_seccion, dia, hora_ini, hora_fin, t_p, aula, docente) VALUES ('BRN01X','JU','20','22','PRA','S4-204','SANCHEZ-HUARINGA-CARLOS');
insert into horarios(curso_seccion, dia, hora_ini, hora_fin, t_p, aula, docente) VALUES ('BRN01Y','JU','10','12','PRA','S4-201','MONDRAGÓN-HERNÁNDEZ-MARGARITA DELICIA');
insert into horarios(curso_seccion, dia, hora_ini, hora_fin, t_p, aula, docente) VALUES ('BRN01Y','MI','10','12','T','S4-201','MONDRAGÓN-HERNÁNDEZ-MARGARITA DELICIA');
insert into horarios(curso_seccion, dia, hora_ini, hora_fin, t_p, aula, docente) VALUES ('FB101A','MI','8','10','T','S4-203','BONIFACIO-CASTRO-ALEXANDER ABEL');
insert into horarios(curso_seccion, dia, hora_ini, hora_fin, t_p, aula, docente) VALUES ('FB101A','VI','10','12','PRA','S4-210','BONIFACIO-CASTRO-ALEXANDER ABEL');
insert into horarios(curso_seccion, dia, hora_ini, hora_fin, t_p, aula, docente) VALUES ('FB101U','MI','8','10','T','S4-212','ACOSTA-DE LA CRUZ-PEDRO RAUL');
insert into horarios(curso_seccion, dia, hora_ini, hora_fin, t_p, aula, docente) VALUES ('FB101U','VI','10','12','PRA','S4-212','ACOSTA-DE LA CRUZ-PEDRO RAUL');
insert into horarios(curso_seccion, dia, hora_ini, hora_fin, t_p, aula, docente) VALUES ('FB101V','MI','10','12','T','S4-216','VASQUEZ-DOMINGUEZ-RIQUELMER APOLINARIO');
insert into horarios(curso_seccion, dia, hora_ini, hora_fin, t_p, aula, docente) VALUES ('FB101V','VI','10','12','PRA','S4-216','VASQUEZ-DOMINGUEZ-RIQUELMER APOLINARIO');
insert into horarios(curso_seccion, dia, hora_ini, hora_fin, t_p, aula, docente) VALUES ('FB101W','LU','8','10','T','S4-212','ACOSTA-DE LA CRUZ-PEDRO RAUL');
insert into horarios(curso_seccion, dia, hora_ini, hora_fin, t_p, aula, docente) VALUES ('FB101W','MI','10','12','T','S4-212','ACOSTA-DE LA CRUZ-PEDRO RAUL');
insert into horarios(curso_seccion, dia, hora_ini, hora_fin, t_p, aula, docente) VALUES ('FB101W','VI','10','12','PRA','S4-105','CUTIPA-COAQUIRA-MIGUEL');
insert into horarios(curso_seccion, dia, hora_ini, hora_fin, t_p, aula, docente) VALUES ('FB101X','JU','16','18','T','S4-212','VASQUEZ-DOMINGUEZ-RIQUELMER APOLINARIO');
insert into horarios(curso_seccion, dia, hora_ini, hora_fin, t_p, aula, docente) VALUES ('FB101X','MA','16','18','T','S4-212','VASQUEZ-DOMINGUEZ-RIQUELMER APOLINARIO');
insert into horarios(curso_seccion, dia, hora_ini, hora_fin, t_p, aula, docente) VALUES ('FB101X','VI','10','12','PRA','S4-207','CHUNG-CHING-RICARDO ALEJANDRO');
insert into horarios(curso_seccion, dia, hora_ini, hora_fin, t_p, aula, docente) VALUES ('FB101Y','JU','16','18','PRA','S4-135','BONIFACIO-CASTRO-ALEXANDER ABEL');
insert into horarios(curso_seccion, dia, hora_ini, hora_fin, t_p, aula, docente) VALUES ('FB101Y','MA','16','18','T','S4-208','BONIFACIO-CASTRO-ALEXANDER ABEL');
insert into horarios(curso_seccion, dia, hora_ini, hora_fin, t_p, aula, docente) VALUES ('FB101Y','VI','10','12','PRA','S4-110','KALA-BÉJAR-LOURDES CRISTINA');
insert into horarios(curso_seccion, dia, hora_ini, hora_fin, t_p, aula, docente) VALUES ('FB101Z','MI','10','12','T','S4-202','BONIFACIO-CASTRO-ALEXANDER ABEL');
insert into horarios(curso_seccion, dia, hora_ini, hora_fin, t_p, aula, docente) VALUES ('FB101Z','VI','10','12','PRA','S4-201','MONCADA-CAJAVILCA-VICTOR JOSÉ');
insert into horarios(curso_seccion, dia, hora_ini, hora_fin, t_p, aula, docente) VALUES ('FB202U','LU','12','14','PRA','S4-215','FUKUDA-KAGAMI-NANCY ELENA');
insert into horarios(curso_seccion, dia, hora_ini, hora_fin, t_p, aula, docente) VALUES ('FB202U','LU','12','14','LAB','S4-215','LESCANO-AVILA-LUIS ALBERTO');
insert into horarios(curso_seccion, dia, hora_ini, hora_fin, t_p, aula, docente) VALUES ('FB202U','VI','13','16','T','S4-216','LESCANO-AVILA-LUIS ALBERTO');
insert into horarios(curso_seccion, dia, hora_ini, hora_fin, t_p, aula, docente) VALUES ('FB202V','LU','8','11','T','S4-211','ALCANTARA-MALCA-DANIEL ADOLFO');
insert into horarios(curso_seccion, dia, hora_ini, hora_fin, t_p, aula, docente) VALUES ('FB202V','LU','14','16','LAB','S4-213','FUKUDA-KAGAMI-NANCY ELENA');
insert into horarios(curso_seccion, dia, hora_ini, hora_fin, t_p, aula, docente) VALUES ('FB202V','LU','14','16','PRA','S4-213','LESCANO-AVILA-LUIS ALBERTO');
insert into horarios(curso_seccion, dia, hora_ini, hora_fin, t_p, aula, docente) VALUES ('FB202W','MI','14','16','LAB','S4-206','ALCANTARA-MALCA-DANIEL ADOLFO');
insert into horarios(curso_seccion, dia, hora_ini, hora_fin, t_p, aula, docente) VALUES ('FB202W','MI','14','16','PRA','S4-206','LESCANO-AVILA-LUIS ALBERTO');
insert into horarios(curso_seccion, dia, hora_ini, hora_fin, t_p, aula, docente) VALUES ('FB202W','VI','10','13','T','S4-213','CHAFLOQUE-ELIAS-CARLOS ALBERTO');
insert into horarios(curso_seccion, dia, hora_ini, hora_fin, t_p, aula, docente) VALUES ('FB202X','MI','16','18','PRA','S4-105','GOMEZ-GALVEZ-SUSANA TERESA');
insert into horarios(curso_seccion, dia, hora_ini, hora_fin, t_p, aula, docente) VALUES ('FB202X','MI','16','18','LAB','S4-105','LESCANO-AVILA-LUIS ALBERTO');
insert into horarios(curso_seccion, dia, hora_ini, hora_fin, t_p, aula, docente) VALUES ('FB202X','VI','10','13','T','S4-206','FUKUDA-KAGAMI-NANCY ELENA');
insert into horarios(curso_seccion, dia, hora_ini, hora_fin, t_p, aula, docente) VALUES ('FB301U','JU','8','10','T','S4-203','BENITES-YARLEQUÉ-JOSÉ VALERIO');
insert into horarios(curso_seccion, dia, hora_ini, hora_fin, t_p, aula, docente) VALUES ('FB301U','LU','8','10','PRA','S4-203','BENITES-YARLEQUÉ-JOSÉ VALERIO');
insert into horarios(curso_seccion, dia, hora_ini, hora_fin, t_p, aula, docente) VALUES ('FB301V','LU','8','10','PRA','S4-207','CUTIPA-COAQUIRA-MIGUEL');
insert into horarios(curso_seccion, dia, hora_ini, hora_fin, t_p, aula, docente) VALUES ('FB301V','SA','12','14','T','S4-208','CUTIPA-COAQUIRA-MIGUEL');
insert into horarios(curso_seccion, dia, hora_ini, hora_fin, t_p, aula, docente) VALUES ('FB301W','LU','8','10','PRA','S4-201','TOCTO-INGA-PAUL MILLER');
insert into horarios(curso_seccion, dia, hora_ini, hora_fin, t_p, aula, docente) VALUES ('FB301W','MA','10','12','T','S4-205','TOCTO-INGA-PAUL MILLER');
insert into horarios(curso_seccion, dia, hora_ini, hora_fin, t_p, aula, docente) VALUES ('FB301X','LU','8','10','PRA','S4-201','FLORES-GALLO-DIANA CAROLINA');
insert into horarios(curso_seccion, dia, hora_ini, hora_fin, t_p, aula, docente) VALUES ('FB301X','MA','8','10','T','S4-204','BENITES-YARLEQUÉ-JOSÉ VALERIO');
insert into horarios(curso_seccion, dia, hora_ini, hora_fin, t_p, aula, docente) VALUES ('FB301X','VI','16','18','T','S4-203','BENITES-YARLEQUÉ-JOSÉ VALERIO');
insert into horarios(curso_seccion, dia, hora_ini, hora_fin, t_p, aula, docente) VALUES ('FB303U','SA','8','10','T','S4-206','ALVARADO-RODRÍGUEZ-JOSÉ LUIS');
insert into horarios(curso_seccion, dia, hora_ini, hora_fin, t_p, aula, docente) VALUES ('FB303U','SA','10','12','T','S4-216','ALVARADO-RODRÍGUEZ-JOSÉ LUIS');
insert into horarios(curso_seccion, dia, hora_ini, hora_fin, t_p, aula, docente) VALUES ('FB303U','VI','10','12','PRA','S4-216','ALVARADO-RODRÍGUEZ-JOSÉ LUIS');
insert into horarios(curso_seccion, dia, hora_ini, hora_fin, t_p, aula, docente) VALUES ('FB303V','MA','12','14','T','S4-208','ECHEANDIA-CESPEDES-JAVIER FRANCISCO');
insert into horarios(curso_seccion, dia, hora_ini, hora_fin, t_p, aula, docente) VALUES ('FB303V','MI','16','18','T','S4-215','ECHEANDIA-CESPEDES-JAVIER FRANCISCO');
insert into horarios(curso_seccion, dia, hora_ini, hora_fin, t_p, aula, docente) VALUES ('FB303V','VI','10','12','PRA','S4-202','ECHEANDIA-CESPEDES-JAVIER FRANCISCO');
insert into horarios(curso_seccion, dia, hora_ini, hora_fin, t_p, aula, docente) VALUES ('FB303W','SA','12','14','T','S4-216','ALVARADO-RODRÍGUEZ-JOSÉ LUIS');
insert into horarios(curso_seccion, dia, hora_ini, hora_fin, t_p, aula, docente) VALUES ('FB303W','VI','8','10','T','S4-209','ALVARADO-RODRÍGUEZ-JOSÉ LUIS');
insert into horarios(curso_seccion, dia, hora_ini, hora_fin, t_p, aula, docente) VALUES ('FB303W','VI','10','12','PRA','S4-214','FLORES-GALLO-DIANA CAROLINA');
insert into horarios(curso_seccion, dia, hora_ini, hora_fin, t_p, aula, docente) VALUES ('FB303X','LU','10','12','T','S4-215','BERMEO-CARRASCO-OSMAR ARNALDO');
insert into horarios(curso_seccion, dia, hora_ini, hora_fin, t_p, aula, docente) VALUES ('FB303X','MI','8','10','T','S4-216','BERMEO-CARRASCO-OSMAR ARNALDO');
insert into horarios(curso_seccion, dia, hora_ini, hora_fin, t_p, aula, docente) VALUES ('FB303X','VI','10','12','PRA','S4-215','BERMEO-CARRASCO-OSMAR ARNALDO');
insert into horarios(curso_seccion, dia, hora_ini, hora_fin, t_p, aula, docente) VALUES ('FB303Y','JU','8','10','T','S4-207','HERRERA-VEGA-HECTOR ALEXIS');
insert into horarios(curso_seccion, dia, hora_ini, hora_fin, t_p, aula, docente) VALUES ('FB303Y','MA','12','14','T','S4-202','HERRERA-VEGA-HECTOR ALEXIS');
insert into horarios(curso_seccion, dia, hora_ini, hora_fin, t_p, aula, docente) VALUES ('FB303Y','VI','10','12','PRA','S4-202','HERRERA-VEGA-HECTOR ALEXIS');
insert into horarios(curso_seccion, dia, hora_ini, hora_fin, t_p, aula, docente) VALUES ('FB305U','SA','8','10','PRA','S4-210','SEGURA-GARCÍA-YOLANDA ADRIANA');
insert into horarios(curso_seccion, dia, hora_ini, hora_fin, t_p, aula, docente) VALUES ('FB305U','VI','16','18','T','S4-210','SEGURA-GARCÍA-YOLANDA ADRIANA');
insert into horarios(curso_seccion, dia, hora_ini, hora_fin, t_p, aula, docente) VALUES ('FB305V','JU','8','10','PRA','S4-208','CERNA-VALDEZ-YARKO ALVARO');
insert into horarios(curso_seccion, dia, hora_ini, hora_fin, t_p, aula, docente) VALUES ('FB305V','MA','8','10','T','S4-208','CERNA-VALDEZ-YARKO ALVARO');
insert into horarios(curso_seccion, dia, hora_ini, hora_fin, t_p, aula, docente) VALUES ('FB305W','SA','12','14','PRA','S4-209','SEGURA-GARCÍA-YOLANDA ADRIANA');
insert into horarios(curso_seccion, dia, hora_ini, hora_fin, t_p, aula, docente) VALUES ('FB305W','VI','20','22','T','S4-209','SEGURA-GARCÍA-YOLANDA ADRIANA');
insert into horarios(curso_seccion, dia, hora_ini, hora_fin, t_p, aula, docente) VALUES ('FB305X','JU','10','12','PRA','S4-208','CERNA-VALDEZ-YARKO ALVARO');
insert into horarios(curso_seccion, dia, hora_ini, hora_fin, t_p, aula, docente) VALUES ('FB305X','VI','8','10','T','S4-208','CERNA-VALDEZ-YARKO ALVARO');
insert into horarios(curso_seccion, dia, hora_ini, hora_fin, t_p, aula, docente) VALUES ('FB305Y','JU','8','10','T','S4-206','CUTIPA-COAQUIRA-MIGUEL');
insert into horarios(curso_seccion, dia, hora_ini, hora_fin, t_p, aula, docente) VALUES ('FB305Y','SA','10','12','PRA','S4-211','CUTIPA-COAQUIRA-MIGUEL');
insert into horarios(curso_seccion, dia, hora_ini, hora_fin, t_p, aula, docente) VALUES ('FB401U','JU','12','14','PRA','S4-214','SALCEDO-TORRES-JOAQUIN MAGNOT');
insert into horarios(curso_seccion, dia, hora_ini, hora_fin, t_p, aula, docente) VALUES ('FB401U','JU','12','14','LAB','S4-214','SAN BARTOLOME-MONTERO-JAIME');
insert into horarios(curso_seccion, dia, hora_ini, hora_fin, t_p, aula, docente) VALUES ('FB401U','MA','14','16','T','S4-214','SALCEDO-TORRES-JOAQUIN MAGNOT');
insert into horarios(curso_seccion, dia, hora_ini, hora_fin, t_p, aula, docente) VALUES ('FB401U','MI','14','16','T','S4-214','SALCEDO-TORRES-JOAQUIN MAGNOT');
insert into horarios(curso_seccion, dia, hora_ini, hora_fin, t_p, aula, docente) VALUES ('FB401V','JU','16','18','LAB','S4-214','ROMERO-AQUINO-JUAN CARLOS');
insert into horarios(curso_seccion, dia, hora_ini, hora_fin, t_p, aula, docente) VALUES ('FB401V','JU','16','18','PRA','S4-214','SALCEDO-TORRES-JOAQUIN MAGNOT');
insert into horarios(curso_seccion, dia, hora_ini, hora_fin, t_p, aula, docente) VALUES ('FB401V','MA','16','18','T','S4-211','CAÑOTE-FAJARDO-PERCY VICTOR');
insert into horarios(curso_seccion, dia, hora_ini, hora_fin, t_p, aula, docente) VALUES ('FB401V','MI','16','18','T','S4-212','CAÑOTE-FAJARDO-PERCY VICTOR');
insert into horarios(curso_seccion, dia, hora_ini, hora_fin, t_p, aula, docente) VALUES ('FB401W','JU','10','12','LAB','S2-135','ROMERO-AQUINO-JUAN CARLOS');
insert into horarios(curso_seccion, dia, hora_ini, hora_fin, t_p, aula, docente) VALUES ('FB401W','JU','10','12','PRA','S2-135','SALCEDO-TORRES-JOAQUIN MAGNOT');
insert into horarios(curso_seccion, dia, hora_ini, hora_fin, t_p, aula, docente) VALUES ('FB401W','LU','14','16','T','S4-203','ROMERO-AQUINO-JUAN CARLOS');
insert into horarios(curso_seccion, dia, hora_ini, hora_fin, t_p, aula, docente) VALUES ('FB401W','MI','14','16','T','S4-203','ROMERO-AQUINO-JUAN CARLOS');
insert into horarios(curso_seccion, dia, hora_ini, hora_fin, t_p, aula, docente) VALUES ('FB402U','SA','8','10','PRA','S4-214','SOTOMAYOR-ARAMBURU-FERNANDO FORTUNATO');
insert into horarios(curso_seccion, dia, hora_ini, hora_fin, t_p, aula, docente) VALUES ('FB402U','VI','8','10','T','S4-214','SOTOMAYOR-ARAMBURU-FERNANDO FORTUNATO');
insert into horarios(curso_seccion, dia, hora_ini, hora_fin, t_p, aula, docente) VALUES ('FB402V','LU','8','10','T','S4-215','HUALLPA-GUTIERREZ-WALTER ANTONIO');
insert into horarios(curso_seccion, dia, hora_ini, hora_fin, t_p, aula, docente) VALUES ('FB402V','SA','8','10','PRA','S4-215','HUALLPA-GUTIERREZ-WALTER ANTONIO');
insert into horarios(curso_seccion, dia, hora_ini, hora_fin, t_p, aula, docente) VALUES ('FB403U','MA','8','10','T','S4-211','ARAMBULO-OSTOS-CARLOS EDUARDO');
insert into horarios(curso_seccion, dia, hora_ini, hora_fin, t_p, aula, docente) VALUES ('FB403U','MI','8','10','T','S4-211','ARAMBULO-OSTOS-CARLOS EDUARDO');
insert into horarios(curso_seccion, dia, hora_ini, hora_fin, t_p, aula, docente) VALUES ('FB403U','VI','12','14','PRA','S4-211','ARAMBULO-OSTOS-CARLOS EDUARDO');
insert into horarios(curso_seccion, dia, hora_ini, hora_fin, t_p, aula, docente) VALUES ('FB403V','JU','12','14','T','S4-207','BRONCANO-TORRES-JUAN CARLOS');
insert into horarios(curso_seccion, dia, hora_ini, hora_fin, t_p, aula, docente) VALUES ('FB403V','MI','14','16','T','S4-208','BRONCANO-TORRES-JUAN CARLOS');
insert into horarios(curso_seccion, dia, hora_ini, hora_fin, t_p, aula, docente) VALUES ('FB403V','VI','12','14','PRA','S4-105','BRONCANO-TORRES-JUAN CARLOS');
insert into horarios(curso_seccion, dia, hora_ini, hora_fin, t_p, aula, docente) VALUES ('FB403W','JU','8','10','T','S4-202','CHUNG-CHING-RICARDO ALEJANDRO');
insert into horarios(curso_seccion, dia, hora_ini, hora_fin, t_p, aula, docente) VALUES ('FB403W','LU','10','12','T','S4-111','CHUNG-CHING-RICARDO ALEJANDRO');
insert into horarios(curso_seccion, dia, hora_ini, hora_fin, t_p, aula, docente) VALUES ('FB403W','VI','12','14','PRA','S4-207','CHUNG-CHING-RICARDO ALEJANDRO');
insert into horarios(curso_seccion, dia, hora_ini, hora_fin, t_p, aula, docente) VALUES ('FB405U','SA','10','12','PRA','S4-105','SEGURA-GARCÍA-YOLANDA ADRIANA');
insert into horarios(curso_seccion, dia, hora_ini, hora_fin, t_p, aula, docente) VALUES ('FB405U','VI','18','20','T','S4-105','SEGURA-GARCÍA-YOLANDA ADRIANA');
insert into horarios(curso_seccion, dia, hora_ini, hora_fin, t_p, aula, docente) VALUES ('FB405V','MA','10','12','PRA','S4-208','CERNA-VALDEZ-YARKO ALVARO');
insert into horarios(curso_seccion, dia, hora_ini, hora_fin, t_p, aula, docente) VALUES ('FB405V','VI','10','12','T','S4-208','CERNA-VALDEZ-YARKO ALVARO');
insert into horarios(curso_seccion, dia, hora_ini, hora_fin, t_p, aula, docente) VALUES ('FB501U','MI','8','10','PRA','S4-202','CUEVA-HUANUCO-EDDIE DANNY');
insert into horarios(curso_seccion, dia, hora_ini, hora_fin, t_p, aula, docente) VALUES ('FB501U','MI','8','10','PRA','S4-208','TOCTO-INGA-PAUL MILLER');
insert into horarios(curso_seccion, dia, hora_ini, hora_fin, t_p, aula, docente) VALUES ('FB501U','MI','10','12','T','S4-209','TOCTO-INGA-PAUL MILLER');
insert into horarios(curso_seccion, dia, hora_ini, hora_fin, t_p, aula, docente) VALUES ('FB501U','SA','8','10','T','S4-202','CUEVA-HUANUCO-EDDIE DANNY');
insert into horarios(curso_seccion, dia, hora_ini, hora_fin, t_p, aula, docente) VALUES ('GE001U','LU','16','20','PRA','S4-206','LAU-CARRILLO-CARMEN IVONNE');
insert into horarios(curso_seccion, dia, hora_ini, hora_fin, t_p, aula, docente) VALUES ('GE001V','MA','16','20','PRA','LAB D','ROJAS-MENDOZA-DORIS FANNY');
insert into horarios(curso_seccion, dia, hora_ini, hora_fin, t_p, aula, docente) VALUES ('GE001W','LU','18','20','PRA','S4-105','HUAMANI-HUAMANI-GLORIA TERESITA');
insert into horarios(curso_seccion, dia, hora_ini, hora_fin, t_p, aula, docente) VALUES ('GE001W','MI','18','20','PRA','S4-109','HUAMANI-HUAMANI-GLORIA TERESITA');
insert into horarios(curso_seccion, dia, hora_ini, hora_fin, t_p, aula, docente) VALUES ('GE101U','LU','10','12','T','S4-105','VILLANUEVA-HERRERA-JOSÉ ALBERTO');
insert into horarios(curso_seccion, dia, hora_ini, hora_fin, t_p, aula, docente) VALUES ('GE101U','MA','10','12','PRA','S4-105','VILLANUEVA-HERRERA-JOSÉ ALBERTO');
insert into horarios(curso_seccion, dia, hora_ini, hora_fin, t_p, aula, docente) VALUES ('GE101V','JU','16','18','PRA','S4-110','MORILLO-ROJAS-DANIEL');
insert into horarios(curso_seccion, dia, hora_ini, hora_fin, t_p, aula, docente) VALUES ('GE101V','MA','16','18','T','S4-105','MORILLO-ROJAS-DANIEL');
insert into horarios(curso_seccion, dia, hora_ini, hora_fin, t_p, aula, docente) VALUES ('GE101W','SA','8','10','T','S4-105','VALLE-SANTOS-JOHN CLERK');
insert into horarios(curso_seccion, dia, hora_ini, hora_fin, t_p, aula, docente) VALUES ('GE101W','SA','10','12','PRA','S4-105','VALLE-SANTOS-JOHN CLERK');
insert into horarios(curso_seccion, dia, hora_ini, hora_fin, t_p, aula, docente) VALUES ('GE112U','LU','16','18','T','S4-203','MEDINA-AQUINO-LUIS FELIPE');
insert into horarios(curso_seccion, dia, hora_ini, hora_fin, t_p, aula, docente) VALUES ('GE112U','MI','16','18','PRA','S4-203','MEDINA-AQUINO-LUIS FELIPE');
insert into horarios(curso_seccion, dia, hora_ini, hora_fin, t_p, aula, docente) VALUES ('GE112V','SA','8','10','T','S4-203','PUCCIO-QUEVEDO-BRUNO JUAN');
insert into horarios(curso_seccion, dia, hora_ini, hora_fin, t_p, aula, docente) VALUES ('GE112V','SA','10','12','PRA','S4-203','PUCCIO-QUEVEDO-BRUNO JUAN');
insert into horarios(curso_seccion, dia, hora_ini, hora_fin, t_p, aula, docente) VALUES ('GE113U','JU','18','20','T','LAB E','OLIVERA-PAYANO-RICARDO');
insert into horarios(curso_seccion, dia, hora_ini, hora_fin, t_p, aula, docente) VALUES ('GE113U','JU','20','22','PRA','LAB E','OLIVERA-PAYANO-RICARDO');
insert into horarios(curso_seccion, dia, hora_ini, hora_fin, t_p, aula, docente) VALUES ('GE121U','JU','14','16','PRA','S4-112','FERNANDEZ-LOSTAUNAU-CÉSAR ANTONIO');
insert into horarios(curso_seccion, dia, hora_ini, hora_fin, t_p, aula, docente) VALUES ('GE121U','SA','18','20','T','S4-111','TORRES-CORTEZ-HUGO LORENZO');
insert into horarios(curso_seccion, dia, hora_ini, hora_fin, t_p, aula, docente) VALUES ('GE122U','VI','18','20','T','S4-204','LEYTON-DIAZ-VICTOR ADOLFO');
insert into horarios(curso_seccion, dia, hora_ini, hora_fin, t_p, aula, docente) VALUES ('GE122U','VI','20','22','PRA','S4-204','LEYTON-DIAZ-VICTOR ADOLFO');
insert into horarios(curso_seccion, dia, hora_ini, hora_fin, t_p, aula, docente) VALUES ('GE124V','MA','16','18','T','LAB E','VILLANUEVA-HERRERA-JOSÉ ALBERTO');
insert into horarios(curso_seccion, dia, hora_ini, hora_fin, t_p, aula, docente) VALUES ('GE124V','MI','16','18','PRA','LAB O','VILLANUEVA-HERRERA-JOSÉ ALBERTO');
insert into horarios(curso_seccion, dia, hora_ini, hora_fin, t_p, aula, docente) VALUES ('GE128U','JU','16','18','PRA','S4-209','PONCE-SÁNCHEZ-CARLOS FIDEL');
insert into horarios(curso_seccion, dia, hora_ini, hora_fin, t_p, aula, docente) VALUES ('GE128U','LU','16','18','T','S4-204','PONCE-SÁNCHEZ-CARLOS FIDEL');
insert into horarios(curso_seccion, dia, hora_ini, hora_fin, t_p, aula, docente) VALUES ('GE501U','JU','14','16','PRA','S4-109','ROJAS-MENDOZA-DORIS FANNY');
insert into horarios(curso_seccion, dia, hora_ini, hora_fin, t_p, aula, docente) VALUES ('GE501U','MA','14','16','T','S4-109','ROJAS-MENDOZA-DORIS FANNY');
insert into horarios(curso_seccion, dia, hora_ini, hora_fin, t_p, aula, docente) VALUES ('GE501V','MA','18','20','T','S4-216','RIZABAL-FLORES-ELIANA CECILIA');
insert into horarios(curso_seccion, dia, hora_ini, hora_fin, t_p, aula, docente) VALUES ('GE501V','MA','20','22','PRA','S4-216','RIZABAL-FLORES-ELIANA CECILIA');
insert into horarios(curso_seccion, dia, hora_ini, hora_fin, t_p, aula, docente) VALUES ('GE502U','JU','10','12','PRA','S4-202','EGÚZQUIZA-FIGUEROA-MARÍA ENERINA');
insert into horarios(curso_seccion, dia, hora_ini, hora_fin, t_p, aula, docente) VALUES ('GE502U','LU','10','12','T','S4-202','EGÚZQUIZA-FIGUEROA-MARÍA ENERINA');
insert into horarios(curso_seccion, dia, hora_ini, hora_fin, t_p, aula, docente) VALUES ('GE502V','MA','10','12','PRA','S4-112','FERNANDEZ-LOSTAUNAU-CÉSAR ANTONIO');
insert into horarios(curso_seccion, dia, hora_ini, hora_fin, t_p, aula, docente) VALUES ('GE502V','MI','12','14','T','S4-112','LAU-CARRILLO-CARMEN IVONNE');
insert into horarios(curso_seccion, dia, hora_ini, hora_fin, t_p, aula, docente) VALUES ('GE502W','JU','12','14','T','S4-112','LAU-CARRILLO-CARMEN IVONNE');
insert into horarios(curso_seccion, dia, hora_ini, hora_fin, t_p, aula, docente) VALUES ('GE502W','MA','12','14','PRA','S4-112','FERNANDEZ-LOSTAUNAU-CÉSAR ANTONIO');
insert into horarios(curso_seccion, dia, hora_ini, hora_fin, t_p, aula, docente) VALUES ('GE602U','MA','16','18','T','S4-204','LEYTON-DIAZ-VICTOR ADOLFO');
insert into horarios(curso_seccion, dia, hora_ini, hora_fin, t_p, aula, docente) VALUES ('GE602U','VI','16','18','PRA','S4-204','LEYTON-DIAZ-VICTOR ADOLFO');
insert into horarios(curso_seccion, dia, hora_ini, hora_fin, t_p, aula, docente) VALUES ('GE602V','JU','16','18','PRA','S4-207','FALCONI-VASQUEZ-RODOLFO');
insert into horarios(curso_seccion, dia, hora_ini, hora_fin, t_p, aula, docente) VALUES ('GE602V','MA','16','18','T','S4-207','FALCONI-VASQUEZ-RODOLFO');
insert into horarios(curso_seccion, dia, hora_ini, hora_fin, t_p, aula, docente) VALUES ('GE602W','MI','8','10','T','S4-109','LEÓN-ZÁRATE-ANA MERCEDES');
insert into horarios(curso_seccion, dia, hora_ini, hora_fin, t_p, aula, docente) VALUES ('GE602W','MI','10','12','PRA','S4-109','LEÓN-ZÁRATE-ANA MERCEDES');
insert into horarios(curso_seccion, dia, hora_ini, hora_fin, t_p, aula, docente) VALUES ('GE603U','SA','14','16','T','S4-111','TORRES-CORTEZ-HUGO LORENZO');
insert into horarios(curso_seccion, dia, hora_ini, hora_fin, t_p, aula, docente) VALUES ('GE603U','SA','16','18','PRA','S4-111','TORRES-CORTEZ-HUGO LORENZO');
insert into horarios(curso_seccion, dia, hora_ini, hora_fin, t_p, aula, docente) VALUES ('GE604U','LU','14','16','T','S4-205','LLANCCE-MONDRAGON-LUISA');
insert into horarios(curso_seccion, dia, hora_ini, hora_fin, t_p, aula, docente) VALUES ('GE604U','MI','14','16','PRA','S4-205','LLANCCE-MONDRAGON-LUISA');
insert into horarios(curso_seccion, dia, hora_ini, hora_fin, t_p, aula, docente) VALUES ('GE604V','JU','18','20','PRA','S4-105','MORILLO-ROJAS-DANIEL');
insert into horarios(curso_seccion, dia, hora_ini, hora_fin, t_p, aula, docente) VALUES ('GE604V','MI','18','20','T','S4-105','MORILLO-ROJAS-DANIEL');
insert into horarios(curso_seccion, dia, hora_ini, hora_fin, t_p, aula, docente) VALUES ('GE605U','MI','16','18','T','S4-112','ORIA-CHAVARRIA-WILLIAM');
insert into horarios(curso_seccion, dia, hora_ini, hora_fin, t_p, aula, docente) VALUES ('GE605U','VI','16','18','PRA','S4-112','ORIA-CHAVARRIA-WILLIAM');
insert into horarios(curso_seccion, dia, hora_ini, hora_fin, t_p, aula, docente) VALUES ('GE701U','JU','16','18','PRA','S4-203','HUAMANI-HUAMANI-GLORIA TERESITA');
insert into horarios(curso_seccion, dia, hora_ini, hora_fin, t_p, aula, docente) VALUES ('GE701U','MA','16','18','T','S4-203','HUAMANI-HUAMANI-GLORIA TERESITA');
insert into horarios(curso_seccion, dia, hora_ini, hora_fin, t_p, aula, docente) VALUES ('GE701V','JU','14','16','PRA','LAB D','ZAMORA-YANSI-RICHARD ISMAEL');
insert into horarios(curso_seccion, dia, hora_ini, hora_fin, t_p, aula, docente) VALUES ('GE701V','MI','14','16','T','S4-211','ZAMORA-YANSI-RICHARD ISMAEL');
insert into horarios(curso_seccion, dia, hora_ini, hora_fin, t_p, aula, docente) VALUES ('GE702U','JU','18','20','T','LAB A','FERNANDEZ-LOSTAUNAU-CÉSAR ANTONIO');
insert into horarios(curso_seccion, dia, hora_ini, hora_fin, t_p, aula, docente) VALUES ('GE702U','MA','18','20','T','S4-210','MIRANDA-TORRES-CESAR AURELIO');
insert into horarios(curso_seccion, dia, hora_ini, hora_fin, t_p, aula, docente) VALUES ('GE702V','LU','20','22','PRA','S4-210','MIRANDA-TORRES-CESAR AURELIO');
insert into horarios(curso_seccion, dia, hora_ini, hora_fin, t_p, aula, docente) VALUES ('GE702V','MI','16','18','PRA','LAB E','OLIVERA-PAYANO-RICARDO');
insert into horarios(curso_seccion, dia, hora_ini, hora_fin, t_p, aula, docente) VALUES ('GE703U','MA','18','20','T','S4-109','ESPINOZA-ESPINOZA-JOSE ALFREDO');
insert into horarios(curso_seccion, dia, hora_ini, hora_fin, t_p, aula, docente) VALUES ('GE703U','MA','20','22','PRA','S4-109','ESPINOZA-ESPINOZA-JOSE ALFREDO');
insert into horarios(curso_seccion, dia, hora_ini, hora_fin, t_p, aula, docente) VALUES ('GE703V','MI','18','20','T','AUDIOV','CHAPARRO-MINAYA-ENRIQUE VLADIMIR');
insert into horarios(curso_seccion, dia, hora_ini, hora_fin, t_p, aula, docente) VALUES ('GE703V','SA','8','10','PRA','S4-204','CHAPARRO-MINAYA-ENRIQUE VLADIMIR');
insert into horarios(curso_seccion, dia, hora_ini, hora_fin, t_p, aula, docente) VALUES ('GE704U','LU','16','18','T','S4-207','FALCONI-VASQUEZ-RODOLFO');
insert into horarios(curso_seccion, dia, hora_ini, hora_fin, t_p, aula, docente) VALUES ('GE704U','VI','16','18','PRA','S4-207','FALCONI-VASQUEZ-RODOLFO');
insert into horarios(curso_seccion, dia, hora_ini, hora_fin, t_p, aula, docente) VALUES ('GE704V','JU','16','18','T','S4-204','LEYTON-DIAZ-VICTOR ADOLFO');
insert into horarios(curso_seccion, dia, hora_ini, hora_fin, t_p, aula, docente) VALUES ('GE704V','MA','14','16','PRA','S4-204','LEYTON-DIAZ-VICTOR ADOLFO');
insert into horarios(curso_seccion, dia, hora_ini, hora_fin, t_p, aula, docente) VALUES ('GE709U','MA','18','20','T','S4-201','CALIZAYA-NEYRA-PERCY ANGEL');
insert into horarios(curso_seccion, dia, hora_ini, hora_fin, t_p, aula, docente) VALUES ('GE709U','MA','20','22','PRA','S4-201','CALIZAYA-NEYRA-PERCY ANGEL');
insert into horarios(curso_seccion, dia, hora_ini, hora_fin, t_p, aula, docente) VALUES ('GE801U','JU','16','18','PRA','S4-112','ZARATE-OTAROLA-LEONIDAS BENITO');
insert into horarios(curso_seccion, dia, hora_ini, hora_fin, t_p, aula, docente) VALUES ('GE801U','MA','16','18','T','S4-112','ZARATE-OTAROLA-LEONIDAS BENITO');
insert into horarios(curso_seccion, dia, hora_ini, hora_fin, t_p, aula, docente) VALUES ('GE801V','LU','16','18','T','S4-205','LLANCCE-MONDRAGON-LUISA');
insert into horarios(curso_seccion, dia, hora_ini, hora_fin, t_p, aula, docente) VALUES ('GE801V','MI','16','18','PRA','S4-205','LLANCCE-MONDRAGON-LUISA');
insert into horarios(curso_seccion, dia, hora_ini, hora_fin, t_p, aula, docente) VALUES ('GE801W','JU','16','18','T','S4-111','FLORES-BASHI-CARLOS ANTONIO');
insert into horarios(curso_seccion, dia, hora_ini, hora_fin, t_p, aula, docente) VALUES ('GE801W','JU','18','20','PRA','S4-111','FLORES-BASHI-CARLOS ANTONIO');
insert into horarios(curso_seccion, dia, hora_ini, hora_fin, t_p, aula, docente) VALUES ('GE801X','JU','18','20','PRA','S4-208','QUINTEROS-CHAVEZ-SILVIO');
insert into horarios(curso_seccion, dia, hora_ini, hora_fin, t_p, aula, docente) VALUES ('GE801X','MA','18','20','T','S4-110','QUINTEROS-CHAVEZ-SILVIO');
insert into horarios(curso_seccion, dia, hora_ini, hora_fin, t_p, aula, docente) VALUES ('GE802U','JU','18','20','PRA','S4-112','ZARATE-OTAROLA-LEONIDAS BENITO');
insert into horarios(curso_seccion, dia, hora_ini, hora_fin, t_p, aula, docente) VALUES ('GE802U','MA','18','20','T','S4-112','ZARATE-OTAROLA-LEONIDAS BENITO');
insert into horarios(curso_seccion, dia, hora_ini, hora_fin, t_p, aula, docente) VALUES ('GE802V','MI','18','20','T','S4-202','ESPINOZA-ESPINOZA-JOSE ALFREDO');
insert into horarios(curso_seccion, dia, hora_ini, hora_fin, t_p, aula, docente) VALUES ('GE802V','MI','20','22','PRA','S4-202','ESPINOZA-ESPINOZA-JOSE ALFREDO');
insert into horarios(curso_seccion, dia, hora_ini, hora_fin, t_p, aula, docente) VALUES ('GE803U','JU','16','18','PRA','LAB D','ZAMORA-YANSI-RICHARD ISMAEL');
insert into horarios(curso_seccion, dia, hora_ini, hora_fin, t_p, aula, docente) VALUES ('GE803U','MI','16','18','PRA','S4-211','ZAMORA-YANSI-RICHARD ISMAEL');
insert into horarios(curso_seccion, dia, hora_ini, hora_fin, t_p, aula, docente) VALUES ('GE803V','MI','18','20','PRA','S4-201','ORIA-CHAVARRIA-WILLIAM');
insert into horarios(curso_seccion, dia, hora_ini, hora_fin, t_p, aula, docente) VALUES ('GE803V','VI','18','20','PRA','S4-201','ORIA-CHAVARRIA-WILLIAM');
insert into horarios(curso_seccion, dia, hora_ini, hora_fin, t_p, aula, docente) VALUES ('GE805U','LU','16','18','T','S4-210','FLORES-BASHI-CARLOS ANTONIO');
insert into horarios(curso_seccion, dia, hora_ini, hora_fin, t_p, aula, docente) VALUES ('GE805U','MI','16','18','PRA','S4-210','FLORES-BASHI-CARLOS ANTONIO');
insert into horarios(curso_seccion, dia, hora_ini, hora_fin, t_p, aula, docente) VALUES ('GE805V','LU','16','18','PRA','S4-109','BRAVO-QUISPE-ALDO ANTONIO');
insert into horarios(curso_seccion, dia, hora_ini, hora_fin, t_p, aula, docente) VALUES ('GE805V','MA','16','18','T','S4-109','BRAVO-QUISPE-ALDO ANTONIO');
insert into horarios(curso_seccion, dia, hora_ini, hora_fin, t_p, aula, docente) VALUES ('GE805W','JU','18','20','T','S4-205','ESPINOZA-ESPINOZA-JOSE ALFREDO');
insert into horarios(curso_seccion, dia, hora_ini, hora_fin, t_p, aula, docente) VALUES ('GE805W','JU','20','22','PRA','S4-205','ESPINOZA-ESPINOZA-JOSE ALFREDO');
insert into horarios(curso_seccion, dia, hora_ini, hora_fin, t_p, aula, docente) VALUES ('GE901U','JU','18','20','T','S4-212','PONCE-SÁNCHEZ-CARLOS FIDEL');
insert into horarios(curso_seccion, dia, hora_ini, hora_fin, t_p, aula, docente) VALUES ('GE901U','JU','20','22','PRA','S4-212','PONCE-SÁNCHEZ-CARLOS FIDEL');
insert into horarios(curso_seccion, dia, hora_ini, hora_fin, t_p, aula, docente) VALUES ('GE901V','MA','18','20','T','S4-111','CARRANZA-BARRENA-WILFREDO EDUARDO');
insert into horarios(curso_seccion, dia, hora_ini, hora_fin, t_p, aula, docente) VALUES ('GE901V','MA','20','22','PRA','S4-111','CARRANZA-BARRENA-WILFREDO EDUARDO');
insert into horarios(curso_seccion, dia, hora_ini, hora_fin, t_p, aula, docente) VALUES ('GE901W','MA','18','20','T','S4-209','PONCE-SÁNCHEZ-CARLOS FIDEL');
insert into horarios(curso_seccion, dia, hora_ini, hora_fin, t_p, aula, docente) VALUES ('GE901W','MA','20','22','PRA','S4-209','PONCE-SÁNCHEZ-CARLOS FIDEL');
insert into horarios(curso_seccion, dia, hora_ini, hora_fin, t_p, aula, docente) VALUES ('GE902U','MI','16','18','T','S4-213','FLORES-CISNEROS-ERNESTO ROBINSON');
insert into horarios(curso_seccion, dia, hora_ini, hora_fin, t_p, aula, docente) VALUES ('GE902U','VI','16','18','PRA','S4-213','FLORES-CISNEROS-ERNESTO ROBINSON');
insert into horarios(curso_seccion, dia, hora_ini, hora_fin, t_p, aula, docente) VALUES ('GE902V','MI','18','20','T','S4-212','LINARES-VALENCIA-JOSE ANTONIO');
insert into horarios(curso_seccion, dia, hora_ini, hora_fin, t_p, aula, docente) VALUES ('GE902V','VI','18','20','PRA','S4-212','LINARES-VALENCIA-JOSE ANTONIO');
insert into horarios(curso_seccion, dia, hora_ini, hora_fin, t_p, aula, docente) VALUES ('GE902W','JU','16','18','PRA','S4-210','QUINTEROS-CHAVEZ-SILVIO');
insert into horarios(curso_seccion, dia, hora_ini, hora_fin, t_p, aula, docente) VALUES ('GE902W','MA','16','18','T','S4-202','QUINTEROS-CHAVEZ-SILVIO');
insert into horarios(curso_seccion, dia, hora_ini, hora_fin, t_p, aula, docente) VALUES ('GE902X','MI','20','22','T','S4-212','LINARES-VALENCIA-JOSE ANTONIO');
insert into horarios(curso_seccion, dia, hora_ini, hora_fin, t_p, aula, docente) VALUES ('GE902X','VI','20','22','PRA','S4-212','LINARES-VALENCIA-JOSE ANTONIO');
insert into horarios(curso_seccion, dia, hora_ini, hora_fin, t_p, aula, docente) VALUES ('GE902Y','SA','14','16','T','S4-105','TRIGO-PÉREZ-CARLOS ALFREDO');
insert into horarios(curso_seccion, dia, hora_ini, hora_fin, t_p, aula, docente) VALUES ('GE902Y','SA','16','18','PRA','S4-105','TRIGO-PÉREZ-CARLOS ALFREDO');
insert into horarios(curso_seccion, dia, hora_ini, hora_fin, t_p, aula, docente) VALUES ('GE903U','MI','20','22','T','S4-203','CAICEDO-BUSTAMANTE-VICTOR ANTONIO');
insert into horarios(curso_seccion, dia, hora_ini, hora_fin, t_p, aula, docente) VALUES ('GE903U','VI','20','22','PRA','S4-203','CAICEDO-BUSTAMANTE-VICTOR ANTONIO');
insert into horarios(curso_seccion, dia, hora_ini, hora_fin, t_p, aula, docente) VALUES ('GE903V','JU','20','22','PRA','S4-110','MORILLO-ROJAS-DANIEL');
insert into horarios(curso_seccion, dia, hora_ini, hora_fin, t_p, aula, docente) VALUES ('GE903V','MA','20','22','T','S4-110','MORILLO-ROJAS-DANIEL');
insert into horarios(curso_seccion, dia, hora_ini, hora_fin, t_p, aula, docente) VALUES ('GE903W','MA','18','20','T','S4-206','ORIA-CHAVARRIA-WILLIAM');
insert into horarios(curso_seccion, dia, hora_ini, hora_fin, t_p, aula, docente) VALUES ('GE903W','MA','20','22','PRA','S4-206','ORIA-CHAVARRIA-WILLIAM');
insert into horarios(curso_seccion, dia, hora_ini, hora_fin, t_p, aula, docente) VALUES ('GE904U','LU','16','18','PRA','S4-202','EGÚZQUIZA-FIGUEROA-MARÍA ENERINA');
insert into horarios(curso_seccion, dia, hora_ini, hora_fin, t_p, aula, docente) VALUES ('GE904U','MI','16','18','PRA','S4-202','EGÚZQUIZA-FIGUEROA-MARÍA ENERINA');
insert into horarios(curso_seccion, dia, hora_ini, hora_fin, t_p, aula, docente) VALUES ('GE904V','MI','18','20','PRA','S4-111','VALDIVIA-CAMACHO-GLORIA ESTHER');
insert into horarios(curso_seccion, dia, hora_ini, hora_fin, t_p, aula, docente) VALUES ('GE904V','VI','16','18','PRA','S4-111','VALDIVIA-CAMACHO-GLORIA ESTHER');
insert into horarios(curso_seccion, dia, hora_ini, hora_fin, t_p, aula, docente) VALUES ('GE904W','MA','18','20','PRA','S4-205','LLANCCE-MONDRAGON-LUISA');
insert into horarios(curso_seccion, dia, hora_ini, hora_fin, t_p, aula, docente) VALUES ('GE904W','MA','20','22','PRA','S4-205','LLANCCE-MONDRAGON-LUISA');
insert into horarios(curso_seccion, dia, hora_ini, hora_fin, t_p, aula, docente) VALUES ('GE904X','LU','18','20','PRA','S4-203','CAICEDO-BUSTAMANTE-VICTOR ANTONIO');
insert into horarios(curso_seccion, dia, hora_ini, hora_fin, t_p, aula, docente) VALUES ('GE904X','MI','18','20','PRA','S4-203','CAICEDO-BUSTAMANTE-VICTOR ANTONIO');
insert into horarios(curso_seccion, dia, hora_ini, hora_fin, t_p, aula, docente) VALUES ('GE905U','JU','18','20','T','S4-110','FALCONI-VASQUEZ-RODOLFO');
insert into horarios(curso_seccion, dia, hora_ini, hora_fin, t_p, aula, docente) VALUES ('GE905U','VI','18','20','PRA','S4-112','FALCONI-VASQUEZ-RODOLFO');
insert into horarios(curso_seccion, dia, hora_ini, hora_fin, t_p, aula, docente) VALUES ('GE905V','LU','18','20','T','S4-214','FLORES-BASHI-CARLOS ANTONIO');
insert into horarios(curso_seccion, dia, hora_ini, hora_fin, t_p, aula, docente) VALUES ('GE905V','MI','18','20','PRA','S4-214','FLORES-BASHI-CARLOS ANTONIO');
insert into horarios(curso_seccion, dia, hora_ini, hora_fin, t_p, aula, docente) VALUES ('GE906U','JU','16','18','T','S4-206','FLORES-CISNEROS-ERNESTO ROBINSON');
insert into horarios(curso_seccion, dia, hora_ini, hora_fin, t_p, aula, docente) VALUES ('GE906U','MA','16','18','PRA','S4-206','FLORES-CISNEROS-ERNESTO ROBINSON');
insert into horarios(curso_seccion, dia, hora_ini, hora_fin, t_p, aula, docente) VALUES ('GE906V','LU','18','20','T','S4-212','LINARES-VALENCIA-JOSE ANTONIO');
insert into horarios(curso_seccion, dia, hora_ini, hora_fin, t_p, aula, docente) VALUES ('GE906V','LU','20','22','PRA','S4-212','LINARES-VALENCIA-JOSE ANTONIO');
insert into horarios(curso_seccion, dia, hora_ini, hora_fin, t_p, aula, docente) VALUES ('GE906W','JU','18','20','T','S4-206','ZAMORA-MONTERO-WALTER FERNANDO');
insert into horarios(curso_seccion, dia, hora_ini, hora_fin, t_p, aula, docente) VALUES ('GE906W','JU','20','22','PRA','S4-206','ZAMORA-MONTERO-WALTER FERNANDO');
insert into horarios(curso_seccion, dia, hora_ini, hora_fin, t_p, aula, docente) VALUES ('HU102U','LU','8','12','PRA','S4-109','CHAVARRI-ARCE-RAQUEL MARTHA');
insert into horarios(curso_seccion, dia, hora_ini, hora_fin, t_p, aula, docente) VALUES ('HU102V','LU','8','12','PRA','S4-210','CAMPANA-AÑASCO-RILDO');
insert into horarios(curso_seccion, dia, hora_ini, hora_fin, t_p, aula, docente) VALUES ('HU102W','VI','18','22','PRA','S4-202','HIROMOTO-HIROMOTO-FELIPE TSUTOMU');
insert into horarios(curso_seccion, dia, hora_ini, hora_fin, t_p, aula, docente) VALUES ('HU102X','MI','14','18','PRA','S4-109','ROJAS-MENDOZA-DORIS FANNY');
insert into horarios(curso_seccion, dia, hora_ini, hora_fin, t_p, aula, docente) VALUES ('HU102Y','MI','8','12','PRA','S4-112','GOMEZ-ESPINOZA-LUISA VIVIANA');
insert into horarios(curso_seccion, dia, hora_ini, hora_fin, t_p, aula, docente) VALUES ('HU111U','SA','12','14','T','S4-201','HUERTA-ORTEGA-JAVIER ARMANDO');
insert into horarios(curso_seccion, dia, hora_ini, hora_fin, t_p, aula, docente) VALUES ('HU111V','SA','14','16','T','S4-201','HUERTA-ORTEGA-JAVIER ARMANDO');
insert into horarios(curso_seccion, dia, hora_ini, hora_fin, t_p, aula, docente) VALUES ('HU111W','VI','12','14','T','S4-204','FISFALEN-HUERTA-MARIO HEINRICH');
insert into horarios(curso_seccion, dia, hora_ini, hora_fin, t_p, aula, docente) VALUES ('HU112U','LU','16','17','T','S4-111','VALDIVIA-CAMACHO-GLORIA ESTHER');
insert into horarios(curso_seccion, dia, hora_ini, hora_fin, t_p, aula, docente) VALUES ('HU112U','LU','17','19','PRA','S4-111','VALDIVIA-CAMACHO-GLORIA ESTHER');
insert into horarios(curso_seccion, dia, hora_ini, hora_fin, t_p, aula, docente) VALUES ('HU201U','MA','14','16','T','S4-110','CHAVARRI-ARCE-RAQUEL MARTHA');
insert into horarios(curso_seccion, dia, hora_ini, hora_fin, t_p, aula, docente) VALUES ('HU201V','VI','16','18','T','S4-201','SANCHEZ-HUARINGA-CARLOS');
insert into horarios(curso_seccion, dia, hora_ini, hora_fin, t_p, aula, docente) VALUES ('HU201W','MA','14','16','T','S4-111','AYALA-FALCON-ELOY ELADIO');
insert into horarios(curso_seccion, dia, hora_ini, hora_fin, t_p, aula, docente) VALUES ('HU301U','JU','12','14','PRA','S4-216','KRAJNIK-STULIN-FRANCO LUCIANO');
insert into horarios(curso_seccion, dia, hora_ini, hora_fin, t_p, aula, docente) VALUES ('HU301U','LU','10','12','T','S4-216','KRAJNIK-STULIN-FRANCO LUCIANO');
insert into horarios(curso_seccion, dia, hora_ini, hora_fin, t_p, aula, docente) VALUES ('HU301V','JU','10','12','PRA','S4-213','FLORES-CISNEROS-ERNESTO ROBINSON');
insert into horarios(curso_seccion, dia, hora_ini, hora_fin, t_p, aula, docente) VALUES ('HU301V','MI','10','12','T','S4-213','FLORES-CISNEROS-ERNESTO ROBINSON');
insert into horarios(curso_seccion, dia, hora_ini, hora_fin, t_p, aula, docente) VALUES ('HU301W','MA','14','16','T','S4-205','VILLANUEVA-HERRERA-JOSÉ ALBERTO');
insert into horarios(curso_seccion, dia, hora_ini, hora_fin, t_p, aula, docente) VALUES ('HU301W','MI','14','16','PRA','S4-215','VILLANUEVA-HERRERA-JOSÉ ALBERTO');
insert into horarios(curso_seccion, dia, hora_ini, hora_fin, t_p, aula, docente) VALUES ('HU301X','LU','16','18','T','S4-208','HUAMANI-HUAMANI-GLORIA TERESITA');
insert into horarios(curso_seccion, dia, hora_ini, hora_fin, t_p, aula, docente) VALUES ('HU301X','MI','16','18','PRA','S4-208','HUAMANI-HUAMANI-GLORIA TERESITA');
insert into horarios(curso_seccion, dia, hora_ini, hora_fin, t_p, aula, docente) VALUES ('SI035U','VI','18','22','PRA','S4-110','MORALES-CUELLAR-MERY NOEMI');
insert into horarios(curso_seccion, dia, hora_ini, hora_fin, t_p, aula, docente) VALUES ('SI035V','LU','16','20','PRA','LAB O','UN JAN-LIAU HING-EMILIO ALBERTO');
insert into horarios(curso_seccion, dia, hora_ini, hora_fin, t_p, aula, docente) VALUES ('SI035W','VI','18','22','PRA','LAB A','ARADIEL-CASTAÑEDA-HILARIO');
insert into horarios(curso_seccion, dia, hora_ini, hora_fin, t_p, aula, docente) VALUES ('SI055U','MA','18','20','PRA','S4-208','CANCHANO-CARO-JAVIER TOLENTINO');
insert into horarios(curso_seccion, dia, hora_ini, hora_fin, t_p, aula, docente) VALUES ('SI055U','MA','20','22','PRA','S4-208','CANCHANO-CARO-JAVIER TOLENTINO');
insert into horarios(curso_seccion, dia, hora_ini, hora_fin, t_p, aula, docente) VALUES ('SI055V','JU','18','20','PRA','S4-207','GUZMAN-YANGATO-JORGE FERNANDO');
insert into horarios(curso_seccion, dia, hora_ini, hora_fin, t_p, aula, docente) VALUES ('SI055V','MI','18','20','PRA','S4-211','GUZMAN-YANGATO-JORGE FERNANDO');
insert into horarios(curso_seccion, dia, hora_ini, hora_fin, t_p, aula, docente) VALUES ('SI075U','SA','13','15','T','S4-205','ARTEAGA-CORTEZ-HUMBERTO URBANO');
insert into horarios(curso_seccion, dia, hora_ini, hora_fin, t_p, aula, docente) VALUES ('SI075U','SA','15','17','PRA','S4-205','ARTEAGA-CORTEZ-HUMBERTO URBANO');
insert into horarios(curso_seccion, dia, hora_ini, hora_fin, t_p, aula, docente) VALUES ('SI075V','JU','18','20','T','S4-201','REYNA-MONTEVERDE-TINO EDUARDO');
insert into horarios(curso_seccion, dia, hora_ini, hora_fin, t_p, aula, docente) VALUES ('SI075V','JU','20','22','PRA','S4-201','REYNA-MONTEVERDE-TINO EDUARDO');
insert into horarios(curso_seccion, dia, hora_ini, hora_fin, t_p, aula, docente) VALUES ('SI077U','SA','14','16','T','LAB A2','HUAROTE-ZEGARRA-RAUL EDUARDO');
insert into horarios(curso_seccion, dia, hora_ini, hora_fin, t_p, aula, docente) VALUES ('SI077U','SA','16','18','PRA','LAB A2','HUAROTE-ZEGARRA-RAUL EDUARDO');
insert into horarios(curso_seccion, dia, hora_ini, hora_fin, t_p, aula, docente) VALUES ('SI085U','SA','16','17','T','LAB A','SIMICH-LÓPEZ-VICTOR ARTURO');
insert into horarios(curso_seccion, dia, hora_ini, hora_fin, t_p, aula, docente) VALUES ('SI085U','SA','17','21','PRA','LAB A','SIMICH-LÓPEZ-VICTOR ARTURO');
insert into horarios(curso_seccion, dia, hora_ini, hora_fin, t_p, aula, docente) VALUES ('SI085V','SA','8','9','T','S4-110','RAMOS-MORENO-JAIME IGNACIO');
insert into horarios(curso_seccion, dia, hora_ini, hora_fin, t_p, aula, docente) VALUES ('SI085V','SA','9','13','PRA','S4-110','RAMOS-MORENO-JAIME IGNACIO');
insert into horarios(curso_seccion, dia, hora_ini, hora_fin, t_p, aula, docente) VALUES ('SI095U','LU','18','20','PRA','S4-110','MORALES-CUELLAR-MERY NOEMI');
insert into horarios(curso_seccion, dia, hora_ini, hora_fin, t_p, aula, docente) VALUES ('SI095U','MI','18','20','T','S4-110','MORALES-CUELLAR-MERY NOEMI');
insert into horarios(curso_seccion, dia, hora_ini, hora_fin, t_p, aula, docente) VALUES ('SI095V','LU','18','20','T','S2-140','LLANOS-PANDURO-JORGE DANIEL');
insert into horarios(curso_seccion, dia, hora_ini, hora_fin, t_p, aula, docente) VALUES ('SI095V','LU','20','22','PRA','S2-140','LLANOS-PANDURO-JORGE DANIEL');
insert into horarios(curso_seccion, dia, hora_ini, hora_fin, t_p, aula, docente) VALUES ('SI095W','MI','18','20','T','S4-208','MELGAREJO-SOLIS-RONALD ALFONSO');
insert into horarios(curso_seccion, dia, hora_ini, hora_fin, t_p, aula, docente) VALUES ('SI095W','MI','20','22','PRA','S4-208','MELGAREJO-SOLIS-RONALD ALFONSO');
insert into horarios(curso_seccion, dia, hora_ini, hora_fin, t_p, aula, docente) VALUES ('SI101U','LU','16','18','T','S4-110','MORALES-CUELLAR-MERY NOEMI');
insert into horarios(curso_seccion, dia, hora_ini, hora_fin, t_p, aula, docente) VALUES ('SI101U','MI','16','18','PRA','S4-110','MORALES-CUELLAR-MERY NOEMI');
insert into horarios(curso_seccion, dia, hora_ini, hora_fin, t_p, aula, docente) VALUES ('SI101V','JU','8','10','T','S4-211','GUZMAN-YANGATO-JORGE FERNANDO');
insert into horarios(curso_seccion, dia, hora_ini, hora_fin, t_p, aula, docente) VALUES ('SI101V','JU','10','12','PRA','S4-211','GUZMAN-YANGATO-JORGE FERNANDO');
insert into horarios(curso_seccion, dia, hora_ini, hora_fin, t_p, aula, docente) VALUES ('SI101W','MA','8','10','T','S4-211','GUZMAN-YANGATO-JORGE FERNANDO');
insert into horarios(curso_seccion, dia, hora_ini, hora_fin, t_p, aula, docente) VALUES ('SI101W','MA','10','12','PRA','S4-211','GUZMAN-YANGATO-JORGE FERNANDO');
insert into horarios(curso_seccion, dia, hora_ini, hora_fin, t_p, aula, docente) VALUES ('SI111U','LU','18','20','T','S4-211','LUJÁN-CAMPOS-LUIS ALBERTO');
insert into horarios(curso_seccion, dia, hora_ini, hora_fin, t_p, aula, docente) VALUES ('SI111U','VI','18','20','PRA','LAB E','LUJÁN-CAMPOS-LUIS ALBERTO');
insert into horarios(curso_seccion, dia, hora_ini, hora_fin, t_p, aula, docente) VALUES ('SI111V','JU','16','18','PRA','S4-215','CANELO-SOTELO-CÉSAR ALDO');
insert into horarios(curso_seccion, dia, hora_ini, hora_fin, t_p, aula, docente) VALUES ('SI111V','MA','16','18','T','S4-209','CANELO-SOTELO-CÉSAR ALDO');
insert into horarios(curso_seccion, dia, hora_ini, hora_fin, t_p, aula, docente) VALUES ('SI114U','LU','20','22','T','LAB D','SANCHEZ-ESPINOZA-JAVIER CONCEPCIÓN');
insert into horarios(curso_seccion, dia, hora_ini, hora_fin, t_p, aula, docente) VALUES ('SI114U','MI','20','22','PRA','LAB D','SANCHEZ-ESPINOZA-JAVIER CONCEPCIÓN');
insert into horarios(curso_seccion, dia, hora_ini, hora_fin, t_p, aula, docente) VALUES ('SI114V','LU','18','20','T','LAB D','SANCHEZ-ESPINOZA-JAVIER CONCEPCIÓN');
insert into horarios(curso_seccion, dia, hora_ini, hora_fin, t_p, aula, docente) VALUES ('SI114V','MI','18','20','PRA','LAB D','SANCHEZ-ESPINOZA-JAVIER CONCEPCIÓN');
insert into horarios(curso_seccion, dia, hora_ini, hora_fin, t_p, aula, docente) VALUES ('SI150U','MA','18','20','T','LAB D','ARADIEL-CASTAÑEDA-HILARIO');
insert into horarios(curso_seccion, dia, hora_ini, hora_fin, t_p, aula, docente) VALUES ('SI150U','MA','20','22','PRA','LAB D','ARADIEL-CASTAÑEDA-HILARIO');
insert into horarios(curso_seccion, dia, hora_ini, hora_fin, t_p, aula, docente) VALUES ('SI155U','JU','14','16','PRA','LAB B','BORJA-ROSALES-RUBÉN ARTURO');
insert into horarios(curso_seccion, dia, hora_ini, hora_fin, t_p, aula, docente) VALUES ('SI155U','MA','14','16','T','LAB B','BORJA-ROSALES-RUBÉN ARTURO');
insert into horarios(curso_seccion, dia, hora_ini, hora_fin, t_p, aula, docente) VALUES ('SI155V','LU','16','18','T','LAB A1','CARRANZA-MILLA-EMERSON FLORMIRO');
insert into horarios(curso_seccion, dia, hora_ini, hora_fin, t_p, aula, docente) VALUES ('SI155V','MI','16','18','PRA','LAB A1','CARRANZA-MILLA-EMERSON FLORMIRO');
insert into horarios(curso_seccion, dia, hora_ini, hora_fin, t_p, aula, docente) VALUES ('SI201U','SA','8','10','T','S4-201','NEYRA-LUZA-ALBERTO CARLOS');
insert into horarios(curso_seccion, dia, hora_ini, hora_fin, t_p, aula, docente) VALUES ('SI201U','SA','10','12','PRA','S4-201','NEYRA-LUZA-ALBERTO CARLOS');
insert into horarios(curso_seccion, dia, hora_ini, hora_fin, t_p, aula, docente) VALUES ('SI201V','MA','8','10','T','S4-201','NEYRA-LUZA-ALBERTO CARLOS');
insert into horarios(curso_seccion, dia, hora_ini, hora_fin, t_p, aula, docente) VALUES ('SI201V','MA','10','12','PRA','S4-201','NEYRA-LUZA-ALBERTO CARLOS');
insert into horarios(curso_seccion, dia, hora_ini, hora_fin, t_p, aula, docente) VALUES ('SI201W','SA','13','15','T','S4-109','OCROSPOMA-PELLA-PATRICIA');
insert into horarios(curso_seccion, dia, hora_ini, hora_fin, t_p, aula, docente) VALUES ('SI201W','SA','15','17','PRA','S4-109','OCROSPOMA-PELLA-PATRICIA');
insert into horarios(curso_seccion, dia, hora_ini, hora_fin, t_p, aula, docente) VALUES ('SI203U','JU','18','20','T','S4-214','CANCHANO-CARO-JAVIER TOLENTINO');
insert into horarios(curso_seccion, dia, hora_ini, hora_fin, t_p, aula, docente) VALUES ('SI203U','JU','20','22','PRA','S4-214','CANCHANO-CARO-JAVIER TOLENTINO');
insert into horarios(curso_seccion, dia, hora_ini, hora_fin, t_p, aula, docente) VALUES ('SI203V','MA','18','20','T','S4-202','LLANOS-PANDURO-JORGE DANIEL');
insert into horarios(curso_seccion, dia, hora_ini, hora_fin, t_p, aula, docente) VALUES ('SI203V','MA','20','22','PRA','S4-202','LLANOS-PANDURO-JORGE DANIEL');
insert into horarios(curso_seccion, dia, hora_ini, hora_fin, t_p, aula, docente) VALUES ('SI203W','LU','18','20','PRA','S4-202','SALAS-COZ-ERWIN ERASMO');
insert into horarios(curso_seccion, dia, hora_ini, hora_fin, t_p, aula, docente) VALUES ('SI203W','LU','20','22','T','S4-202','SALAS-COZ-ERWIN ERASMO');
insert into horarios(curso_seccion, dia, hora_ini, hora_fin, t_p, aula, docente) VALUES ('SI203Z','JU','18','20','T','S4-210','SALAS-COZ-ERWIN ERASMO');
insert into horarios(curso_seccion, dia, hora_ini, hora_fin, t_p, aula, docente) VALUES ('SI203Z','JU','20','22','PRA','S4-210','SALAS-COZ-ERWIN ERASMO');
insert into horarios(curso_seccion, dia, hora_ini, hora_fin, t_p, aula, docente) VALUES ('SI204U','MI','8','10','T','S4-215','FISFALEN-HUERTA-MARIO HEINRICH');
insert into horarios(curso_seccion, dia, hora_ini, hora_fin, t_p, aula, docente) VALUES ('SI204V','JU','18','20','T','S4-202','ANTAURCO-TRUJILLO-JESÚS WALTER');
insert into horarios(curso_seccion, dia, hora_ini, hora_fin, t_p, aula, docente) VALUES ('SI204W','LU','8','10','T','S4-204','FISFALEN-HUERTA-MARIO HEINRICH');
insert into horarios(curso_seccion, dia, hora_ini, hora_fin, t_p, aula, docente) VALUES ('SI205U','MA','8','10','PRA','LAB A1','SOTELO-VILLENA-JUAN CARLOS');
insert into horarios(curso_seccion, dia, hora_ini, hora_fin, t_p, aula, docente) VALUES ('SI205U','MI','16','18','T','LAB A1','SOTELO-VILLENA-JUAN CARLOS');
insert into horarios(curso_seccion, dia, hora_ini, hora_fin, t_p, aula, docente) VALUES ('SI205V','MA','8','10','PRA','LAB A','ACOSTA-DE LA CRUZ-PEDRO RAUL');
insert into horarios(curso_seccion, dia, hora_ini, hora_fin, t_p, aula, docente) VALUES ('SI205V','VI','8','10','T','LAB A','ACOSTA-DE LA CRUZ-PEDRO RAUL');
insert into horarios(curso_seccion, dia, hora_ini, hora_fin, t_p, aula, docente) VALUES ('SI205W','JU','18','20','T','LAB O','NN');
insert into horarios(curso_seccion, dia, hora_ini, hora_fin, t_p, aula, docente) VALUES ('SI205W','MA','8','10','PRA','LAB O','NN');
insert into horarios(curso_seccion, dia, hora_ini, hora_fin, t_p, aula, docente) VALUES ('SI205W','MA','18','20','T','LAB O','NN');
insert into horarios(curso_seccion, dia, hora_ini, hora_fin, t_p, aula, docente) VALUES ('SI207U','MI','15','16','T','S2-140','SANCHEZ-TORRES-HEIDI ISABEL');
insert into horarios(curso_seccion, dia, hora_ini, hora_fin, t_p, aula, docente) VALUES ('SI207U','MI','16','18','PRA','S2-140','SANCHEZ-TORRES-HEIDI ISABEL');
insert into horarios(curso_seccion, dia, hora_ini, hora_fin, t_p, aula, docente) VALUES ('SI207V','MA','17','18','T','AUDIOV','AYALA-LIMAYLLA-CHRISTIAN SAEL');
insert into horarios(curso_seccion, dia, hora_ini, hora_fin, t_p, aula, docente) VALUES ('SI207V','MA','18','20','PRA','AUDIOV','AYALA-LIMAYLLA-CHRISTIAN SAEL');
insert into horarios(curso_seccion, dia, hora_ini, hora_fin, t_p, aula, docente) VALUES ('SI207W','SA','18','19','T','S4-215','AYALA-LIMAYLLA-CHRISTIAN SAEL');
insert into horarios(curso_seccion, dia, hora_ini, hora_fin, t_p, aula, docente) VALUES ('SI207W','SA','19','21','PRA','S4-215','AYALA-LIMAYLLA-CHRISTIAN SAEL');
insert into horarios(curso_seccion, dia, hora_ini, hora_fin, t_p, aula, docente) VALUES ('SI301U','VI','14','15','T','S4-205','FISFALEN-HUERTA-MARIO HEINRICH');
insert into horarios(curso_seccion, dia, hora_ini, hora_fin, t_p, aula, docente) VALUES ('SI301U','VI','15','17','PRA','S4-205','FISFALEN-HUERTA-MARIO HEINRICH');
insert into horarios(curso_seccion, dia, hora_ini, hora_fin, t_p, aula, docente) VALUES ('SI301V','LU','10','12','PRA','S4-209','TOCTO-INGA-PAUL MILLER');
insert into horarios(curso_seccion, dia, hora_ini, hora_fin, t_p, aula, docente) VALUES ('SI301V','MA','9','10','T','S4-209','TOCTO-INGA-PAUL MILLER');
insert into horarios(curso_seccion, dia, hora_ini, hora_fin, t_p, aula, docente) VALUES ('SI301W','VI','12','13','T','S4-110','SALAS-CORDERO-ROCIO GUADALUPE');
insert into horarios(curso_seccion, dia, hora_ini, hora_fin, t_p, aula, docente) VALUES ('SI301W','VI','13','15','PRA','S4-110','SALAS-CORDERO-ROCIO GUADALUPE');
insert into horarios(curso_seccion, dia, hora_ini, hora_fin, t_p, aula, docente) VALUES ('SI302U','LU','16','18','PRA','LAB E','RODRIGUEZ-RAFAEL-GLEN DARIO');
insert into horarios(curso_seccion, dia, hora_ini, hora_fin, t_p, aula, docente) VALUES ('SI302U','MI','19','20','T','LAB E','CARDENAS-ADVINCULA-YSRAEL ALBERTO');
insert into horarios(curso_seccion, dia, hora_ini, hora_fin, t_p, aula, docente) VALUES ('SI302U','MI','20','22','PRA','LAB E','CARDENAS-ADVINCULA-YSRAEL ALBERTO');
insert into horarios(curso_seccion, dia, hora_ini, hora_fin, t_p, aula, docente) VALUES ('SI302V','SA','10','11','T','LAB A','AUDANTE-RAMOS-NESTOR RAFAEL');
insert into horarios(curso_seccion, dia, hora_ini, hora_fin, t_p, aula, docente) VALUES ('SI302V','SA','11','15','PRA','LAB A','AUDANTE-RAMOS-NESTOR RAFAEL');
insert into horarios(curso_seccion, dia, hora_ini, hora_fin, t_p, aula, docente) VALUES ('SI302W','JU','20','22','PRA','LAB A','CARDENAS-ADVINCULA-YSRAEL ALBERTO');
insert into horarios(curso_seccion, dia, hora_ini, hora_fin, t_p, aula, docente) VALUES ('SI302W','LU','18','19','T','S4-205','CARDENAS-ADVINCULA-YSRAEL ALBERTO');
insert into horarios(curso_seccion, dia, hora_ini, hora_fin, t_p, aula, docente) VALUES ('SI302W','LU','19','21','PRA','S4-205','CARDENAS-ADVINCULA-YSRAEL ALBERTO');
insert into horarios(curso_seccion, dia, hora_ini, hora_fin, t_p, aula, docente) VALUES ('SI401U','MI','10','12','T','LAB O','CORDOVA-NERI-TEODORO LUCIANO');
insert into horarios(curso_seccion, dia, hora_ini, hora_fin, t_p, aula, docente) VALUES ('SI401U','VI','10','12','PRA','LAB O','CORDOVA-NERI-TEODORO LUCIANO');
insert into horarios(curso_seccion, dia, hora_ini, hora_fin, t_p, aula, docente) VALUES ('SI401V','LU','14','16','T','LAB E','LUJÁN-CAMPOS-LUIS ALBERTO');
insert into horarios(curso_seccion, dia, hora_ini, hora_fin, t_p, aula, docente) VALUES ('SI401V','VI','14','16','PRA','LAB E','LUJÁN-CAMPOS-LUIS ALBERTO');
insert into horarios(curso_seccion, dia, hora_ini, hora_fin, t_p, aula, docente) VALUES ('SI403V','MI','10','12','T','S2-140','FISFALEN-HUERTA-MARIO HEINRICH');
insert into horarios(curso_seccion, dia, hora_ini, hora_fin, t_p, aula, docente) VALUES ('SI403V','MI','12','14','PRA','S2-140','FISFALEN-HUERTA-MARIO HEINRICH');
insert into horarios(curso_seccion, dia, hora_ini, hora_fin, t_p, aula, docente) VALUES ('SI403W','VI','18','20','T','S4-205','SALAS-COZ-ERWIN ERASMO');
insert into horarios(curso_seccion, dia, hora_ini, hora_fin, t_p, aula, docente) VALUES ('SI403W','VI','20','22','PRA','S4-205','SALAS-COZ-ERWIN ERASMO');
insert into horarios(curso_seccion, dia, hora_ini, hora_fin, t_p, aula, docente) VALUES ('SI405U','MA','18','20','T','S4-201','REYNA-MONTEVERDE-TINO EDUARDO');
insert into horarios(curso_seccion, dia, hora_ini, hora_fin, t_p, aula, docente) VALUES ('SI405U','MA','20','22','PRA','S4-201','REYNA-MONTEVERDE-TINO EDUARDO');
insert into horarios(curso_seccion, dia, hora_ini, hora_fin, t_p, aula, docente) VALUES ('SI405V','LU','18','20','T','LAB B','RODRIGUEZ-RAFAEL-GLEN DARIO');
insert into horarios(curso_seccion, dia, hora_ini, hora_fin, t_p, aula, docente) VALUES ('SI405V','LU','20','22','PRA','LAB B','RODRIGUEZ-RAFAEL-GLEN DARIO');
insert into horarios(curso_seccion, dia, hora_ini, hora_fin, t_p, aula, docente) VALUES ('SI501U','MI','16','18','T','S4-206','CANELO-SOTELO-CÉSAR ALDO');
insert into horarios(curso_seccion, dia, hora_ini, hora_fin, t_p, aula, docente) VALUES ('SI501U','MI','18','20','PRA','S4-206','CANELO-SOTELO-CÉSAR ALDO');
insert into horarios(curso_seccion, dia, hora_ini, hora_fin, t_p, aula, docente) VALUES ('SI501V','MA','16','18','T','S4-201','MEDINA-AQUINO-LUIS FELIPE');
insert into horarios(curso_seccion, dia, hora_ini, hora_fin, t_p, aula, docente) VALUES ('SI501V','VI','14','16','PRA','S4-201','FERNANDEZ-LOSTAUNAU-CÉSAR ANTONIO');
insert into horarios(curso_seccion, dia, hora_ini, hora_fin, t_p, aula, docente) VALUES ('SI501X','JU','16','18','T','S4-211','MEDINA-AQUINO-LUIS FELIPE');
insert into horarios(curso_seccion, dia, hora_ini, hora_fin, t_p, aula, docente) VALUES ('SI501X','VI','12','14','PRA','S4-210','FERNANDEZ-LOSTAUNAU-CÉSAR ANTONIO');
insert into horarios(curso_seccion, dia, hora_ini, hora_fin, t_p, aula, docente) VALUES ('SI503U','LU','10','12','T','LAB O','HUARCAYA-JUNES-ALEJANDRINA NELLY');
insert into horarios(curso_seccion, dia, hora_ini, hora_fin, t_p, aula, docente) VALUES ('SI503U','LU','12','14','PRA','LAB O','HUARCAYA-JUNES-ALEJANDRINA NELLY');
insert into horarios(curso_seccion, dia, hora_ini, hora_fin, t_p, aula, docente) VALUES ('SI503V','MI','18','20','T','S4-213','RIZABAL-FLORES-ELIANA CECILIA');
insert into horarios(curso_seccion, dia, hora_ini, hora_fin, t_p, aula, docente) VALUES ('SI503V','MI','20','22','PRA','S4-213','RIZABAL-FLORES-ELIANA CECILIA');
insert into horarios(curso_seccion, dia, hora_ini, hora_fin, t_p, aula, docente) VALUES ('SI503W','JU','20','22','PRA','S4-105','TALAVERANO-GARCÍA-JULIO CESAR');
insert into horarios(curso_seccion, dia, hora_ini, hora_fin, t_p, aula, docente) VALUES ('SI503W','MA','20','22','T','S4-210','TALAVERANO-GARCÍA-JULIO CESAR');
insert into horarios(curso_seccion, dia, hora_ini, hora_fin, t_p, aula, docente) VALUES ('SI505U','SA','9','11','T','S4-213','REYNA-MONTEVERDE-TINO EDUARDO');
insert into horarios(curso_seccion, dia, hora_ini, hora_fin, t_p, aula, docente) VALUES ('SI505U','SA','11','13','PRA','S4-213','REYNA-MONTEVERDE-TINO EDUARDO');
insert into horarios(curso_seccion, dia, hora_ini, hora_fin, t_p, aula, docente) VALUES ('SI505V','LU','18','20','T','LAB A','CABALLERO-ORTIZ-JOSE ALBERTO');
insert into horarios(curso_seccion, dia, hora_ini, hora_fin, t_p, aula, docente) VALUES ('SI505V','LU','20','22','PRA','LAB A','CABALLERO-ORTIZ-JOSE ALBERTO');
insert into horarios(curso_seccion, dia, hora_ini, hora_fin, t_p, aula, docente) VALUES ('SI601U','JU','18','20','T','S4-216','CANELO-SOTELO-CÉSAR ALDO');
insert into horarios(curso_seccion, dia, hora_ini, hora_fin, t_p, aula, docente) VALUES ('SI601U','MA','18','20','PRA','S4-214','CANELO-SOTELO-CÉSAR ALDO');
insert into horarios(curso_seccion, dia, hora_ini, hora_fin, t_p, aula, docente) VALUES ('SI601V','LU','16','18','T','LAB D','LUJÁN-CAMPOS-LUIS ALBERTO');
insert into horarios(curso_seccion, dia, hora_ini, hora_fin, t_p, aula, docente) VALUES ('SI601V','VI','16','18','PRA','LAB E','LUJÁN-CAMPOS-LUIS ALBERTO');
insert into horarios(curso_seccion, dia, hora_ini, hora_fin, t_p, aula, docente) VALUES ('SI601W','JU','10','12','PRA','S4-215','MEDINA-AQUINO-LUIS FELIPE');
insert into horarios(curso_seccion, dia, hora_ini, hora_fin, t_p, aula, docente) VALUES ('SI601W','MA','10','12','T','S4-215','MEDINA-AQUINO-LUIS FELIPE');
insert into horarios(curso_seccion, dia, hora_ini, hora_fin, t_p, aula, docente) VALUES ('SI602U','LU','18','20','T','LAB C','MÉNDEZ-VALDIVIA-CELEDONIO');
insert into horarios(curso_seccion, dia, hora_ini, hora_fin, t_p, aula, docente) VALUES ('SI602U','LU','20','22','PRA','LAB C','MÉNDEZ-VALDIVIA-CELEDONIO');
insert into horarios(curso_seccion, dia, hora_ini, hora_fin, t_p, aula, docente) VALUES ('SI602V','MI','18','20','T','S2-140','LLANOS-PANDURO-JORGE DANIEL');
insert into horarios(curso_seccion, dia, hora_ini, hora_fin, t_p, aula, docente) VALUES ('SI602V','MI','20','22','PRA','S2-140','LLANOS-PANDURO-JORGE DANIEL');
insert into horarios(curso_seccion, dia, hora_ini, hora_fin, t_p, aula, docente) VALUES ('SI603U','JU','18','20','T','S4-203','UN JAN-LIAU HING-EMILIO ALBERTO');
insert into horarios(curso_seccion, dia, hora_ini, hora_fin, t_p, aula, docente) VALUES ('SI603U','JU','20','22','PRA','S4-203','UN JAN-LIAU HING-EMILIO ALBERTO');
insert into horarios(curso_seccion, dia, hora_ini, hora_fin, t_p, aula, docente) VALUES ('SI604U','LU','20','22','T','LAB E','ANTAURCO-TRUJILLO-JESÚS WALTER');
insert into horarios(curso_seccion, dia, hora_ini, hora_fin, t_p, aula, docente) VALUES ('SI604U','SA','8','12','PRA','LAB E','ANTAURCO-TRUJILLO-JESÚS WALTER');
insert into horarios(curso_seccion, dia, hora_ini, hora_fin, t_p, aula, docente) VALUES ('SI605U','VI','18','20','T','S4-211','ANTAURCO-TRUJILLO-JESÚS WALTER');
insert into horarios(curso_seccion, dia, hora_ini, hora_fin, t_p, aula, docente) VALUES ('SI605U','VI','20','22','PRA','S4-211','ANTAURCO-TRUJILLO-JESÚS WALTER');
insert into horarios(curso_seccion, dia, hora_ini, hora_fin, t_p, aula, docente) VALUES ('SI607U','JU','16','18','PRA','LAB B','CARRANZA-MILLA-EMERSON FLORMIRO');
insert into horarios(curso_seccion, dia, hora_ini, hora_fin, t_p, aula, docente) VALUES ('SI607U','MA','16','18','T','LAB B','CARRANZA-MILLA-EMERSON FLORMIRO');
insert into horarios(curso_seccion, dia, hora_ini, hora_fin, t_p, aula, docente) VALUES ('SI607V','LU','14','16','T','LAB A','BORJA-ROSALES-RUBÉN ARTURO');
insert into horarios(curso_seccion, dia, hora_ini, hora_fin, t_p, aula, docente) VALUES ('SI607V','MI','14','16','PRA','LAB A','BORJA-ROSALES-RUBÉN ARTURO');
insert into horarios(curso_seccion, dia, hora_ini, hora_fin, t_p, aula, docente) VALUES ('SI701U','LU','20','22','PRA','LAB A1','SOTELO-VILLENA-JUAN CARLOS');
insert into horarios(curso_seccion, dia, hora_ini, hora_fin, t_p, aula, docente) VALUES ('SI701U','LU','18','20','T','LAB A1','SOTELO-VILLENA-JUAN CARLOS');
insert into horarios(curso_seccion, dia, hora_ini, hora_fin, t_p, aula, docente) VALUES ('SI701V','SA','8','10','T','LAB O','COSSA-CABANILLAS-JESUS ALBERTO');
insert into horarios(curso_seccion, dia, hora_ini, hora_fin, t_p, aula, docente) VALUES ('SI701V','SA','10','12','PRA','LAB O','COSSA-CABANILLAS-JESUS ALBERTO');
insert into horarios(curso_seccion, dia, hora_ini, hora_fin, t_p, aula, docente) VALUES ('SI701W','SA','14','16','T','LAB O','ULFE-VEGA-LUIS ALBERTO');
insert into horarios(curso_seccion, dia, hora_ini, hora_fin, t_p, aula, docente) VALUES ('SI701W','SA','16','18','PRA','LAB O','ULFE-VEGA-LUIS ALBERTO');
insert into horarios(curso_seccion, dia, hora_ini, hora_fin, t_p, aula, docente) VALUES ('SI701X','SA','10','12','T','LAB B','TORRE-CAMONES-ANIVAL ALFREDO');
insert into horarios(curso_seccion, dia, hora_ini, hora_fin, t_p, aula, docente) VALUES ('SI701X','SA','12','14','PRA','LAB B','TORRE-CAMONES-ANIVAL ALFREDO');
insert into horarios(curso_seccion, dia, hora_ini, hora_fin, t_p, aula, docente) VALUES ('SI702U','JU','16','18','PRA','LAB A','CORDOVA-NERI-TEODORO LUCIANO');
insert into horarios(curso_seccion, dia, hora_ini, hora_fin, t_p, aula, docente) VALUES ('SI702U','MI','16','18','PRA','LAB A','CORDOVA-NERI-TEODORO LUCIANO');
insert into horarios(curso_seccion, dia, hora_ini, hora_fin, t_p, aula, docente) VALUES ('SI702V','MI','18','20','PRA','LAB O','MÉNDEZ-VALDIVIA-CELEDONIO');
insert into horarios(curso_seccion, dia, hora_ini, hora_fin, t_p, aula, docente) VALUES ('SI702V','MI','20','22','PRA','LAB O','MÉNDEZ-VALDIVIA-CELEDONIO');
insert into horarios(curso_seccion, dia, hora_ini, hora_fin, t_p, aula, docente) VALUES ('SI704U','JU','18','20','T','S4-213','NAVARRO-QUIÑONES-EDINSON ROBERTO');
insert into horarios(curso_seccion, dia, hora_ini, hora_fin, t_p, aula, docente) VALUES ('SI704U','JU','20','22','PRA','S4-213','NAVARRO-QUIÑONES-EDINSON ROBERTO');
insert into horarios(curso_seccion, dia, hora_ini, hora_fin, t_p, aula, docente) VALUES ('SI704V','JU','18','20','T','S4-211','ESPINOZA-FALCON-LUIS ALBERTO');
insert into horarios(curso_seccion, dia, hora_ini, hora_fin, t_p, aula, docente) VALUES ('SI704V','JU','20','22','PRA','S4-211','ESPINOZA-FALCON-LUIS ALBERTO');
insert into horarios(curso_seccion, dia, hora_ini, hora_fin, t_p, aula, docente) VALUES ('SI705U','LU','16','17','T','S4-205','ZORILLA-VARGAS-CARLOS');
insert into horarios(curso_seccion, dia, hora_ini, hora_fin, t_p, aula, docente) VALUES ('SI705U','LU','17','19','PRA','S4-205','ZORILLA-VARGAS-CARLOS');
insert into horarios(curso_seccion, dia, hora_ini, hora_fin, t_p, aula, docente) VALUES ('SI705V','VI','15','16','T','S4-110','NAVARRO-NEYRA-MIGUEL ANGEL');
insert into horarios(curso_seccion, dia, hora_ini, hora_fin, t_p, aula, docente) VALUES ('SI705V','VI','16','18','PRA','S4-110','NAVARRO-NEYRA-MIGUEL ANGEL');
insert into horarios(curso_seccion, dia, hora_ini, hora_fin, t_p, aula, docente) VALUES ('SI707U','VI','18','20','T','LAB D','SANCHEZ-ESPINOZA-JAVIER CONCEPCIÓN');
insert into horarios(curso_seccion, dia, hora_ini, hora_fin, t_p, aula, docente) VALUES ('SI707U','VI','20','22','PRA','LAB D','SANCHEZ-ESPINOZA-JAVIER CONCEPCIÓN');
insert into horarios(curso_seccion, dia, hora_ini, hora_fin, t_p, aula, docente) VALUES ('SI707V','LU','18','20','T','LAB G','CARRANZA-BARRENA-WILFREDO EDUARDO');
insert into horarios(curso_seccion, dia, hora_ini, hora_fin, t_p, aula, docente) VALUES ('SI707V','LU','20','22','PRA','LAB G','CARRANZA-BARRENA-WILFREDO EDUARDO');
insert into horarios(curso_seccion, dia, hora_ini, hora_fin, t_p, aula, docente) VALUES ('SI801U','MA','18','20','T','S4-212','SALAS-COZ-ERWIN ERASMO');
insert into horarios(curso_seccion, dia, hora_ini, hora_fin, t_p, aula, docente) VALUES ('SI801U','MA','20','22','PRA','S4-212','SALAS-COZ-ERWIN ERASMO');
insert into horarios(curso_seccion, dia, hora_ini, hora_fin, t_p, aula, docente) VALUES ('SI801V','LU','18','20','T','S4-207','RODRÍGUEZ-ULLOA-RICARDO AURELIO');
insert into horarios(curso_seccion, dia, hora_ini, hora_fin, t_p, aula, docente) VALUES ('SI801V','LU','20','22','PRA','S4-207','RODRÍGUEZ-ULLOA-RICARDO AURELIO');
insert into horarios(curso_seccion, dia, hora_ini, hora_fin, t_p, aula, docente) VALUES ('SI805U','SA','8','10','PRA','LAB D','HUAPAYA-CIRIACO-ALBERTO JESUS');
insert into horarios(curso_seccion, dia, hora_ini, hora_fin, t_p, aula, docente) VALUES ('SI805U','SA','10','12','PRA','LAB D','HUAPAYA-CIRIACO-ALBERTO JESUS');
insert into horarios(curso_seccion, dia, hora_ini, hora_fin, t_p, aula, docente) VALUES ('SI805V','JU','20','22','PRA','S4-215','ESPINAL-LAU-MIGUEL EDUARDO');
insert into horarios(curso_seccion, dia, hora_ini, hora_fin, t_p, aula, docente) VALUES ('SI805V','LU','20','22','PRA','S4-215','ESPINAL-LAU-MIGUEL EDUARDO');
insert into horarios(curso_seccion, dia, hora_ini, hora_fin, t_p, aula, docente) VALUES ('SI806U','SA','16','18','PRA','LAB E','JANJACHI-TORIBIO-CARLOS ALBERTO');
insert into horarios(curso_seccion, dia, hora_ini, hora_fin, t_p, aula, docente) VALUES ('SI806U','SA','18','20','PRA','LAB E','JANJACHI-TORIBIO-CARLOS ALBERTO');
insert into horarios(curso_seccion, dia, hora_ini, hora_fin, t_p, aula, docente) VALUES ('SI806V','SA','18','20','PRA','LAB B','ZORILLA-VARGAS-CARLOS');
insert into horarios(curso_seccion, dia, hora_ini, hora_fin, t_p, aula, docente) VALUES ('SI806V','SA','20','22','PRA','LAB B','ZORILLA-VARGAS-CARLOS');
insert into horarios(curso_seccion, dia, hora_ini, hora_fin, t_p, aula, docente) VALUES ('SI807U','SA','14','16','T','LAB O','ARADIEL-CASTAÑEDA-HILARIO');
insert into horarios(curso_seccion, dia, hora_ini, hora_fin, t_p, aula, docente) VALUES ('SI807U','SA','16','18','PRA','LAB O','ARADIEL-CASTAÑEDA-HILARIO');
insert into horarios(curso_seccion, dia, hora_ini, hora_fin, t_p, aula, docente) VALUES ('SI807V','LU','16','18','T','S4-110','SALAS-CORDERO-ROCIO GUADALUPE');
insert into horarios(curso_seccion, dia, hora_ini, hora_fin, t_p, aula, docente) VALUES ('SI807V','LU','18','20','PRA','S4-209','SALAS-CORDERO-ROCIO GUADALUPE');
insert into horarios(curso_seccion, dia, hora_ini, hora_fin, t_p, aula, docente) VALUES ('SI901U','VI','18','22','PRA','LAB A1','SOTELO-VILLENA-JUAN CARLOS');
insert into horarios(curso_seccion, dia, hora_ini, hora_fin, t_p, aula, docente) VALUES ('SI901V','MA','18','22','PRA','S4-213','RODRIGUEZ-RAFAEL-GLEN DARIO');
insert into horarios(curso_seccion, dia, hora_ini, hora_fin, t_p, aula, docente) VALUES ('SI901W','MA','18','22','PRA','LAB C','UN JAN-LIAU HING-EMILIO ALBERTO');
insert into horarios(curso_seccion, dia, hora_ini, hora_fin, t_p, aula, docente) VALUES ('SI902U','MI','18','20','T','S4-215','VELARDE-CARPIO-MANUEL HELARF');
insert into horarios(curso_seccion, dia, hora_ini, hora_fin, t_p, aula, docente) VALUES ('SI902U','MI','20','22','PRA','S4-215','VELARDE-CARPIO-MANUEL HELARF');
insert into horarios(curso_seccion, dia, hora_ini, hora_fin, t_p, aula, docente) VALUES ('SI902V','MI','18','20','T','S4-210','SALAS-CORDERO-ROCIO GUADALUPE');
insert into horarios(curso_seccion, dia, hora_ini, hora_fin, t_p, aula, docente) VALUES ('SI902V','MI','20','22','PRA','S4-210','SALAS-CORDERO-ROCIO GUADALUPE');
insert into horarios(curso_seccion, dia, hora_ini, hora_fin, t_p, aula, docente) VALUES ('SI903U','LU','19','20','T','S4-111','CALIZAYA-NEYRA-PERCY ANGEL');
insert into horarios(curso_seccion, dia, hora_ini, hora_fin, t_p, aula, docente) VALUES ('SI903U','LU','20','22','PRA','S4-111','CALIZAYA-NEYRA-PERCY ANGEL');
insert into horarios(curso_seccion, dia, hora_ini, hora_fin, t_p, aula, docente) VALUES ('SI903V','LU','19','20','T','S4-213','MURILLO-LUNA-MANUEL ANTONIO');
insert into horarios(curso_seccion, dia, hora_ini, hora_fin, t_p, aula, docente) VALUES ('SI903V','LU','20','22','PRA','S4-213','MURILLO-LUNA-MANUEL ANTONIO');
insert into horarios(curso_seccion, dia, hora_ini, hora_fin, t_p, aula, docente) VALUES ('SI904U','JU','20','22','T','LAB B','BRINGAS-MASGO-ISAAC ERNESTO');
insert into horarios(curso_seccion, dia, hora_ini, hora_fin, t_p, aula, docente) VALUES ('SI904U','VI','20','22','PRA','LAB E','BRINGAS-MASGO-ISAAC ERNESTO');
insert into horarios(curso_seccion, dia, hora_ini, hora_fin, t_p, aula, docente) VALUES ('SI904V','SA','8','10','T','S4-206','BARRIENTOS-RODRIGUEZ-VICTOR RAUL');
insert into horarios(curso_seccion, dia, hora_ini, hora_fin, t_p, aula, docente) VALUES ('SI904V','SA','10','12','PRA','S4-206','BARRIENTOS-RODRIGUEZ-VICTOR RAUL');
insert into horarios(curso_seccion, dia, hora_ini, hora_fin, t_p, aula, docente) VALUES ('TE101U','LU','14','16','PRA','S2-136','MONCADA-CAJAVILCA-VICTOR JOSÉ');
insert into horarios(curso_seccion, dia, hora_ini, hora_fin, t_p, aula, docente) VALUES ('TE101U','MI','14','16','PRA','S4-209','MONCADA-CAJAVILCA-VICTOR JOSÉ');
insert into horarios(curso_seccion, dia, hora_ini, hora_fin, t_p, aula, docente) VALUES ('TE101V','SA','8','10','PRA','S4-209','CALLO-MOSCOSO-LUIS ALBERTO');
insert into horarios(curso_seccion, dia, hora_ini, hora_fin, t_p, aula, docente) VALUES ('TE101V','VI','14','16','PRA','S4-209','CALLO-MOSCOSO-LUIS ALBERTO');
insert into horarios(curso_seccion, dia, hora_ini, hora_fin, t_p, aula, docente) VALUES ('TE101W','SA','10','12','PRA','S4-209','CALLO-MOSCOSO-LUIS ALBERTO');
insert into horarios(curso_seccion, dia, hora_ini, hora_fin, t_p, aula, docente) VALUES ('TE101W','VI','18','20','PRA','S4-211','CALLO-MOSCOSO-LUIS ALBERTO');
insert into horarios(curso_seccion, dia, hora_ini, hora_fin, t_p, aula, docente) VALUES ('TE101X','LU','16','18','PRA','S2-136','MONCADA-CAJAVILCA-VICTOR JOSÉ');
insert into horarios(curso_seccion, dia, hora_ini, hora_fin, t_p, aula, docente) VALUES ('TE101X','MI','16','18','PRA','S4-209','MONCADA-CAJAVILCA-VICTOR JOSÉ');
insert into horarios(curso_seccion, dia, hora_ini, hora_fin, t_p, aula, docente) VALUES ('TE101Y','SA','12','14','PRA','S4-211','CALLO-MOSCOSO-LUIS ALBERTO');
insert into horarios(curso_seccion, dia, hora_ini, hora_fin, t_p, aula, docente) VALUES ('TE101Y','VI','16','18','PRA','S4-211','CALLO-MOSCOSO-LUIS ALBERTO');
insert into horarios(curso_seccion, dia, hora_ini, hora_fin, t_p, aula, docente) VALUES ('TE111U','JU','20','22','PRA','LAB D','CARRANZA-BARRENA-WILFREDO EDUARDO');
insert into horarios(curso_seccion, dia, hora_ini, hora_fin, t_p, aula, docente) VALUES ('TE111U','JU','18','20','T','LAB D','CARRANZA-BARRENA-WILFREDO EDUARDO');
insert into horarios(curso_seccion, dia, hora_ini, hora_fin, t_p, aula, docente) VALUES ('TE111V','JU','20','22','PRA','LAB C','VILCAPOMA-ESCURRA-EDGAR SOCRATES');
insert into horarios(curso_seccion, dia, hora_ini, hora_fin, t_p, aula, docente) VALUES ('TE111V','JU','18','20','T','LAB C','VILCAPOMA-ESCURRA-EDGAR SOCRATES');
insert into horarios(curso_seccion, dia, hora_ini, hora_fin, t_p, aula, docente) VALUES ('TE121U','JU','14','16','PRA','S4-209','KRAJNIK-STULIN-FRANCO LUCIANO');
insert into horarios(curso_seccion, dia, hora_ini, hora_fin, t_p, aula, docente) VALUES ('TE121U','MA','14','16','T','S4-209','KRAJNIK-STULIN-FRANCO LUCIANO');
insert into horarios(curso_seccion, dia, hora_ini, hora_fin, t_p, aula, docente) VALUES ('TE122U','MI','16','18','T','S4-111','PARRA-OSORIO-HERNAN JULIO');
insert into horarios(curso_seccion, dia, hora_ini, hora_fin, t_p, aula, docente) VALUES ('TE122U','VI','16','18','PRA','S4-109','PARRA-OSORIO-HERNAN JULIO');
insert into horarios(curso_seccion, dia, hora_ini, hora_fin, t_p, aula, docente) VALUES ('TE124U','LU','14','16','T','S4-110','CARRANZA-MILLA-EMERSON FLORMIRO');
insert into horarios(curso_seccion, dia, hora_ini, hora_fin, t_p, aula, docente) VALUES ('TE124U','MI','14','16','PRA','S4-105','CARRANZA-MILLA-EMERSON FLORMIRO');
insert into horarios(curso_seccion, dia, hora_ini, hora_fin, t_p, aula, docente) VALUES ('TE125U','JU','18','20','PRA','S4-209','TALAVERANO-GARCÍA-JULIO CESAR');
insert into horarios(curso_seccion, dia, hora_ini, hora_fin, t_p, aula, docente) VALUES ('TE125U','MA','18','20','T','S4-105','TALAVERANO-GARCÍA-JULIO CESAR');
insert into horarios(curso_seccion, dia, hora_ini, hora_fin, t_p, aula, docente) VALUES ('TE126U','LU','20','22','T','S4-112','VALDIVIA-CAMACHO-GLORIA ESTHER');
insert into horarios(curso_seccion, dia, hora_ini, hora_fin, t_p, aula, docente) VALUES ('TE126U','MI','20','22','PRA','S4-211','VALDIVIA-CAMACHO-GLORIA ESTHER');
insert into horarios(curso_seccion, dia, hora_ini, hora_fin, t_p, aula, docente) VALUES ('TE301U','LU','8','11','T','S4-208','PARRA-OSORIO-HERNAN JULIO');
insert into horarios(curso_seccion, dia, hora_ini, hora_fin, t_p, aula, docente) VALUES ('TE301U','MI','8','10','PRA','S4-209','PARRA-OSORIO-HERNAN JULIO');
insert into horarios(curso_seccion, dia, hora_ini, hora_fin, t_p, aula, docente) VALUES ('TE301V','MA','8','11','T','S4-216','OSORIO-MARUJO-BILMA ELIZABETH');
insert into horarios(curso_seccion, dia, hora_ini, hora_fin, t_p, aula, docente) VALUES ('TE301V','MI','16','18','PRA','S4-204','REYES-ACOSTA-ROSARIO');
insert into horarios(curso_seccion, dia, hora_ini, hora_fin, t_p, aula, docente) VALUES ('TE302U','LU','18','20','T','AUT','MUÑOZ-INGA-CARLOS');
insert into horarios(curso_seccion, dia, hora_ini, hora_fin, t_p, aula, docente) VALUES ('TE302U','MI','18','20','PRA','LAB B','MUÑOZ-INGA-CARLOS');
insert into horarios(curso_seccion, dia, hora_ini, hora_fin, t_p, aula, docente) VALUES ('TE302V','SA','8','10','T','LAB B','CIEZA DE LEÓN-TUESTA-EDUARDO JOSÉ');
insert into horarios(curso_seccion, dia, hora_ini, hora_fin, t_p, aula, docente) VALUES ('TE302V','SA','10','12','PRA','LAB B','CIEZA DE LEÓN-TUESTA-EDUARDO JOSÉ');
insert into horarios(curso_seccion, dia, hora_ini, hora_fin, t_p, aula, docente) VALUES ('TE401U','LU','10','12','T','S4-212','TARAZONA-PONTE-SANTIAGO');
insert into horarios(curso_seccion, dia, hora_ini, hora_fin, t_p, aula, docente) VALUES ('TE401U','MI','10','12','PRA','S4-210','TARAZONA-PONTE-SANTIAGO');
insert into horarios(curso_seccion, dia, hora_ini, hora_fin, t_p, aula, docente) VALUES ('TE401V','JU','10','12','PRA','S4-105','CHAFLOQUE-ELIAS-CARLOS ALBERTO');
insert into horarios(curso_seccion, dia, hora_ini, hora_fin, t_p, aula, docente) VALUES ('TE401V','MA','10','12','T','S4-111','CHAFLOQUE-ELIAS-CARLOS ALBERTO');
insert into horarios(curso_seccion, dia, hora_ini, hora_fin, t_p, aula, docente) VALUES ('TE501U','JU','14','17','T','S4-105','TARAZONA-PONTE-SANTIAGO');
insert into horarios(curso_seccion, dia, hora_ini, hora_fin, t_p, aula, docente) VALUES ('TE501U','MA','14','16','PRA','S4-105','TARAZONA-PONTE-SANTIAGO');
insert into horarios(curso_seccion, dia, hora_ini, hora_fin, t_p, aula, docente) VALUES ('TE501V','MA','12','14','PRA','S4-213','BENITES-YARLEQUÉ-JOSÉ VALERIO');
insert into horarios(curso_seccion, dia, hora_ini, hora_fin, t_p, aula, docente) VALUES ('TE501V','VI','18','21','T','S4-213','BENITES-YARLEQUÉ-JOSÉ VALERIO');
insert into horarios(curso_seccion, dia, hora_ini, hora_fin, t_p, aula, docente) VALUES ('TE503U','MA','8','10','T','S4-203','PARRA-OSORIO-HERNAN JULIO');
insert into horarios(curso_seccion, dia, hora_ini, hora_fin, t_p, aula, docente) VALUES ('TE503U','VI','8','12','PRA','S4-203','RONDINEL-PINEDA-PETRA ELINE');
insert into horarios(curso_seccion, dia, hora_ini, hora_fin, t_p, aula, docente) VALUES ('TE503V','MI','8','12','PRA','S4-111','OSORIO-MARUJO-BILMA ELIZABETH');
insert into horarios(curso_seccion, dia, hora_ini, hora_fin, t_p, aula, docente) VALUES ('TE503V','VI','10','12','T','S4-111','OSORIO-MARUJO-BILMA ELIZABETH');
insert into horarios(curso_seccion, dia, hora_ini, hora_fin, t_p, aula, docente) VALUES ('TE601U','JU','14','16','PRA','S4-213','CRUZ-FIGUEROA-GUILLERMO ROLDAN');
insert into horarios(curso_seccion, dia, hora_ini, hora_fin, t_p, aula, docente) VALUES ('TE601U','MI','14','16','T','S4-213','CRUZ-FIGUEROA-GUILLERMO ROLDAN');
insert into horarios(curso_seccion, dia, hora_ini, hora_fin, t_p, aula, docente) VALUES ('TE601V','MI','18','20','PRA','S4-209','AGUERO-MAURICIO-ALFREDO ROLANDO');
insert into horarios(curso_seccion, dia, hora_ini, hora_fin, t_p, aula, docente) VALUES ('TE601V','VI','18','20','T','S4-208','AGUERO-MAURICIO-ALFREDO ROLANDO');
insert into horarios(curso_seccion, dia, hora_ini, hora_fin, t_p, aula, docente) VALUES ('TE602U','LU','20','22','T','S4-214','MUÑOZ-INGA-CARLOS');
insert into horarios(curso_seccion, dia, hora_ini, hora_fin, t_p, aula, docente) VALUES ('TE602U','MI','20','22','PRA','S4-214','MUÑOZ-INGA-CARLOS');
insert into horarios(curso_seccion, dia, hora_ini, hora_fin, t_p, aula, docente) VALUES ('TE602V','MA','14','16','T','S4-207','CRUZ-FIGUEROA-GUILLERMO ROLDAN');
insert into horarios(curso_seccion, dia, hora_ini, hora_fin, t_p, aula, docente) VALUES ('TE602V','MI','16','18','PRA','S4-207','CRUZ-FIGUEROA-GUILLERMO ROLDAN');
insert into horarios(curso_seccion, dia, hora_ini, hora_fin, t_p, aula, docente) VALUES ('TE602W','MI','14','16','T','S4-207','AGUERO-MAURICIO-ALFREDO ROLANDO');
insert into horarios(curso_seccion, dia, hora_ini, hora_fin, t_p, aula, docente) VALUES ('TE602W','VI','14','16','PRA','S4-207','AGUERO-MAURICIO-ALFREDO ROLANDO');
insert into horarios(curso_seccion, dia, hora_ini, hora_fin, t_p, aula, docente) VALUES ('TE603U','LU','14','16','T','S4-111','LAU-CARRILLO-CARMEN IVONNE');
insert into horarios(curso_seccion, dia, hora_ini, hora_fin, t_p, aula, docente) VALUES ('TE603U','MA','14','16','PRA','S4-111','LAU-CARRILLO-CARMEN IVONNE');
insert into horarios(curso_seccion, dia, hora_ini, hora_fin, t_p, aula, docente) VALUES ('TE604U','MA','14','16','T','AUT','ZUÑIGA-MERCADO-ANTONIO');
insert into horarios(curso_seccion, dia, hora_ini, hora_fin, t_p, aula, docente) VALUES ('TE604U','MI','14','16','PRA','AUT','ZUÑIGA-MERCADO-ANTONIO');
insert into horarios(curso_seccion, dia, hora_ini, hora_fin, t_p, aula, docente) VALUES ('TE604V','JU','12','14','PRA','S4-201','HUAMAN-URETA-PEÑAFORT LUIS');
insert into horarios(curso_seccion, dia, hora_ini, hora_fin, t_p, aula, docente) VALUES ('TE604V','MA','16','18','T','S4-210','HUAMAN-URETA-PEÑAFORT LUIS');
insert into horarios(curso_seccion, dia, hora_ini, hora_fin, t_p, aula, docente) VALUES ('TE701U','JU','16','18','PRA','S4-208','AGUERO-MAURICIO-ALFREDO ROLANDO');
insert into horarios(curso_seccion, dia, hora_ini, hora_fin, t_p, aula, docente) VALUES ('TE701U','LU','18','20','T','S4-208','AGUERO-MAURICIO-ALFREDO ROLANDO');
insert into horarios(curso_seccion, dia, hora_ini, hora_fin, t_p, aula, docente) VALUES ('TE701V','JU','14','16','T','S4-203','HUAMAN-URETA-PEÑAFORT LUIS');
insert into horarios(curso_seccion, dia, hora_ini, hora_fin, t_p, aula, docente) VALUES ('TE701V','MA','14','16','PRA','S4-203','HUAMAN-URETA-PEÑAFORT LUIS');
insert into horarios(curso_seccion, dia, hora_ini, hora_fin, t_p, aula, docente) VALUES ('TE701W','JU','12','14','PRA','S4-213','CRUZ-FIGUEROA-GUILLERMO ROLDAN');
insert into horarios(curso_seccion, dia, hora_ini, hora_fin, t_p, aula, docente) VALUES ('TE701W','MA','16','18','T','S4-213','CRUZ-FIGUEROA-GUILLERMO ROLDAN');
insert into horarios(curso_seccion, dia, hora_ini, hora_fin, t_p, aula, docente) VALUES ('TE801U','JU','18','20','T','AUT','MUÑOZ-INGA-CARLOS');
insert into horarios(curso_seccion, dia, hora_ini, hora_fin, t_p, aula, docente) VALUES ('TE801U','JU','20','22','PRA','AUT','MUÑOZ-INGA-CARLOS');
insert into horarios(curso_seccion, dia, hora_ini, hora_fin, t_p, aula, docente) VALUES ('TE801V','LU','16','18','T','AUT','ZUÑIGA-MERCADO-ANTONIO');
insert into horarios(curso_seccion, dia, hora_ini, hora_fin, t_p, aula, docente) VALUES ('TE801V','LU','18','20','PRA','AUT','ZUÑIGA-MERCADO-ANTONIO');
insert into horarios(curso_seccion, dia, hora_ini, hora_fin, t_p, aula, docente) VALUES ('TE801W','MA','16','18','T','AUT','ZUÑIGA-MERCADO-ANTONIO');
insert into horarios(curso_seccion, dia, hora_ini, hora_fin, t_p, aula, docente) VALUES ('TE801W','MA','18','20','PRA','AUT','ZUÑIGA-MERCADO-ANTONIO');
insert into horarios(curso_seccion, dia, hora_ini, hora_fin, t_p, aula, docente) VALUES ('TE802U','LU','18','20','PRA','S4-216','CIEZA DE LEÓN-TUESTA-EDUARDO JOSÉ');
insert into horarios(curso_seccion, dia, hora_ini, hora_fin, t_p, aula, docente) VALUES ('TE802U','LU','20','22','T','S4-216','CIEZA DE LEÓN-TUESTA-EDUARDO JOSÉ');
insert into horarios(curso_seccion, dia, hora_ini, hora_fin, t_p, aula, docente) VALUES ('TE802V','SA','12','14','T','S4-204','CIEZA DE LEÓN-TUESTA-EDUARDO JOSÉ');
insert into horarios(curso_seccion, dia, hora_ini, hora_fin, t_p, aula, docente) VALUES ('TE802V','VI','18','20','PRA','LAB B','MONCADA-CAJAVILCA-VICTOR JOSÉ');
insert into horarios(curso_seccion, dia, hora_ini, hora_fin, t_p, aula, docente) VALUES ('TE802W','VI','16','18','PRA','S4-203','HUAMAN-URETA-PEÑAFORT LUIS');
insert into horarios(curso_seccion, dia, hora_ini, hora_fin, t_p, aula, docente) VALUES ('TE802W','VI','18','20','T','S4-203','HUAMAN-URETA-PEÑAFORT LUIS');
insert into horarios(curso_seccion, dia, hora_ini, hora_fin, t_p, aula, docente) VALUES ('TE803U','JU','16','18','PRA','S4-216','KRAJNIK-STULIN-FRANCO LUCIANO');
insert into horarios(curso_seccion, dia, hora_ini, hora_fin, t_p, aula, docente) VALUES ('TE803U','MA','16','18','T','S4-215','KRAJNIK-STULIN-FRANCO LUCIANO');
insert into horarios(curso_seccion, dia, hora_ini, hora_fin, t_p, aula, docente) VALUES ('TE803V','JU','16','18','PRA','S4-202','EGÚZQUIZA-FIGUEROA-MARÍA ENERINA');
insert into horarios(curso_seccion, dia, hora_ini, hora_fin, t_p, aula, docente) VALUES ('TE803V','MA','16','18','T','S4-202','EGÚZQUIZA-FIGUEROA-MARÍA ENERINA');
insert into horarios(curso_seccion, dia, hora_ini, hora_fin, t_p, aula, docente) VALUES ('TE901U','SA','10','12','T','S4-202','YALICO-BUSTILLOS-KAREN MARGARITA');
insert into horarios(curso_seccion, dia, hora_ini, hora_fin, t_p, aula, docente) VALUES ('TE901U','SA','12','14','PRA','S4-202','YALICO-BUSTILLOS-KAREN MARGARITA');
insert into horarios(curso_seccion, dia, hora_ini, hora_fin, t_p, aula, docente) VALUES ('TE901V','MI','18','20','T','S4-207','GARCIA-CORZO-JUAN CARLOS');
insert into horarios(curso_seccion, dia, hora_ini, hora_fin, t_p, aula, docente) VALUES ('TE901V','MI','20','22','PRA','S4-207','GARCIA-CORZO-JUAN CARLOS');
