insert into cursos (codigo, nombre) values ('BEF01','ETICA Y FILOSOFIA POLITICA');
insert into cursos (codigo, nombre) values ('BEG01','ECONOMIA GENERAL');
insert into cursos (codigo, nombre) values ('BFI01','FISICA I');
insert into cursos (codigo, nombre) values ('BIC01','INTRODUCCION A LA COMPUTACION');
insert into cursos (codigo, nombre) values ('BMA01','CALCULO DIFERENCIAL');
insert into cursos (codigo, nombre) values ('BMA02','CALCULO INTEGRAL');
insert into cursos (codigo, nombre) values ('BMA03','ALGEBRA LINEAL');
insert into cursos (codigo, nombre) values ('BQU01','QUIMICA I');
insert into cursos (codigo, nombre) values ('BRC01','REDACCION Y COMUNICACION');
insert into cursos (codigo, nombre) values ('BRN01','REALIDAD NACIONAL, CONSTITUCION Y DERECHOS HUMANOS');
insert into cursos (codigo, nombre) values ('FB101','GEOMETRIA ANALITICA');
insert into cursos (codigo, nombre) values ('FB202','QUIMICA II');
insert into cursos (codigo, nombre) values ('FB301','MATEMATICA DISCRETA');
insert into cursos (codigo, nombre) values ('FB303','CALCULO MULTIVARIABLE');
insert into cursos (codigo, nombre) values ('FB305','ESTADISTICA Y PROBABILIDADES');
insert into cursos (codigo, nombre) values ('FB401','FISICA II');
insert into cursos (codigo, nombre) values ('FB402','CALCULO NUMERICO');
insert into cursos (codigo, nombre) values ('FB403','ECUACIONES DIFERENCIALES');
insert into cursos (codigo, nombre) values ('FB405','ESTADISTICA APLICADA');
insert into cursos (codigo, nombre) values ('FB501','MATEMATICA APLICADA');
insert into cursos (codigo, nombre) values ('GE001','PROYECTO DE TESIS EN INGENIERIA INDUSTRIAL II');
insert into cursos (codigo, nombre) values ('GE101','INTRODUCCION A LA INGENIERIA INDUSTRIAL');
insert into cursos (codigo, nombre) values ('GE112','TEORIA DE JUEGOS Y LA NEGOCIACION');
insert into cursos (codigo, nombre) values ('GE115','DESARROLLO ECONOMICO');
insert into cursos (codigo, nombre) values ('GE122','SISTEMA DE COSTOS');
insert into cursos (codigo, nombre) values ('GE124','COMERCIO INTERNACIONAL');
insert into cursos (codigo, nombre) values ('GE128','DIAGNOSTICO DE EMPRESAS');
insert into cursos (codigo, nombre) values ('GE501','TEORIA ORGANIZACIONAL');
insert into cursos (codigo, nombre) values ('GE502','INGENIERIA DEL TRABAJO I');
insert into cursos (codigo, nombre) values ('GE602','CONTABILIDAD FINANCIERA');
insert into cursos (codigo, nombre) values ('GE603','INGENIERIA DEL TRABAJO II');
insert into cursos (codigo, nombre) values ('GE604','ADMINISTRACION Y ORGANIZACION');
insert into cursos (codigo, nombre) values ('GE605','SISTEMA Y GESTION FINANCIERA');
insert into cursos (codigo, nombre) values ('GE701','LOGISTICA EMPRESARIAL');
insert into cursos (codigo, nombre) values ('GE702','INGENIERIA ECONOMICA');
insert into cursos (codigo, nombre) values ('GE703','SISTEMAS INTEGRADOS EMPRESARIALES');
insert into cursos (codigo, nombre) values ('GE704','CONTABILIDAD DE COSTOS Y PRESUPUESTOS');
insert into cursos (codigo, nombre) values ('GE709','SISTEMAS DE CALIDAD');
insert into cursos (codigo, nombre) values ('GE801','PLANEAMIENTO Y GESTION ESTRATEGICA');
insert into cursos (codigo, nombre) values ('GE802','GESTION DE LA CADENA DE SUMINISTRO');
insert into cursos (codigo, nombre) values ('GE803','SISTEMAS ANALITICOS');
insert into cursos (codigo, nombre) values ('GE805','MERCADOTECNIA');
insert into cursos (codigo, nombre) values ('GE901','INNOVACION Y EMPRENDIMIENTO DE NEGOCIOS');
insert into cursos (codigo, nombre) values ('GE902','DISEÑO Y EVALUACION DE PROYECTOS');
insert into cursos (codigo, nombre) values ('GE903','GESTION DEL TALENTO HUMANO');
insert into cursos (codigo, nombre) values ('GE904','PROYECTO DE TESIS EN INGENIERIA INDUSTRIAL I');
insert into cursos (codigo, nombre) values ('GE905','PLANEAMIENTO Y CONTROL DE OPERACIONES');
insert into cursos (codigo, nombre) values ('GE906','GESTION FINANCIERA');
insert into cursos (codigo, nombre) values ('GP154','ADMINISTRACION DE RECURSOS HUMANOS');
insert into cursos (codigo, nombre) values ('GP205','GESTION DE MANTENIMIENTO');
insert into cursos (codigo, nombre) values ('GP234','ANALISIS ECONOMICO EN INGENIERIA');
insert into cursos (codigo, nombre) values ('GP244','SISTEMAS DE COSTOS');
insert into cursos (codigo, nombre) values ('GP403','SISTEMAS PRODUCTIVOS');
insert into cursos (codigo, nombre) values ('GP514','COMERCIO INTERNACIONAL');
insert into cursos (codigo, nombre) values ('GP515','PLANEAMIENTO Y DIRECCION ESTRATEGICA');
insert into cursos (codigo, nombre) values ('GP525','DISEÑO Y EVALUACION DE PROYECTOS');
insert into cursos (codigo, nombre) values ('GP545','PROYECTO DE TESIS EN INGENIERIA INDUSTRIAL II');
insert into cursos (codigo, nombre) values ('GP555','GESTION DE NEGOCIOS I');
insert into cursos (codigo, nombre) values ('GP575','DIAGNOSTICO EMPRESARIAL');
insert into cursos (codigo, nombre) values ('HS144','COMPORTAMIENTO ORGANIZACIONAL');
insert into cursos (codigo, nombre) values ('HU102','DESARROLLO PERSONAL');
insert into cursos (codigo, nombre) values ('HU111','LEGISLACION EMPRESARIAL Y TRIBUTARIA');
insert into cursos (codigo, nombre) values ('HU112','COMPORTAMIENTO ORGANIZACIONAL');
insert into cursos (codigo, nombre) values ('HU201','SOCIOLOGIA');
insert into cursos (codigo, nombre) values ('HU301','METODOLOGIA DE LA INVESTIGACION');
insert into cursos (codigo, nombre) values ('SI035','PROYECTO DE TESIS EN INGENIERIA SISTEMAS II');
insert into cursos (codigo, nombre) values ('SI055','GESTION DE PROYECTOS');
insert into cursos (codigo, nombre) values ('SI075','AUDITORIA DE SISTEMAS');
insert into cursos (codigo, nombre) values ('SI077','INTELIGENCIA ARTIFICIAL');
insert into cursos (codigo, nombre) values ('SI085','APLICACION DE NEGOCIOS ELECTRONICOS');
insert into cursos (codigo, nombre) values ('SI095','INGENIERIA EMPRESARIAL');
insert into cursos (codigo, nombre) values ('SI101','INTRODUCCION AL PENSAMIENTO Y A LA INGENIERIA DE SISTEMAS');
insert into cursos (codigo, nombre) values ('SI111','TEORIA DE DECISIONES');
insert into cursos (codigo, nombre) values ('SI114','BASE DE DATOS');
insert into cursos (codigo, nombre) values ('SI150','ANALITICA DE DATOS');
insert into cursos (codigo, nombre) values ('SI155','CIBERSEGURIDAD');
insert into cursos (codigo, nombre) values ('SI201','PSICOLOGIA SISTEMICA');
insert into cursos (codigo, nombre) values ('SI203','TEORIA Y CIENCIA DE SISTEMAS');
insert into cursos (codigo, nombre) values ('SI204','TEORIA GENERAL DE SISTEMAS');
insert into cursos (codigo, nombre) values ('SI205','ALGORITMIA Y ESTRUCTURA DE DATOS');
insert into cursos (codigo, nombre) values ('SI207','SISTEMAS BIOLOGICOS Y ECOLOGICOS');
insert into cursos (codigo, nombre) values ('SI301','TEORIA Y CIENCIA DE SISTEMAS APLICADA');
insert into cursos (codigo, nombre) values ('SI302','PROGRAMACION ORIENTADA A OBJETOS');
insert into cursos (codigo, nombre) values ('SI401','LENGUAJE DE PROGRAMACION');
insert into cursos (codigo, nombre) values ('SI403','METODOLOGIA DE LOS SISTEMAS BLANDOS');
insert into cursos (codigo, nombre) values ('SI405','MODELADO CONCEPTUAL DE DATOS');
insert into cursos (codigo, nombre) values ('SI501','INVESTIGACION DE OPERACIONES I');
insert into cursos (codigo, nombre) values ('SI503','INGENIERIA DE PROCESOS');
insert into cursos (codigo, nombre) values ('SI505','DISEÑO DE BASE DE DATOS');
insert into cursos (codigo, nombre) values ('SI601','INVESTIGACION DE OPERACIONES II');
insert into cursos (codigo, nombre) values ('SI602','DINAMICA DE SISTEMAS');
insert into cursos (codigo, nombre) values ('SI603','MODELADO DE PROCESOS DE CICLO DE VIDA DE SISTEMAS');
insert into cursos (codigo, nombre) values ('SI604','ANALISIS Y DISEÑO DE SISTEMAS');
insert into cursos (codigo, nombre) values ('SI605','ARQUITECTURA EMPRESARIAL');
insert into cursos (codigo, nombre) values ('SI607','ARQUITECTURA COMPUTACIONAL Y REDES');
insert into cursos (codigo, nombre) values ('SI701','MODELADO SISTEMICO Y SIMULACION');
insert into cursos (codigo, nombre) values ('SI702','TALLER DE DINAMICA DE SISTEMAS');
insert into cursos (codigo, nombre) values ('SI704','GESTION DE LA INGENIERIA DE SISTEMAS');
insert into cursos (codigo, nombre) values ('SI705','ESTANDARES DE LA INGENIERIA DE SISTEMAS');
insert into cursos (codigo, nombre) values ('SI707','INGENIERIA DE SOFTWARE');
insert into cursos (codigo, nombre) values ('SI801','MODELO DEL SISTEMA VIABLE');
insert into cursos (codigo, nombre) values ('SI805','INTEGRACION DE SISTEMAS');
insert into cursos (codigo, nombre) values ('SI806','DESARROLLO ADAPTATIVO E INTEGRADO DEL SW');
insert into cursos (codigo, nombre) values ('SI807','SISTEMAS DE INTELIGENCIA DE NEGOCIO');
insert into cursos (codigo, nombre) values ('SI901','PROYECTO DE TESIS EN INGENIERIA SISTEMAS I');
insert into cursos (codigo, nombre) values ('SI902','INGENIERIA DE SISTEMAS DE SERVICIO');
insert into cursos (codigo, nombre) values ('SI903','IMPLEMENTACION DE SISTEMAS');
insert into cursos (codigo, nombre) values ('SI904','SEGURIDAD DE SISTEMAS');
insert into cursos (codigo, nombre) values ('ST114','TEORIA DE DECISIONES');
insert into cursos (codigo, nombre) values ('ST124','SIMULACION');
insert into cursos (codigo, nombre) values ('ST150','ANALITICA DE DATOS');
insert into cursos (codigo, nombre) values ('ST155','CIBERSEGURIDAD');
insert into cursos (codigo, nombre) values ('ST215','SEGURIDAD INFORMATICA');
insert into cursos (codigo, nombre) values ('ST231','TALLER DE HERRAMIENTAS SOFTWARE I');
insert into cursos (codigo, nombre) values ('ST235','PROYECTO DE TESIS EN INGENIERIA DE SISTEMAS I');
insert into cursos (codigo, nombre) values ('ST236','PROYECTO DE TESIS EN INGENIERIA DE SISTEMAS II');
insert into cursos (codigo, nombre) values ('ST254','ADMINISTRACION DE LA CALIDAD DE SOFTWARE');
insert into cursos (codigo, nombre) values ('ST255','GESTION DE PROYECTOS INFORMATICOS');
insert into cursos (codigo, nombre) values ('ST274','BASE DE DATOS');
insert into cursos (codigo, nombre) values ('ST275','AUDITORIA DE SISTEMAS');
insert into cursos (codigo, nombre) values ('ST285','APLICACION DE NEGOCIOS ELECTRONICOS');
insert into cursos (codigo, nombre) values ('ST295','INGENIERIA EMPRESARIAL');
insert into cursos (codigo, nombre) values ('ST414','INTELIGENCIA ARTIFICIAL');
insert into cursos (codigo, nombre) values ('ST605','ARQUITECTURA EMPRESARIAL');
insert into cursos (codigo, nombre) values ('ST702','TALLER DINAMICA DE SISTEMAS');
insert into cursos (codigo, nombre) values ('TE101','DIBUJO DE INGENIERIA');
insert into cursos (codigo, nombre) values ('TE111','INNOVACION Y GESTION TECNOLOGICA');
insert into cursos (codigo, nombre) values ('TE121','ERGONOMIA');
insert into cursos (codigo, nombre) values ('TE122','PROCESOS AGROINDUSTRIALES');
insert into cursos (codigo, nombre) values ('TE124','GESTION DE LA ENERGIA');
insert into cursos (codigo, nombre) values ('TE125','LEAN MANUFACTURING');
insert into cursos (codigo, nombre) values ('TE126','GESTION DEL MANTENIMIENTO');
insert into cursos (codigo, nombre) values ('TE301','FISICO QUIMICA Y OPERACIONES UNITARIAS');
insert into cursos (codigo, nombre) values ('TE302','DISEÑO ASISTIDO POR COMPUTADOR');
insert into cursos (codigo, nombre) values ('TE401','TERMODINAMICA');
insert into cursos (codigo, nombre) values ('TE501','ELECTRICIDAD Y ELECTRONICA INDUSTRIAL');
insert into cursos (codigo, nombre) values ('TE503','PROCESOS INDUSTRIALES I');
insert into cursos (codigo, nombre) values ('TE601','INGENIERIA DE MATERIALES');
insert into cursos (codigo, nombre) values ('TE602','PROCESOS INDUSTRIALES II');
insert into cursos (codigo, nombre) values ('TE603','CONTROL ESTADISTICO DE PROCESOS');
insert into cursos (codigo, nombre) values ('TE604','MAQUINARIA E INSTRUMENTACION INDUSTRIAL');
insert into cursos (codigo, nombre) values ('TE701','ANALISIS DE PROCESOS DE MANUFACTURA');
insert into cursos (codigo, nombre) values ('TE801','AUTOMATIZACION Y CONTROL DE PROCESOS');
insert into cursos (codigo, nombre) values ('TE802','INGENIERIA DEL PRODUCTO');
insert into cursos (codigo, nombre) values ('TE803','SISTEMAS INTEGRADOS DE CALIDAD');
insert into cursos (codigo, nombre) values ('TE901','SEGURIDAD Y SALUD OCUPACIONAL');
insert into cursos (codigo, nombre) values ('TP224','PROCESOS INDUSTRIALES II');
insert into cursos (codigo, nombre) values ('TP254','AUTOMATIZACION Y CONTROL DE PROCESOS');
insert into cursos (codigo, nombre) values ('TP314','INGENIERIA DEL PRODUCTO');
insert into cursos (codigo, nombre) values ('TP324','ERGONOMIA');
insert into cursos (codigo, nombre) values ('TP505','GESTION Y ASEGURAMIENTO DE CALIDAD TOTAL');

insert into curso_seccion (seccion, codigo_curso, curso_seccion) VALUES ('U','BEF01','BEF01U');
insert into curso_seccion (seccion, codigo_curso, curso_seccion) VALUES ('V','BEF01','BEF01V');
insert into curso_seccion (seccion, codigo_curso, curso_seccion) VALUES ('W','BEF01','BEF01W');
insert into curso_seccion (seccion, codigo_curso, curso_seccion) VALUES ('X','BEF01','BEF01X');
insert into curso_seccion (seccion, codigo_curso, curso_seccion) VALUES ('Y','BEF01','BEF01Y');
insert into curso_seccion (seccion, codigo_curso, curso_seccion) VALUES ('U','BEG01','BEG01U');
insert into curso_seccion (seccion, codigo_curso, curso_seccion) VALUES ('V','BEG01','BEG01V');
insert into curso_seccion (seccion, codigo_curso, curso_seccion) VALUES ('W','BEG01','BEG01W');
insert into curso_seccion (seccion, codigo_curso, curso_seccion) VALUES ('X','BEG01','BEG01X');
insert into curso_seccion (seccion, codigo_curso, curso_seccion) VALUES ('U','BFI01','BFI01U');
insert into curso_seccion (seccion, codigo_curso, curso_seccion) VALUES ('V','BFI01','BFI01V');
insert into curso_seccion (seccion, codigo_curso, curso_seccion) VALUES ('W','BFI01','BFI01W');
insert into curso_seccion (seccion, codigo_curso, curso_seccion) VALUES ('X','BFI01','BFI01X');
insert into curso_seccion (seccion, codigo_curso, curso_seccion) VALUES ('Y','BFI01','BFI01Y');
insert into curso_seccion (seccion, codigo_curso, curso_seccion) VALUES ('A','BIC01','BIC01A');
insert into curso_seccion (seccion, codigo_curso, curso_seccion) VALUES ('U','BIC01','BIC01U');
insert into curso_seccion (seccion, codigo_curso, curso_seccion) VALUES ('V','BIC01','BIC01V');
insert into curso_seccion (seccion, codigo_curso, curso_seccion) VALUES ('W','BIC01','BIC01W');
insert into curso_seccion (seccion, codigo_curso, curso_seccion) VALUES ('X','BIC01','BIC01X');
insert into curso_seccion (seccion, codigo_curso, curso_seccion) VALUES ('Y','BIC01','BIC01Y');
insert into curso_seccion (seccion, codigo_curso, curso_seccion) VALUES ('U','BMA01','BMA01U');
insert into curso_seccion (seccion, codigo_curso, curso_seccion) VALUES ('V','BMA01','BMA01V');
insert into curso_seccion (seccion, codigo_curso, curso_seccion) VALUES ('W','BMA01','BMA01W');
insert into curso_seccion (seccion, codigo_curso, curso_seccion) VALUES ('X','BMA01','BMA01X');
insert into curso_seccion (seccion, codigo_curso, curso_seccion) VALUES ('Y','BMA01','BMA01Y');
insert into curso_seccion (seccion, codigo_curso, curso_seccion) VALUES ('U','BMA02','BMA02U');
insert into curso_seccion (seccion, codigo_curso, curso_seccion) VALUES ('V','BMA02','BMA02V');
insert into curso_seccion (seccion, codigo_curso, curso_seccion) VALUES ('W','BMA02','BMA02W');
insert into curso_seccion (seccion, codigo_curso, curso_seccion) VALUES ('X','BMA02','BMA02X');
insert into curso_seccion (seccion, codigo_curso, curso_seccion) VALUES ('Y','BMA02','BMA02Y');
insert into curso_seccion (seccion, codigo_curso, curso_seccion) VALUES ('U','BMA03','BMA03U');
insert into curso_seccion (seccion, codigo_curso, curso_seccion) VALUES ('V','BMA03','BMA03V');
insert into curso_seccion (seccion, codigo_curso, curso_seccion) VALUES ('W','BMA03','BMA03W');
insert into curso_seccion (seccion, codigo_curso, curso_seccion) VALUES ('X','BMA03','BMA03X');
insert into curso_seccion (seccion, codigo_curso, curso_seccion) VALUES ('Y','BMA03','BMA03Y');
insert into curso_seccion (seccion, codigo_curso, curso_seccion) VALUES ('A','BQU01','BQU01A');
insert into curso_seccion (seccion, codigo_curso, curso_seccion) VALUES ('U','BQU01','BQU01U');
insert into curso_seccion (seccion, codigo_curso, curso_seccion) VALUES ('V','BQU01','BQU01V');
insert into curso_seccion (seccion, codigo_curso, curso_seccion) VALUES ('W','BQU01','BQU01W');
insert into curso_seccion (seccion, codigo_curso, curso_seccion) VALUES ('X','BQU01','BQU01X');
insert into curso_seccion (seccion, codigo_curso, curso_seccion) VALUES ('Y','BQU01','BQU01Y');
insert into curso_seccion (seccion, codigo_curso, curso_seccion) VALUES ('U','BRC01','BRC01U');
insert into curso_seccion (seccion, codigo_curso, curso_seccion) VALUES ('V','BRC01','BRC01V');
insert into curso_seccion (seccion, codigo_curso, curso_seccion) VALUES ('W','BRC01','BRC01W');
insert into curso_seccion (seccion, codigo_curso, curso_seccion) VALUES ('X','BRC01','BRC01X');
insert into curso_seccion (seccion, codigo_curso, curso_seccion) VALUES ('Y','BRC01','BRC01Y');
insert into curso_seccion (seccion, codigo_curso, curso_seccion) VALUES ('U','BRN01','BRN01U');
insert into curso_seccion (seccion, codigo_curso, curso_seccion) VALUES ('V','BRN01','BRN01V');
insert into curso_seccion (seccion, codigo_curso, curso_seccion) VALUES ('W','BRN01','BRN01W');
insert into curso_seccion (seccion, codigo_curso, curso_seccion) VALUES ('X','BRN01','BRN01X');
insert into curso_seccion (seccion, codigo_curso, curso_seccion) VALUES ('A','FB101','FB101A');
insert into curso_seccion (seccion, codigo_curso, curso_seccion) VALUES ('U','FB101','FB101U');
insert into curso_seccion (seccion, codigo_curso, curso_seccion) VALUES ('V','FB101','FB101V');
insert into curso_seccion (seccion, codigo_curso, curso_seccion) VALUES ('W','FB101','FB101W');
insert into curso_seccion (seccion, codigo_curso, curso_seccion) VALUES ('X','FB101','FB101X');
insert into curso_seccion (seccion, codigo_curso, curso_seccion) VALUES ('Y','FB101','FB101Y');
insert into curso_seccion (seccion, codigo_curso, curso_seccion) VALUES ('U','FB202','FB202U');
insert into curso_seccion (seccion, codigo_curso, curso_seccion) VALUES ('V','FB202','FB202V');
insert into curso_seccion (seccion, codigo_curso, curso_seccion) VALUES ('W','FB202','FB202W');
insert into curso_seccion (seccion, codigo_curso, curso_seccion) VALUES ('X','FB202','FB202X');
insert into curso_seccion (seccion, codigo_curso, curso_seccion) VALUES ('U','FB301','FB301U');
insert into curso_seccion (seccion, codigo_curso, curso_seccion) VALUES ('V','FB301','FB301V');
insert into curso_seccion (seccion, codigo_curso, curso_seccion) VALUES ('W','FB301','FB301W');
insert into curso_seccion (seccion, codigo_curso, curso_seccion) VALUES ('X','FB301','FB301X');
insert into curso_seccion (seccion, codigo_curso, curso_seccion) VALUES ('U','FB303','FB303U');
insert into curso_seccion (seccion, codigo_curso, curso_seccion) VALUES ('V','FB303','FB303V');
insert into curso_seccion (seccion, codigo_curso, curso_seccion) VALUES ('W','FB303','FB303W');
insert into curso_seccion (seccion, codigo_curso, curso_seccion) VALUES ('X','FB303','FB303X');
insert into curso_seccion (seccion, codigo_curso, curso_seccion) VALUES ('U','FB305','FB305U');
insert into curso_seccion (seccion, codigo_curso, curso_seccion) VALUES ('V','FB305','FB305V');
insert into curso_seccion (seccion, codigo_curso, curso_seccion) VALUES ('W','FB305','FB305W');
insert into curso_seccion (seccion, codigo_curso, curso_seccion) VALUES ('X','FB305','FB305X');
insert into curso_seccion (seccion, codigo_curso, curso_seccion) VALUES ('Y','FB305','FB305Y');
insert into curso_seccion (seccion, codigo_curso, curso_seccion) VALUES ('U','FB401','FB401U');
insert into curso_seccion (seccion, codigo_curso, curso_seccion) VALUES ('V','FB401','FB401V');
insert into curso_seccion (seccion, codigo_curso, curso_seccion) VALUES ('W','FB401','FB401W');
insert into curso_seccion (seccion, codigo_curso, curso_seccion) VALUES ('X','FB401','FB401X');
insert into curso_seccion (seccion, codigo_curso, curso_seccion) VALUES ('U','FB402','FB402U');
insert into curso_seccion (seccion, codigo_curso, curso_seccion) VALUES ('V','FB402','FB402V');
insert into curso_seccion (seccion, codigo_curso, curso_seccion) VALUES ('U','FB403','FB403U');
insert into curso_seccion (seccion, codigo_curso, curso_seccion) VALUES ('V','FB403','FB403V');
insert into curso_seccion (seccion, codigo_curso, curso_seccion) VALUES ('W','FB403','FB403W');
insert into curso_seccion (seccion, codigo_curso, curso_seccion) VALUES ('U','FB405','FB405U');
insert into curso_seccion (seccion, codigo_curso, curso_seccion) VALUES ('V','FB405','FB405V');
insert into curso_seccion (seccion, codigo_curso, curso_seccion) VALUES ('U','FB501','FB501U');
insert into curso_seccion (seccion, codigo_curso, curso_seccion) VALUES ('U','GE001','GE001U');
insert into curso_seccion (seccion, codigo_curso, curso_seccion) VALUES ('V','GE001','GE001V');
insert into curso_seccion (seccion, codigo_curso, curso_seccion) VALUES ('W','GE001','GE001W');
insert into curso_seccion (seccion, codigo_curso, curso_seccion) VALUES ('U','GE101','GE101U');
insert into curso_seccion (seccion, codigo_curso, curso_seccion) VALUES ('V','GE101','GE101V');
insert into curso_seccion (seccion, codigo_curso, curso_seccion) VALUES ('W','GE101','GE101W');
insert into curso_seccion (seccion, codigo_curso, curso_seccion) VALUES ('U','GE112','GE112U');
insert into curso_seccion (seccion, codigo_curso, curso_seccion) VALUES ('V','GE112','GE112V');
insert into curso_seccion (seccion, codigo_curso, curso_seccion) VALUES ('U','GE115','GE115U');
insert into curso_seccion (seccion, codigo_curso, curso_seccion) VALUES ('U','GE122','GE122U');
insert into curso_seccion (seccion, codigo_curso, curso_seccion) VALUES ('U','GE124','GE124U');
insert into curso_seccion (seccion, codigo_curso, curso_seccion) VALUES ('U','GE128','GE128U');
insert into curso_seccion (seccion, codigo_curso, curso_seccion) VALUES ('U','GE501','GE501U');
insert into curso_seccion (seccion, codigo_curso, curso_seccion) VALUES ('V','GE501','GE501V');
insert into curso_seccion (seccion, codigo_curso, curso_seccion) VALUES ('U','GE502','GE502U');
insert into curso_seccion (seccion, codigo_curso, curso_seccion) VALUES ('U','GE602','GE602U');
insert into curso_seccion (seccion, codigo_curso, curso_seccion) VALUES ('V','GE602','GE602V');
insert into curso_seccion (seccion, codigo_curso, curso_seccion) VALUES ('W','GE602','GE602W');
insert into curso_seccion (seccion, codigo_curso, curso_seccion) VALUES ('U','GE603','GE603U');
insert into curso_seccion (seccion, codigo_curso, curso_seccion) VALUES ('V','GE603','GE603V');
insert into curso_seccion (seccion, codigo_curso, curso_seccion) VALUES ('U','GE604','GE604U');
insert into curso_seccion (seccion, codigo_curso, curso_seccion) VALUES ('V','GE604','GE604V');
insert into curso_seccion (seccion, codigo_curso, curso_seccion) VALUES ('U','GE605','GE605U');
insert into curso_seccion (seccion, codigo_curso, curso_seccion) VALUES ('V','GE605','GE605V');
insert into curso_seccion (seccion, codigo_curso, curso_seccion) VALUES ('U','GE701','GE701U');
insert into curso_seccion (seccion, codigo_curso, curso_seccion) VALUES ('V','GE701','GE701V');
insert into curso_seccion (seccion, codigo_curso, curso_seccion) VALUES ('U','GE702','GE702U');
insert into curso_seccion (seccion, codigo_curso, curso_seccion) VALUES ('V','GE702','GE702V');
insert into curso_seccion (seccion, codigo_curso, curso_seccion) VALUES ('U','GE703','GE703U');
insert into curso_seccion (seccion, codigo_curso, curso_seccion) VALUES ('V','GE703','GE703V');
insert into curso_seccion (seccion, codigo_curso, curso_seccion) VALUES ('U','GE704','GE704U');
insert into curso_seccion (seccion, codigo_curso, curso_seccion) VALUES ('V','GE704','GE704V');
insert into curso_seccion (seccion, codigo_curso, curso_seccion) VALUES ('W','GE704','GE704W');
insert into curso_seccion (seccion, codigo_curso, curso_seccion) VALUES ('U','GE709','GE709U');
insert into curso_seccion (seccion, codigo_curso, curso_seccion) VALUES ('V','GE709','GE709V');
insert into curso_seccion (seccion, codigo_curso, curso_seccion) VALUES ('U','GE801','GE801U');
insert into curso_seccion (seccion, codigo_curso, curso_seccion) VALUES ('V','GE801','GE801V');
insert into curso_seccion (seccion, codigo_curso, curso_seccion) VALUES ('W','GE801','GE801W');
insert into curso_seccion (seccion, codigo_curso, curso_seccion) VALUES ('X','GE801','GE801X');
insert into curso_seccion (seccion, codigo_curso, curso_seccion) VALUES ('U','GE802','GE802U');
insert into curso_seccion (seccion, codigo_curso, curso_seccion) VALUES ('V','GE802','GE802V');
insert into curso_seccion (seccion, codigo_curso, curso_seccion) VALUES ('W','GE802','GE802W');
insert into curso_seccion (seccion, codigo_curso, curso_seccion) VALUES ('U','GE803','GE803U');
insert into curso_seccion (seccion, codigo_curso, curso_seccion) VALUES ('V','GE803','GE803V');
insert into curso_seccion (seccion, codigo_curso, curso_seccion) VALUES ('U','GE805','GE805U');
insert into curso_seccion (seccion, codigo_curso, curso_seccion) VALUES ('V','GE805','GE805V');
insert into curso_seccion (seccion, codigo_curso, curso_seccion) VALUES ('W','GE805','GE805W');
insert into curso_seccion (seccion, codigo_curso, curso_seccion) VALUES ('U','GE901','GE901U');
insert into curso_seccion (seccion, codigo_curso, curso_seccion) VALUES ('V','GE901','GE901V');
insert into curso_seccion (seccion, codigo_curso, curso_seccion) VALUES ('W','GE901','GE901W');
insert into curso_seccion (seccion, codigo_curso, curso_seccion) VALUES ('U','GE902','GE902U');
insert into curso_seccion (seccion, codigo_curso, curso_seccion) VALUES ('V','GE902','GE902V');
insert into curso_seccion (seccion, codigo_curso, curso_seccion) VALUES ('W','GE902','GE902W');
insert into curso_seccion (seccion, codigo_curso, curso_seccion) VALUES ('X','GE902','GE902X');
insert into curso_seccion (seccion, codigo_curso, curso_seccion) VALUES ('U','GE903','GE903U');
insert into curso_seccion (seccion, codigo_curso, curso_seccion) VALUES ('V','GE903','GE903V');
insert into curso_seccion (seccion, codigo_curso, curso_seccion) VALUES ('W','GE903','GE903W');
insert into curso_seccion (seccion, codigo_curso, curso_seccion) VALUES ('U','GE904','GE904U');
insert into curso_seccion (seccion, codigo_curso, curso_seccion) VALUES ('V','GE904','GE904V');
insert into curso_seccion (seccion, codigo_curso, curso_seccion) VALUES ('W','GE904','GE904W');
insert into curso_seccion (seccion, codigo_curso, curso_seccion) VALUES ('U','GE905','GE905U');
insert into curso_seccion (seccion, codigo_curso, curso_seccion) VALUES ('V','GE905','GE905V');
insert into curso_seccion (seccion, codigo_curso, curso_seccion) VALUES ('U','GE906','GE906U');
insert into curso_seccion (seccion, codigo_curso, curso_seccion) VALUES ('V','GE906','GE906V');
insert into curso_seccion (seccion, codigo_curso, curso_seccion) VALUES ('W','GE906','GE906W');
insert into curso_seccion (seccion, codigo_curso, curso_seccion) VALUES ('U','GP154','GP154U');
insert into curso_seccion (seccion, codigo_curso, curso_seccion) VALUES ('V','GP154','GP154V');
insert into curso_seccion (seccion, codigo_curso, curso_seccion) VALUES ('W','GP154','GP154W');
insert into curso_seccion (seccion, codigo_curso, curso_seccion) VALUES ('U','GP205','GP205U');
insert into curso_seccion (seccion, codigo_curso, curso_seccion) VALUES ('U','GP234','GP234U');
insert into curso_seccion (seccion, codigo_curso, curso_seccion) VALUES ('V','GP234','GP234V');
insert into curso_seccion (seccion, codigo_curso, curso_seccion) VALUES ('U','GP244','GP244U');
insert into curso_seccion (seccion, codigo_curso, curso_seccion) VALUES ('U','GP403','GP403U');
insert into curso_seccion (seccion, codigo_curso, curso_seccion) VALUES ('V','GP403','GP403V');
insert into curso_seccion (seccion, codigo_curso, curso_seccion) VALUES ('W','GP403','GP403W');
insert into curso_seccion (seccion, codigo_curso, curso_seccion) VALUES ('U','GP514','GP514U');
insert into curso_seccion (seccion, codigo_curso, curso_seccion) VALUES ('U','GP515','GP515U');
insert into curso_seccion (seccion, codigo_curso, curso_seccion) VALUES ('V','GP515','GP515V');
insert into curso_seccion (seccion, codigo_curso, curso_seccion) VALUES ('W','GP515','GP515W');
insert into curso_seccion (seccion, codigo_curso, curso_seccion) VALUES ('X','GP515','GP515X');
insert into curso_seccion (seccion, codigo_curso, curso_seccion) VALUES ('U','GP525','GP525U');
insert into curso_seccion (seccion, codigo_curso, curso_seccion) VALUES ('V','GP525','GP525V');
insert into curso_seccion (seccion, codigo_curso, curso_seccion) VALUES ('W','GP525','GP525W');
insert into curso_seccion (seccion, codigo_curso, curso_seccion) VALUES ('X','GP525','GP525X');
insert into curso_seccion (seccion, codigo_curso, curso_seccion) VALUES ('U','GP545','GP545U');
insert into curso_seccion (seccion, codigo_curso, curso_seccion) VALUES ('V','GP545','GP545V');
insert into curso_seccion (seccion, codigo_curso, curso_seccion) VALUES ('W','GP545','GP545W');
insert into curso_seccion (seccion, codigo_curso, curso_seccion) VALUES ('U','GP555','GP555U');
insert into curso_seccion (seccion, codigo_curso, curso_seccion) VALUES ('V','GP555','GP555V');
insert into curso_seccion (seccion, codigo_curso, curso_seccion) VALUES ('W','GP555','GP555W');
insert into curso_seccion (seccion, codigo_curso, curso_seccion) VALUES ('U','GP575','GP575U');
insert into curso_seccion (seccion, codigo_curso, curso_seccion) VALUES ('U','HS144','HS144U');
insert into curso_seccion (seccion, codigo_curso, curso_seccion) VALUES ('V','HS144','HS144V');
insert into curso_seccion (seccion, codigo_curso, curso_seccion) VALUES ('U','HU102','HU102U');
insert into curso_seccion (seccion, codigo_curso, curso_seccion) VALUES ('V','HU102','HU102V');
insert into curso_seccion (seccion, codigo_curso, curso_seccion) VALUES ('W','HU102','HU102W');
insert into curso_seccion (seccion, codigo_curso, curso_seccion) VALUES ('X','HU102','HU102X');
insert into curso_seccion (seccion, codigo_curso, curso_seccion) VALUES ('Y','HU102','HU102Y');
insert into curso_seccion (seccion, codigo_curso, curso_seccion) VALUES ('U','HU111','HU111U');
insert into curso_seccion (seccion, codigo_curso, curso_seccion) VALUES ('V','HU111','HU111V');
insert into curso_seccion (seccion, codigo_curso, curso_seccion) VALUES ('W','HU111','HU111W');
insert into curso_seccion (seccion, codigo_curso, curso_seccion) VALUES ('U','HU112','HU112U');
insert into curso_seccion (seccion, codigo_curso, curso_seccion) VALUES ('V','HU112','HU112V');
insert into curso_seccion (seccion, codigo_curso, curso_seccion) VALUES ('U','HU201','HU201U');
insert into curso_seccion (seccion, codigo_curso, curso_seccion) VALUES ('V','HU201','HU201V');
insert into curso_seccion (seccion, codigo_curso, curso_seccion) VALUES ('W','HU201','HU201W');
insert into curso_seccion (seccion, codigo_curso, curso_seccion) VALUES ('U','HU301','HU301U');
insert into curso_seccion (seccion, codigo_curso, curso_seccion) VALUES ('V','HU301','HU301V');
insert into curso_seccion (seccion, codigo_curso, curso_seccion) VALUES ('W','HU301','HU301W');
insert into curso_seccion (seccion, codigo_curso, curso_seccion) VALUES ('X','HU301','HU301X');
insert into curso_seccion (seccion, codigo_curso, curso_seccion) VALUES ('U','SI035','SI035U');
insert into curso_seccion (seccion, codigo_curso, curso_seccion) VALUES ('V','SI035','SI035V');
insert into curso_seccion (seccion, codigo_curso, curso_seccion) VALUES ('U','SI055','SI055U');
insert into curso_seccion (seccion, codigo_curso, curso_seccion) VALUES ('V','SI055','SI055V');
insert into curso_seccion (seccion, codigo_curso, curso_seccion) VALUES ('U','SI075','SI075U');
insert into curso_seccion (seccion, codigo_curso, curso_seccion) VALUES ('V','SI075','SI075V');
insert into curso_seccion (seccion, codigo_curso, curso_seccion) VALUES ('U','SI077','SI077U');
insert into curso_seccion (seccion, codigo_curso, curso_seccion) VALUES ('U','SI085','SI085U');
insert into curso_seccion (seccion, codigo_curso, curso_seccion) VALUES ('V','SI085','SI085V');
insert into curso_seccion (seccion, codigo_curso, curso_seccion) VALUES ('U','SI095','SI095U');
insert into curso_seccion (seccion, codigo_curso, curso_seccion) VALUES ('V','SI095','SI095V');
insert into curso_seccion (seccion, codigo_curso, curso_seccion) VALUES ('U','SI101','SI101U');
insert into curso_seccion (seccion, codigo_curso, curso_seccion) VALUES ('V','SI101','SI101V');
insert into curso_seccion (seccion, codigo_curso, curso_seccion) VALUES ('W','SI101','SI101W');
insert into curso_seccion (seccion, codigo_curso, curso_seccion) VALUES ('U','SI111','SI111U');
insert into curso_seccion (seccion, codigo_curso, curso_seccion) VALUES ('V','SI111','SI111V');
insert into curso_seccion (seccion, codigo_curso, curso_seccion) VALUES ('U','SI114','SI114U');
insert into curso_seccion (seccion, codigo_curso, curso_seccion) VALUES ('U','SI150','SI150U');
insert into curso_seccion (seccion, codigo_curso, curso_seccion) VALUES ('V','SI150','SI150V');
insert into curso_seccion (seccion, codigo_curso, curso_seccion) VALUES ('U','SI155','SI155U');
insert into curso_seccion (seccion, codigo_curso, curso_seccion) VALUES ('V','SI155','SI155V');
insert into curso_seccion (seccion, codigo_curso, curso_seccion) VALUES ('U','SI201','SI201U');
insert into curso_seccion (seccion, codigo_curso, curso_seccion) VALUES ('V','SI201','SI201V');
insert into curso_seccion (seccion, codigo_curso, curso_seccion) VALUES ('U','SI203','SI203U');
insert into curso_seccion (seccion, codigo_curso, curso_seccion) VALUES ('V','SI203','SI203V');
insert into curso_seccion (seccion, codigo_curso, curso_seccion) VALUES ('W','SI203','SI203W');
insert into curso_seccion (seccion, codigo_curso, curso_seccion) VALUES ('U','SI204','SI204U');
insert into curso_seccion (seccion, codigo_curso, curso_seccion) VALUES ('V','SI204','SI204V');
insert into curso_seccion (seccion, codigo_curso, curso_seccion) VALUES ('W','SI204','SI204W');
insert into curso_seccion (seccion, codigo_curso, curso_seccion) VALUES ('U','SI205','SI205U');
insert into curso_seccion (seccion, codigo_curso, curso_seccion) VALUES ('V','SI205','SI205V');
insert into curso_seccion (seccion, codigo_curso, curso_seccion) VALUES ('W','SI205','SI205W');
insert into curso_seccion (seccion, codigo_curso, curso_seccion) VALUES ('U','SI207','SI207U');
insert into curso_seccion (seccion, codigo_curso, curso_seccion) VALUES ('V','SI207','SI207V');
insert into curso_seccion (seccion, codigo_curso, curso_seccion) VALUES ('U','SI301','SI301U');
insert into curso_seccion (seccion, codigo_curso, curso_seccion) VALUES ('V','SI301','SI301V');
insert into curso_seccion (seccion, codigo_curso, curso_seccion) VALUES ('U','SI302','SI302U');
insert into curso_seccion (seccion, codigo_curso, curso_seccion) VALUES ('V','SI302','SI302V');
insert into curso_seccion (seccion, codigo_curso, curso_seccion) VALUES ('W','SI302','SI302W');
insert into curso_seccion (seccion, codigo_curso, curso_seccion) VALUES ('U','SI401','SI401U');
insert into curso_seccion (seccion, codigo_curso, curso_seccion) VALUES ('V','SI401','SI401V');
insert into curso_seccion (seccion, codigo_curso, curso_seccion) VALUES ('U','SI403','SI403U');
insert into curso_seccion (seccion, codigo_curso, curso_seccion) VALUES ('V','SI403','SI403V');
insert into curso_seccion (seccion, codigo_curso, curso_seccion) VALUES ('W','SI403','SI403W');
insert into curso_seccion (seccion, codigo_curso, curso_seccion) VALUES ('U','SI405','SI405U');
insert into curso_seccion (seccion, codigo_curso, curso_seccion) VALUES ('V','SI405','SI405V');
insert into curso_seccion (seccion, codigo_curso, curso_seccion) VALUES ('U','SI501','SI501U');
insert into curso_seccion (seccion, codigo_curso, curso_seccion) VALUES ('V','SI501','SI501V');
insert into curso_seccion (seccion, codigo_curso, curso_seccion) VALUES ('W','SI501','SI501W');
insert into curso_seccion (seccion, codigo_curso, curso_seccion) VALUES ('X','SI501','SI501X');
insert into curso_seccion (seccion, codigo_curso, curso_seccion) VALUES ('U','SI503','SI503U');
insert into curso_seccion (seccion, codigo_curso, curso_seccion) VALUES ('V','SI503','SI503V');
insert into curso_seccion (seccion, codigo_curso, curso_seccion) VALUES ('W','SI503','SI503W');
insert into curso_seccion (seccion, codigo_curso, curso_seccion) VALUES ('U','SI505','SI505U');
insert into curso_seccion (seccion, codigo_curso, curso_seccion) VALUES ('V','SI505','SI505V');
insert into curso_seccion (seccion, codigo_curso, curso_seccion) VALUES ('U','SI601','SI601U');
insert into curso_seccion (seccion, codigo_curso, curso_seccion) VALUES ('V','SI601','SI601V');
insert into curso_seccion (seccion, codigo_curso, curso_seccion) VALUES ('W','SI601','SI601W');
insert into curso_seccion (seccion, codigo_curso, curso_seccion) VALUES ('X','SI601','SI601X');
insert into curso_seccion (seccion, codigo_curso, curso_seccion) VALUES ('U','SI602','SI602U');
insert into curso_seccion (seccion, codigo_curso, curso_seccion) VALUES ('V','SI602','SI602V');
insert into curso_seccion (seccion, codigo_curso, curso_seccion) VALUES ('U','SI603','SI603U');
insert into curso_seccion (seccion, codigo_curso, curso_seccion) VALUES ('V','SI603','SI603V');
insert into curso_seccion (seccion, codigo_curso, curso_seccion) VALUES ('U','SI604','SI604U');
insert into curso_seccion (seccion, codigo_curso, curso_seccion) VALUES ('V','SI604','SI604V');
insert into curso_seccion (seccion, codigo_curso, curso_seccion) VALUES ('U','SI605','SI605U');
insert into curso_seccion (seccion, codigo_curso, curso_seccion) VALUES ('V','SI605','SI605V');
insert into curso_seccion (seccion, codigo_curso, curso_seccion) VALUES ('U','SI607','SI607U');
insert into curso_seccion (seccion, codigo_curso, curso_seccion) VALUES ('V','SI607','SI607V');
insert into curso_seccion (seccion, codigo_curso, curso_seccion) VALUES ('U','SI701','SI701U');
insert into curso_seccion (seccion, codigo_curso, curso_seccion) VALUES ('V','SI701','SI701V');
insert into curso_seccion (seccion, codigo_curso, curso_seccion) VALUES ('W','SI701','SI701W');
insert into curso_seccion (seccion, codigo_curso, curso_seccion) VALUES ('U','SI702','SI702U');
insert into curso_seccion (seccion, codigo_curso, curso_seccion) VALUES ('V','SI702','SI702V');
insert into curso_seccion (seccion, codigo_curso, curso_seccion) VALUES ('U','SI704','SI704U');
insert into curso_seccion (seccion, codigo_curso, curso_seccion) VALUES ('V','SI704','SI704V');
insert into curso_seccion (seccion, codigo_curso, curso_seccion) VALUES ('U','SI705','SI705U');
insert into curso_seccion (seccion, codigo_curso, curso_seccion) VALUES ('V','SI705','SI705V');
insert into curso_seccion (seccion, codigo_curso, curso_seccion) VALUES ('U','SI707','SI707U');
insert into curso_seccion (seccion, codigo_curso, curso_seccion) VALUES ('V','SI707','SI707V');
insert into curso_seccion (seccion, codigo_curso, curso_seccion) VALUES ('U','SI801','SI801U');
insert into curso_seccion (seccion, codigo_curso, curso_seccion) VALUES ('V','SI801','SI801V');
insert into curso_seccion (seccion, codigo_curso, curso_seccion) VALUES ('U','SI805','SI805U');
insert into curso_seccion (seccion, codigo_curso, curso_seccion) VALUES ('V','SI805','SI805V');
insert into curso_seccion (seccion, codigo_curso, curso_seccion) VALUES ('U','SI806','SI806U');
insert into curso_seccion (seccion, codigo_curso, curso_seccion) VALUES ('V','SI806','SI806V');
insert into curso_seccion (seccion, codigo_curso, curso_seccion) VALUES ('U','SI807','SI807U');
insert into curso_seccion (seccion, codigo_curso, curso_seccion) VALUES ('V','SI807','SI807V');
insert into curso_seccion (seccion, codigo_curso, curso_seccion) VALUES ('U','SI901','SI901U');
insert into curso_seccion (seccion, codigo_curso, curso_seccion) VALUES ('V','SI901','SI901V');
insert into curso_seccion (seccion, codigo_curso, curso_seccion) VALUES ('W','SI901','SI901W');
insert into curso_seccion (seccion, codigo_curso, curso_seccion) VALUES ('X','SI901','SI901X');
insert into curso_seccion (seccion, codigo_curso, curso_seccion) VALUES ('U','SI902','SI902U');
insert into curso_seccion (seccion, codigo_curso, curso_seccion) VALUES ('V','SI902','SI902V');
insert into curso_seccion (seccion, codigo_curso, curso_seccion) VALUES ('U','SI903','SI903U');
insert into curso_seccion (seccion, codigo_curso, curso_seccion) VALUES ('V','SI903','SI903V');
insert into curso_seccion (seccion, codigo_curso, curso_seccion) VALUES ('U','SI904','SI904U');
insert into curso_seccion (seccion, codigo_curso, curso_seccion) VALUES ('V','SI904','SI904V');
insert into curso_seccion (seccion, codigo_curso, curso_seccion) VALUES ('U','ST114','ST114U');
insert into curso_seccion (seccion, codigo_curso, curso_seccion) VALUES ('V','ST114','ST114V');
insert into curso_seccion (seccion, codigo_curso, curso_seccion) VALUES ('U','ST124','ST124U');
insert into curso_seccion (seccion, codigo_curso, curso_seccion) VALUES ('V','ST124','ST124V');
insert into curso_seccion (seccion, codigo_curso, curso_seccion) VALUES ('W','ST124','ST124W');
insert into curso_seccion (seccion, codigo_curso, curso_seccion) VALUES ('U','ST150','ST150U');
insert into curso_seccion (seccion, codigo_curso, curso_seccion) VALUES ('V','ST150','ST150V');
insert into curso_seccion (seccion, codigo_curso, curso_seccion) VALUES ('U','ST155','ST155U');
insert into curso_seccion (seccion, codigo_curso, curso_seccion) VALUES ('V','ST155','ST155V');
insert into curso_seccion (seccion, codigo_curso, curso_seccion) VALUES ('U','ST215','ST215U');
insert into curso_seccion (seccion, codigo_curso, curso_seccion) VALUES ('V','ST215','ST215V');
insert into curso_seccion (seccion, codigo_curso, curso_seccion) VALUES ('U','ST231','ST231U');
insert into curso_seccion (seccion, codigo_curso, curso_seccion) VALUES ('U','ST235','ST235U');
insert into curso_seccion (seccion, codigo_curso, curso_seccion) VALUES ('V','ST235','ST235V');
insert into curso_seccion (seccion, codigo_curso, curso_seccion) VALUES ('W','ST235','ST235W');
insert into curso_seccion (seccion, codigo_curso, curso_seccion) VALUES ('X','ST235','ST235X');
insert into curso_seccion (seccion, codigo_curso, curso_seccion) VALUES ('U','ST236','ST236U');
insert into curso_seccion (seccion, codigo_curso, curso_seccion) VALUES ('V','ST236','ST236V');
insert into curso_seccion (seccion, codigo_curso, curso_seccion) VALUES ('U','ST254','ST254U');
insert into curso_seccion (seccion, codigo_curso, curso_seccion) VALUES ('V','ST254','ST254V');
insert into curso_seccion (seccion, codigo_curso, curso_seccion) VALUES ('U','ST255','ST255U');
insert into curso_seccion (seccion, codigo_curso, curso_seccion) VALUES ('V','ST255','ST255V');
insert into curso_seccion (seccion, codigo_curso, curso_seccion) VALUES ('U','ST274','ST274U');
insert into curso_seccion (seccion, codigo_curso, curso_seccion) VALUES ('U','ST275','ST275U');
insert into curso_seccion (seccion, codigo_curso, curso_seccion) VALUES ('V','ST275','ST275V');
insert into curso_seccion (seccion, codigo_curso, curso_seccion) VALUES ('U','ST285','ST285U');
insert into curso_seccion (seccion, codigo_curso, curso_seccion) VALUES ('V','ST285','ST285V');
insert into curso_seccion (seccion, codigo_curso, curso_seccion) VALUES ('U','ST295','ST295U');
insert into curso_seccion (seccion, codigo_curso, curso_seccion) VALUES ('V','ST295','ST295V');
insert into curso_seccion (seccion, codigo_curso, curso_seccion) VALUES ('U','ST414','ST414U');
insert into curso_seccion (seccion, codigo_curso, curso_seccion) VALUES ('U','ST605','ST605U');
insert into curso_seccion (seccion, codigo_curso, curso_seccion) VALUES ('V','ST605','ST605V');
insert into curso_seccion (seccion, codigo_curso, curso_seccion) VALUES ('U','ST702','ST702U');
insert into curso_seccion (seccion, codigo_curso, curso_seccion) VALUES ('V','ST702','ST702V');
insert into curso_seccion (seccion, codigo_curso, curso_seccion) VALUES ('U','TE101','TE101U');
insert into curso_seccion (seccion, codigo_curso, curso_seccion) VALUES ('V','TE101','TE101V');
insert into curso_seccion (seccion, codigo_curso, curso_seccion) VALUES ('W','TE101','TE101W');
insert into curso_seccion (seccion, codigo_curso, curso_seccion) VALUES ('X','TE101','TE101X');
insert into curso_seccion (seccion, codigo_curso, curso_seccion) VALUES ('U','TE111','TE111U');
insert into curso_seccion (seccion, codigo_curso, curso_seccion) VALUES ('V','TE111','TE111V');
insert into curso_seccion (seccion, codigo_curso, curso_seccion) VALUES ('U','TE121','TE121U');
insert into curso_seccion (seccion, codigo_curso, curso_seccion) VALUES ('U','TE122','TE122U');
insert into curso_seccion (seccion, codigo_curso, curso_seccion) VALUES ('U','TE124','TE124U');
insert into curso_seccion (seccion, codigo_curso, curso_seccion) VALUES ('U','TE125','TE125U');
insert into curso_seccion (seccion, codigo_curso, curso_seccion) VALUES ('U','TE126','TE126U');
insert into curso_seccion (seccion, codigo_curso, curso_seccion) VALUES ('U','TE301','TE301U');
insert into curso_seccion (seccion, codigo_curso, curso_seccion) VALUES ('V','TE301','TE301V');
insert into curso_seccion (seccion, codigo_curso, curso_seccion) VALUES ('U','TE302','TE302U');
insert into curso_seccion (seccion, codigo_curso, curso_seccion) VALUES ('V','TE302','TE302V');
insert into curso_seccion (seccion, codigo_curso, curso_seccion) VALUES ('W','TE302','TE302W');
insert into curso_seccion (seccion, codigo_curso, curso_seccion) VALUES ('U','TE401','TE401U');
insert into curso_seccion (seccion, codigo_curso, curso_seccion) VALUES ('V','TE401','TE401V');
insert into curso_seccion (seccion, codigo_curso, curso_seccion) VALUES ('U','TE501','TE501U');
insert into curso_seccion (seccion, codigo_curso, curso_seccion) VALUES ('V','TE501','TE501V');
insert into curso_seccion (seccion, codigo_curso, curso_seccion) VALUES ('U','TE503','TE503U');
insert into curso_seccion (seccion, codigo_curso, curso_seccion) VALUES ('V','TE503','TE503V');
insert into curso_seccion (seccion, codigo_curso, curso_seccion) VALUES ('U','TE601','TE601U');
insert into curso_seccion (seccion, codigo_curso, curso_seccion) VALUES ('U','TE602','TE602U');
insert into curso_seccion (seccion, codigo_curso, curso_seccion) VALUES ('V','TE602','TE602V');
insert into curso_seccion (seccion, codigo_curso, curso_seccion) VALUES ('W','TE602','TE602W');
insert into curso_seccion (seccion, codigo_curso, curso_seccion) VALUES ('U','TE603','TE603U');
insert into curso_seccion (seccion, codigo_curso, curso_seccion) VALUES ('V','TE603','TE603V');
insert into curso_seccion (seccion, codigo_curso, curso_seccion) VALUES ('U','TE604','TE604U');
insert into curso_seccion (seccion, codigo_curso, curso_seccion) VALUES ('V','TE604','TE604V');
insert into curso_seccion (seccion, codigo_curso, curso_seccion) VALUES ('U','TE701','TE701U');
insert into curso_seccion (seccion, codigo_curso, curso_seccion) VALUES ('V','TE701','TE701V');
insert into curso_seccion (seccion, codigo_curso, curso_seccion) VALUES ('U','TE801','TE801U');
insert into curso_seccion (seccion, codigo_curso, curso_seccion) VALUES ('V','TE801','TE801V');
insert into curso_seccion (seccion, codigo_curso, curso_seccion) VALUES ('W','TE801','TE801W');
insert into curso_seccion (seccion, codigo_curso, curso_seccion) VALUES ('U','TE802','TE802U');
insert into curso_seccion (seccion, codigo_curso, curso_seccion) VALUES ('V','TE802','TE802V');
insert into curso_seccion (seccion, codigo_curso, curso_seccion) VALUES ('U','TE803','TE803U');
insert into curso_seccion (seccion, codigo_curso, curso_seccion) VALUES ('V','TE803','TE803V');
insert into curso_seccion (seccion, codigo_curso, curso_seccion) VALUES ('U','TE901','TE901U');
insert into curso_seccion (seccion, codigo_curso, curso_seccion) VALUES ('V','TE901','TE901V');
insert into curso_seccion (seccion, codigo_curso, curso_seccion) VALUES ('U','TP224','TP224U');
insert into curso_seccion (seccion, codigo_curso, curso_seccion) VALUES ('V','TP224','TP224V');
insert into curso_seccion (seccion, codigo_curso, curso_seccion) VALUES ('W','TP224','TP224W');
insert into curso_seccion (seccion, codigo_curso, curso_seccion) VALUES ('U','TP254','TP254U');
insert into curso_seccion (seccion, codigo_curso, curso_seccion) VALUES ('V','TP254','TP254V');
insert into curso_seccion (seccion, codigo_curso, curso_seccion) VALUES ('W','TP254','TP254W');
insert into curso_seccion (seccion, codigo_curso, curso_seccion) VALUES ('U','TP314','TP314U');
insert into curso_seccion (seccion, codigo_curso, curso_seccion) VALUES ('V','TP314','TP314V');
insert into curso_seccion (seccion, codigo_curso, curso_seccion) VALUES ('U','TP324','TP324U');
insert into curso_seccion (seccion, codigo_curso, curso_seccion) VALUES ('U','TP505','TP505U');
insert into curso_seccion (seccion, codigo_curso, curso_seccion) VALUES ('V','TP505','TP505V');

insert into horarios(curso_seccion, dia, hora_ini, hora_fin, t_p, aula, docente) VALUES ('BEF01U','LU','9','11','PRA','S4-203','CAMPANA AÑASCO RILDO');
insert into horarios(curso_seccion, dia, hora_ini, hora_fin, t_p, aula, docente) VALUES ('BEF01U','LU','8','9','T','S4-203','CAMPANA AÑASCO RILDO');
insert into horarios(curso_seccion, dia, hora_ini, hora_fin, t_p, aula, docente) VALUES ('BEF01V','SA','8','9','T','S4-205','CAMPANA AÑASCO RILDO');
insert into horarios(curso_seccion, dia, hora_ini, hora_fin, t_p, aula, docente) VALUES ('BEF01V','SA','9','11','PRA','S4-205','CAMPANA AÑASCO RILDO');
insert into horarios(curso_seccion, dia, hora_ini, hora_fin, t_p, aula, docente) VALUES ('BEF01W','VI','16','17','T','S4-207','AYALA FALCON ELOY ELADIO');
insert into horarios(curso_seccion, dia, hora_ini, hora_fin, t_p, aula, docente) VALUES ('BEF01W','VI','17','19','PRA','S4-207','AYALA FALCON ELOY ELADIO');
insert into horarios(curso_seccion, dia, hora_ini, hora_fin, t_p, aula, docente) VALUES ('BEF01X','VI','9','11','PRA','S4-205','AYALA FALCON ELOY ELADIO');
insert into horarios(curso_seccion, dia, hora_ini, hora_fin, t_p, aula, docente) VALUES ('BEF01X','VI','8','9','T','S4-205','AYALA FALCON ELOY ELADIO');
insert into horarios(curso_seccion, dia, hora_ini, hora_fin, t_p, aula, docente) VALUES ('BEF01Y','JU','8','9','T','S4-205','SANCHEZ HUARINGA CARLOS');
insert into horarios(curso_seccion, dia, hora_ini, hora_fin, t_p, aula, docente) VALUES ('BEF01Y','JU','9','11','PRA','S4-205','SANCHEZ HUARINGA CARLOS');
insert into horarios(curso_seccion, dia, hora_ini, hora_fin, t_p, aula, docente) VALUES ('BEG01U','MA','8','10','T','S4-210','QUINTEROS CHAVEZ SILVIO');
insert into horarios(curso_seccion, dia, hora_ini, hora_fin, t_p, aula, docente) VALUES ('BEG01U','JU','8','10','PRA','S4-210','QUINTEROS CHAVEZ SILVIO');
insert into horarios(curso_seccion, dia, hora_ini, hora_fin, t_p, aula, docente) VALUES ('BEG01V','JU','10','12','PRA','S4-210','MIRANDA TORRES CESAR AURELIO');
insert into horarios(curso_seccion, dia, hora_ini, hora_fin, t_p, aula, docente) VALUES ('BEG01V','MA','10','12','T','S4-210','MIRANDA TORRES CESAR AURELIO');
insert into horarios(curso_seccion, dia, hora_ini, hora_fin, t_p, aula, docente) VALUES ('BEG01W','MI','14','16','T','S4-201','MONDRAGÓN HERNÁNDEZ MARGARITA DELICIA');
insert into horarios(curso_seccion, dia, hora_ini, hora_fin, t_p, aula, docente) VALUES ('BEG01W','JU','14','16','PRA','S4-201','MONDRAGÓN HERNÁNDEZ MARGARITA DELICIA');
insert into horarios(curso_seccion, dia, hora_ini, hora_fin, t_p, aula, docente) VALUES ('BEG01X','JU','14','16','PRA','S4-210','MIRANDA TORRES CESAR AURELIO');
insert into horarios(curso_seccion, dia, hora_ini, hora_fin, t_p, aula, docente) VALUES ('BEG01X','MA','14','16','T','S4-210','MIRANDA TORRES CESAR AURELIO');
insert into horarios(curso_seccion, dia, hora_ini, hora_fin, t_p, aula, docente) VALUES ('BFI01U','MI','16','18','PRA','S4-216','PEÑA YALICO VICENTE');
insert into horarios(curso_seccion, dia, hora_ini, hora_fin, t_p, aula, docente) VALUES ('BFI01U','MI','12','14','T','S4-213','MOSQUERA MOLINA MIGUEL ANGEL');
insert into horarios(curso_seccion, dia, hora_ini, hora_fin, t_p, aula, docente) VALUES ('BFI01U','MI','8','10','T','S4-213','MOSQUERA MOLINA MIGUEL ANGEL');
insert into horarios(curso_seccion, dia, hora_ini, hora_fin, t_p, aula, docente) VALUES ('BFI01U','MI','16','18','LAB','S4-216','VALDIVIA MENDOZA HECTOR GIOVANNY');
insert into horarios(curso_seccion, dia, hora_ini, hora_fin, t_p, aula, docente) VALUES ('BFI01V','MA','14','16','T','S4-211','CAÑOTE FAJARDO PERCY VICTOR');
insert into horarios(curso_seccion, dia, hora_ini, hora_fin, t_p, aula, docente) VALUES ('BFI01V','LU','14','16','T','S4-209','CAÑOTE FAJARDO PERCY VICTOR');
insert into horarios(curso_seccion, dia, hora_ini, hora_fin, t_p, aula, docente) VALUES ('BFI01V','MI','12','14','LAB','S4-214','SAN BARTOLOME MONTERO JAIME');
insert into horarios(curso_seccion, dia, hora_ini, hora_fin, t_p, aula, docente) VALUES ('BFI01V','MI','12','14','PRA','S4-214','PEÑA YALICO VICENTE');
insert into horarios(curso_seccion, dia, hora_ini, hora_fin, t_p, aula, docente) VALUES ('BFI01W','LU','10','12','LAB','S4-203','MOSQUERA MOLINA MIGUEL ANGEL');
insert into horarios(curso_seccion, dia, hora_ini, hora_fin, t_p, aula, docente) VALUES ('BFI01W','LU','10','12','PRA','S4-203','PEÑA YALICO VICENTE');
insert into horarios(curso_seccion, dia, hora_ini, hora_fin, t_p, aula, docente) VALUES ('BFI01W','LU','16','18','T','S4-216','VALDIVIA MENDOZA HECTOR GIOVANNY');
insert into horarios(curso_seccion, dia, hora_ini, hora_fin, t_p, aula, docente) VALUES ('BFI01W','JU','14','16','T','S4-216','VALDIVIA MENDOZA HECTOR GIOVANNY');
insert into horarios(curso_seccion, dia, hora_ini, hora_fin, t_p, aula, docente) VALUES ('BFI01X','MI','10','12','LAB','S4-203','SAN BARTOLOME MONTERO JAIME');
insert into horarios(curso_seccion, dia, hora_ini, hora_fin, t_p, aula, docente) VALUES ('BFI01X','MI','10','12','PRA','S4-203','PEÑA YALICO VICENTE');
insert into horarios(curso_seccion, dia, hora_ini, hora_fin, t_p, aula, docente) VALUES ('BFI01X','MI','14','16','T','S4-216','VALDIVIA MENDOZA HECTOR GIOVANNY');
insert into horarios(curso_seccion, dia, hora_ini, hora_fin, t_p, aula, docente) VALUES ('BFI01X','LU','14','16','T','S4-216','VALDIVIA MENDOZA HECTOR GIOVANNY');
insert into horarios(curso_seccion, dia, hora_ini, hora_fin, t_p, aula, docente) VALUES ('BFI01Y','MA','16','18','PRA','S4-216','SALCEDO TORRES JOAQUIN MAGNOT');
insert into horarios(curso_seccion, dia, hora_ini, hora_fin, t_p, aula, docente) VALUES ('BFI01Y','LU','16','18','T','S4-211','CAÑOTE FAJARDO PERCY VICTOR');
insert into horarios(curso_seccion, dia, hora_ini, hora_fin, t_p, aula, docente) VALUES ('BFI01Y','VI','14','16','T','S4-211','CAÑOTE FAJARDO PERCY VICTOR');
insert into horarios(curso_seccion, dia, hora_ini, hora_fin, t_p, aula, docente) VALUES ('BFI01Y','MA','16','18','LAB','S4-216','VALDIVIA MENDOZA HECTOR GIOVANNY');
insert into horarios(curso_seccion, dia, hora_ini, hora_fin, t_p, aula, docente) VALUES ('BIC01A','SA','11','12','T','LAB-O','NN');
insert into horarios(curso_seccion, dia, hora_ini, hora_fin, t_p, aula, docente) VALUES ('BIC01A','SA','12','14','PRA','LAB-O','NN');
insert into horarios(curso_seccion, dia, hora_ini, hora_fin, t_p, aula, docente) VALUES ('BIC01U','MA','11','13','PRA','LAB-A','ARADIEL CASTAÑEDA HILARIO');
insert into horarios(curso_seccion, dia, hora_ini, hora_fin, t_p, aula, docente) VALUES ('BIC01U','MA','10','11','T','LAB-A','ARADIEL CASTAÑEDA HILARIO');
insert into horarios(curso_seccion, dia, hora_ini, hora_fin, t_p, aula, docente) VALUES ('BIC01V','MA','8','9','T','LAB-O','NN');
insert into horarios(curso_seccion, dia, hora_ini, hora_fin, t_p, aula, docente) VALUES ('BIC01V','MA','9','11','PRA','LAB-O','NN');
insert into horarios(curso_seccion, dia, hora_ini, hora_fin, t_p, aula, docente) VALUES ('BIC01W','JU','14','15','T','LAB-O','NN');
insert into horarios(curso_seccion, dia, hora_ini, hora_fin, t_p, aula, docente) VALUES ('BIC01W','JU','15','17','PRA','LAB-O','NN');
insert into horarios(curso_seccion, dia, hora_ini, hora_fin, t_p, aula, docente) VALUES ('BIC01X','LU','12','14','PRA','LAB-O','HUAROTE ZEGARRA RAUL EDUARDO');
insert into horarios(curso_seccion, dia, hora_ini, hora_fin, t_p, aula, docente) VALUES ('BIC01X','LU','','12','T','LAB-O','HUAROTE ZEGARRA RAUL EDUARDO');
insert into horarios(curso_seccion, dia, hora_ini, hora_fin, t_p, aula, docente) VALUES ('BIC01Y','LU','14','15','T','LAB-O','HUAROTE ZEGARRA RAUL EDUARDO');
insert into horarios(curso_seccion, dia, hora_ini, hora_fin, t_p, aula, docente) VALUES ('BIC01Y','LU','15','17','PRA','LAB-O','HUAROTE ZEGARRA RAUL EDUARDO');
insert into horarios(curso_seccion, dia, hora_ini, hora_fin, t_p, aula, docente) VALUES ('BMA01U','MI','12','14','PRA','S4-212','FLORES GALLO DIANA CAROLINA');
insert into horarios(curso_seccion, dia, hora_ini, hora_fin, t_p, aula, docente) VALUES ('BMA01U','SA','8','10','T','S4-211','FLORES GALLO DIANA CAROLINA');
insert into horarios(curso_seccion, dia, hora_ini, hora_fin, t_p, aula, docente) VALUES ('BMA01U','JU','10','12','T','S4-212','FLORES GALLO DIANA CAROLINA');
insert into horarios(curso_seccion, dia, hora_ini, hora_fin, t_p, aula, docente) VALUES ('BMA01V','MA','14','16','T','S4-216','VASQUEZ DOMINGUEZ RIQUELMER APOLINARIO');
insert into horarios(curso_seccion, dia, hora_ini, hora_fin, t_p, aula, docente) VALUES ('BMA01V','MI','16','18','T','S4-210','VASQUEZ DOMINGUEZ RIQUELMER APOLINARIO');
insert into horarios(curso_seccion, dia, hora_ini, hora_fin, t_p, aula, docente) VALUES ('BMA01V','MI','12','14','PRA','S4-208','ECHEANDIA CESPEDES JAVIER FRANCISCO');
insert into horarios(curso_seccion, dia, hora_ini, hora_fin, t_p, aula, docente) VALUES ('BMA01W','MI','8','10','T','S4-112','HUAMAN SANCHEZ ALEJANDRO APOLINARIO');
insert into horarios(curso_seccion, dia, hora_ini, hora_fin, t_p, aula, docente) VALUES ('BMA01W','MI','12','14','PRA','S4-105','HUAMAN SANCHEZ ALEJANDRO APOLINARIO');
insert into horarios(curso_seccion, dia, hora_ini, hora_fin, t_p, aula, docente) VALUES ('BMA01W','MA','8','10','T','S4-112','HUAMAN SANCHEZ ALEJANDRO APOLINARIO');
insert into horarios(curso_seccion, dia, hora_ini, hora_fin, t_p, aula, docente) VALUES ('BMA01X','VI','8','10','T','S4-204','BERMEO CARRASCO OSMAR ARNALDO');
insert into horarios(curso_seccion, dia, hora_ini, hora_fin, t_p, aula, docente) VALUES ('BMA01X','MI','12','14','PRA','S4-204','BERMEO CARRASCO OSMAR ARNALDO');
insert into horarios(curso_seccion, dia, hora_ini, hora_fin, t_p, aula, docente) VALUES ('BMA01X','LU','8','10','T','S4-204','BERMEO CARRASCO OSMAR ARNALDO');
insert into horarios(curso_seccion, dia, hora_ini, hora_fin, t_p, aula, docente) VALUES ('BMA01Y','JU','14','16','T','S4-215','CERNADES GOMEZ JESÚS');
insert into horarios(curso_seccion, dia, hora_ini, hora_fin, t_p, aula, docente) VALUES ('BMA01Y','LU','16','18','T','S4-215','CERNADES GOMEZ JESÚS');
insert into horarios(curso_seccion, dia, hora_ini, hora_fin, t_p, aula, docente) VALUES ('BMA01Y','MI','12','14','PRA','S4-215','CERNADES GOMEZ JESÚS');
insert into horarios(curso_seccion, dia, hora_ini, hora_fin, t_p, aula, docente) VALUES ('BMA02U','MI','10','12','PRA','S4-211','ARAMBULO OSTOS CARLOS EDUARDO');
insert into horarios(curso_seccion, dia, hora_ini, hora_fin, t_p, aula, docente) VALUES ('BMA02U','VI','10','12','T','S4-211','ARAMBULO OSTOS CARLOS EDUARDO');
insert into horarios(curso_seccion, dia, hora_ini, hora_fin, t_p, aula, docente) VALUES ('BMA02U','MA','10','12','T','S4-211','ARAMBULO OSTOS CARLOS EDUARDO');
insert into horarios(curso_seccion, dia, hora_ini, hora_fin, t_p, aula, docente) VALUES ('BMA02V','MI','8','10','T','S4-215','CRUZ YUPANQUI GLADYS');
insert into horarios(curso_seccion, dia, hora_ini, hora_fin, t_p, aula, docente) VALUES ('BMA02V','VI','14','16','T','S4-215','CRUZ YUPANQUI GLADYS');
insert into horarios(curso_seccion, dia, hora_ini, hora_fin, t_p, aula, docente) VALUES ('BMA02V','MI','10','12','PRA','S4-215','CRUZ YUPANQUI GLADYS');
insert into horarios(curso_seccion, dia, hora_ini, hora_fin, t_p, aula, docente) VALUES ('BMA02W','VI','12','14','T','S4-208','CUTIPA COAQUIRA MIGUEL');
insert into horarios(curso_seccion, dia, hora_ini, hora_fin, t_p, aula, docente) VALUES ('BMA02W','LU','14','16','T','S4-208','CUTIPA COAQUIRA MIGUEL');
insert into horarios(curso_seccion, dia, hora_ini, hora_fin, t_p, aula, docente) VALUES ('BMA02W','MI','10','12','PRA','S4-208','CUTIPA COAQUIRA MIGUEL');
insert into horarios(curso_seccion, dia, hora_ini, hora_fin, t_p, aula, docente) VALUES ('BMA02X','LU','8','10','T','S4-205','FLORES GALLO DIANA CAROLINA');
insert into horarios(curso_seccion, dia, hora_ini, hora_fin, t_p, aula, docente) VALUES ('BMA02X','VI','14','16','T','S4-205','FLORES GALLO DIANA CAROLINA');
insert into horarios(curso_seccion, dia, hora_ini, hora_fin, t_p, aula, docente) VALUES ('BMA02X','MI','10','12','PRA','S4-205','FLORES GALLO DIANA CAROLINA');
insert into horarios(curso_seccion, dia, hora_ini, hora_fin, t_p, aula, docente) VALUES ('BMA02Y','JU','16','18','T','AUDIOVISUALES','HUANCA SULLCA VICTOR');
insert into horarios(curso_seccion, dia, hora_ini, hora_fin, t_p, aula, docente) VALUES ('BMA02Y','LU','16','18','T','S4 - 201','HUANCA SULLCA VICTOR');
insert into horarios(curso_seccion, dia, hora_ini, hora_fin, t_p, aula, docente) VALUES ('BMA02Y','MI','10','12','PRA','S4 - 204','HUANCA SULLCA VICTOR');
insert into horarios(curso_seccion, dia, hora_ini, hora_fin, t_p, aula, docente) VALUES ('BMA03U','JU','10','12','PRA','S4-110','KALA BÉJAR LOURDES CRISTINA');
insert into horarios(curso_seccion, dia, hora_ini, hora_fin, t_p, aula, docente) VALUES ('BMA03U','MA','10','13','T','S4-110','KALA BÉJAR LOURDES CRISTINA');
insert into horarios(curso_seccion, dia, hora_ini, hora_fin, t_p, aula, docente) VALUES ('BMA03V','MA','14','17','T','AUDIOVISUALES','HUAMAN SANCHEZ ALEJANDRO APOLINARIO');
insert into horarios(curso_seccion, dia, hora_ini, hora_fin, t_p, aula, docente) VALUES ('BMA03V','JU','10','12','PRA','S4-202','FLORES GALLO DIANA CAROLINA');
insert into horarios(curso_seccion, dia, hora_ini, hora_fin, t_p, aula, docente) VALUES ('BMA03W','VI','8','10','T','S4-110','KALA BÉJAR LOURDES CRISTINA');
insert into horarios(curso_seccion, dia, hora_ini, hora_fin, t_p, aula, docente) VALUES ('BMA03W','MI','10','13','T','S4-110','KALA BÉJAR LOURDES CRISTINA');
insert into horarios(curso_seccion, dia, hora_ini, hora_fin, t_p, aula, docente) VALUES ('BMA03W','JU','10','12','PRA','S4-209','CHUNG CHING RICARDO ALEJANDRO');
insert into horarios(curso_seccion, dia, hora_ini, hora_fin, t_p, aula, docente) VALUES ('BMA03X','LU','10','13','T','S4-207','CERNADES GOMEZ JESÚS');
insert into horarios(curso_seccion, dia, hora_ini, hora_fin, t_p, aula, docente) VALUES ('BMA03X','JU','10','12','PRA','S4-207','CERNADES GOMEZ JESÚS');
insert into horarios(curso_seccion, dia, hora_ini, hora_fin, t_p, aula, docente) VALUES ('BMA03Y','MI','12','15','T','S4-202','CUTIPA COAQUIRA MIGUEL');
insert into horarios(curso_seccion, dia, hora_ini, hora_fin, t_p, aula, docente) VALUES ('BMA03Y','JU','10','12','PRA','S4-111','CUTIPA COAQUIRA MIGUEL');
insert into horarios(curso_seccion, dia, hora_ini, hora_fin, t_p, aula, docente) VALUES ('BQU01A','MA','14','16','T','S4- 212','ALCANTARA MALCA DANIEL ADOLFO');
insert into horarios(curso_seccion, dia, hora_ini, hora_fin, t_p, aula, docente) VALUES ('BQU01A','MI','10','12','LAB','S2-135','NN');
insert into horarios(curso_seccion, dia, hora_ini, hora_fin, t_p, aula, docente) VALUES ('BQU01A','MI','10','12','PRA','S4- 135','REYES ACOSTA ROSARIO');
insert into horarios(curso_seccion, dia, hora_ini, hora_fin, t_p, aula, docente) VALUES ('BQU01A','LU','14','16','T','S4- 212','ALCANTARA MALCA DANIEL ADOLFO');
insert into horarios(curso_seccion, dia, hora_ini, hora_fin, t_p, aula, docente) VALUES ('BQU01U','JU','14','16','T','S4-204','ALCANTARA MALCA DANIEL ADOLFO');
insert into horarios(curso_seccion, dia, hora_ini, hora_fin, t_p, aula, docente) VALUES ('BQU01U','MA','11','13','T','S4-204','ALCANTARA MALCA DANIEL ADOLFO');
insert into horarios(curso_seccion, dia, hora_ini, hora_fin, t_p, aula, docente) VALUES ('BQU01U','MA','14','16','LAB','S4-206','RONDINEL PINEDA PETRA ELINE');
insert into horarios(curso_seccion, dia, hora_ini, hora_fin, t_p, aula, docente) VALUES ('BQU01U','MA','14','16','PRA','S4-206','GOMEZ GALVEZ SUSANA TERESA');
insert into horarios(curso_seccion, dia, hora_ini, hora_fin, t_p, aula, docente) VALUES ('BQU01V','MA','16','18','PRA','S4-214','GOMEZ GALVEZ SUSANA TERESA');
insert into horarios(curso_seccion, dia, hora_ini, hora_fin, t_p, aula, docente) VALUES ('BQU01V','MA','16','18','LAB','S4-214','REYES ACOSTA ROSARIO');
insert into horarios(curso_seccion, dia, hora_ini, hora_fin, t_p, aula, docente) VALUES ('BQU01V','JU','11','13','T','S4-206','OSORIO MARUJO BILMA ELIZABETH');
insert into horarios(curso_seccion, dia, hora_ini, hora_fin, t_p, aula, docente) VALUES ('BQU01V','LU','10','12','T','S4-206','OSORIO MARUJO BILMA ELIZABETH');
insert into horarios(curso_seccion, dia, hora_ini, hora_fin, t_p, aula, docente) VALUES ('BQU01W','JU','14','16','LAB','S2-135','FUKUDA KAGAMI NANCY ELENA');
insert into horarios(curso_seccion, dia, hora_ini, hora_fin, t_p, aula, docente) VALUES ('BQU01W','JU','14','16','PRA','S2-135','RONDINEL PINEDA PETRA ELINE');
insert into horarios(curso_seccion, dia, hora_ini, hora_fin, t_p, aula, docente) VALUES ('BQU01W','MA','14','16','T','S4-201','FUKUDA KAGAMI NANCY ELENA');
insert into horarios(curso_seccion, dia, hora_ini, hora_fin, t_p, aula, docente) VALUES ('BQU01W','MA','10','12','T','S4-201','FUKUDA KAGAMI NANCY ELENA');
insert into horarios(curso_seccion, dia, hora_ini, hora_fin, t_p, aula, docente) VALUES ('BQU01X','JU','14','16','T','S4-110','CHAFLOQUE ELIAS CARLOS ALBERTO');
insert into horarios(curso_seccion, dia, hora_ini, hora_fin, t_p, aula, docente) VALUES ('BQU01X','LU','14','16','PRA','S2-135','RONDINEL PINEDA PETRA ELINE');
insert into horarios(curso_seccion, dia, hora_ini, hora_fin, t_p, aula, docente) VALUES ('BQU01X','LU','14','16','LAB','S2-135','GOMEZ GALVEZ SUSANA TERESA');
insert into horarios(curso_seccion, dia, hora_ini, hora_fin, t_p, aula, docente) VALUES ('BQU01X','LU','10','12','T','S4-110','CHAFLOQUE ELIAS CARLOS ALBERTO');
insert into horarios(curso_seccion, dia, hora_ini, hora_fin, t_p, aula, docente) VALUES ('BQU01Y','LU','10','12','PRA','S4-112','FUKUDA KAGAMI NANCY ELENA');
insert into horarios(curso_seccion, dia, hora_ini, hora_fin, t_p, aula, docente) VALUES ('BQU01Y','MA','14','16','T','S4-112','REYES ACOSTA ROSARIO');
insert into horarios(curso_seccion, dia, hora_ini, hora_fin, t_p, aula, docente) VALUES ('BQU01Y','MA','10','12','T','S4-112','REYES ACOSTA ROSARIO');
insert into horarios(curso_seccion, dia, hora_ini, hora_fin, t_p, aula, docente) VALUES ('BQU01Y','LU','10','12','LAB','S4-112','GOMEZ GALVEZ SUSANA TERESA');
insert into horarios(curso_seccion, dia, hora_ini, hora_fin, t_p, aula, docente) VALUES ('BRC01U','MA','9','11','PRA','S4-109','CHAVARRI ARCE RAQUEL MARTHA');
insert into horarios(curso_seccion, dia, hora_ini, hora_fin, t_p, aula, docente) VALUES ('BRC01U','MA','8','9','T','S4-109','CHAVARRI ARCE RAQUEL MARTHA');
insert into horarios(curso_seccion, dia, hora_ini, hora_fin, t_p, aula, docente) VALUES ('BRC01V','LU','13','14','T','S4-207','ACEVEDO RAYMUNDO SAUL');
insert into horarios(curso_seccion, dia, hora_ini, hora_fin, t_p, aula, docente) VALUES ('BRC01V','LU','14','16','PRA','S4-207','ACEVEDO RAYMUNDO SAUL');
insert into horarios(curso_seccion, dia, hora_ini, hora_fin, t_p, aula, docente) VALUES ('BRC01W','LU','10','12','PRA','S4-209','ACEVEDO RAYMUNDO SAUL');
insert into horarios(curso_seccion, dia, hora_ini, hora_fin, t_p, aula, docente) VALUES ('BRC01W','LU','9','10','T','S4-209','ACEVEDO RAYMUNDO SAUL');
insert into horarios(curso_seccion, dia, hora_ini, hora_fin, t_p, aula, docente) VALUES ('BRC01X','JU','9','11','PRA','S4-109','CHAVARRI ARCE RAQUEL MARTHA');
insert into horarios(curso_seccion, dia, hora_ini, hora_fin, t_p, aula, docente) VALUES ('BRC01X','JU','8','9','T','S4-109','CHAVARRI ARCE RAQUEL MARTHA');
insert into horarios(curso_seccion, dia, hora_ini, hora_fin, t_p, aula, docente) VALUES ('BRC01Y','MI','9','11','PRA','S4-206','CAMPANA AÑASCO RILDO');
insert into horarios(curso_seccion, dia, hora_ini, hora_fin, t_p, aula, docente) VALUES ('BRC01Y','MI','8','9','T','S4-206','CAMPANA AÑASCO RILDO');
insert into horarios(curso_seccion, dia, hora_ini, hora_fin, t_p, aula, docente) VALUES ('BRN01U','VI','10','12','T','S4-112','HUERTA ORTEGA JAVIER ARMANDO');
insert into horarios(curso_seccion, dia, hora_ini, hora_fin, t_p, aula, docente) VALUES ('BRN01U','VI','12','14','PRA','S4-112','HUERTA ORTEGA JAVIER ARMANDO');
insert into horarios(curso_seccion, dia, hora_ini, hora_fin, t_p, aula, docente) VALUES ('BRN01V','VI','10','12','PRA','S4-109','LEÓN ZÁRATE ANA MERCEDES');
insert into horarios(curso_seccion, dia, hora_ini, hora_fin, t_p, aula, docente) VALUES ('BRN01V','VI','8','10','T','S4-109','LEÓN ZÁRATE ANA MERCEDES');
insert into horarios(curso_seccion, dia, hora_ini, hora_fin, t_p, aula, docente) VALUES ('BRN01W','JU','16','18','T','S4-201','MONDRAGÓN HERNÁNDEZ MARGARITA DELICIA');
insert into horarios(curso_seccion, dia, hora_ini, hora_fin, t_p, aula, docente) VALUES ('BRN01W','MI','16','18','PRA','S4-201','MONDRAGÓN HERNÁNDEZ MARGARITA DELICIA');
insert into horarios(curso_seccion, dia, hora_ini, hora_fin, t_p, aula, docente) VALUES ('BRN01X','JU','18','20','T','S4-204','SANCHEZ HUARINGA CARLOS');
insert into horarios(curso_seccion, dia, hora_ini, hora_fin, t_p, aula, docente) VALUES ('BRN01X','JU','20','22','PRA','S4-204','SANCHEZ HUARINGA CARLOS');
insert into horarios(curso_seccion, dia, hora_ini, hora_fin, t_p, aula, docente) VALUES ('FB101A','VI','10','12','PRA','S4-203','NN');
insert into horarios(curso_seccion, dia, hora_ini, hora_fin, t_p, aula, docente) VALUES ('FB101A','MI','8','10','T','S4-203','NN');
insert into horarios(curso_seccion, dia, hora_ini, hora_fin, t_p, aula, docente) VALUES ('FB101U','VI','10','12','PRA','S4-212','ACOSTA DE LA CRUZ PEDRO RAUL');
insert into horarios(curso_seccion, dia, hora_ini, hora_fin, t_p, aula, docente) VALUES ('FB101U','MI','8','10','T','S4-212','ACOSTA DE LA CRUZ PEDRO RAUL');
insert into horarios(curso_seccion, dia, hora_ini, hora_fin, t_p, aula, docente) VALUES ('FB101V','VI','10','12','PRA','S4-216','VASQUEZ DOMINGUEZ RIQUELMER APOLINARIO');
insert into horarios(curso_seccion, dia, hora_ini, hora_fin, t_p, aula, docente) VALUES ('FB101V','MI','10','12','T','S4-216','VASQUEZ DOMINGUEZ RIQUELMER APOLINARIO');
insert into horarios(curso_seccion, dia, hora_ini, hora_fin, t_p, aula, docente) VALUES ('FB101W','VI','10','12','PRA','S4-105','CUTIPA COAQUIRA MIGUEL');
insert into horarios(curso_seccion, dia, hora_ini, hora_fin, t_p, aula, docente) VALUES ('FB101W','MI','10','12','T','S4-212','ACOSTA DE LA CRUZ PEDRO RAUL');
insert into horarios(curso_seccion, dia, hora_ini, hora_fin, t_p, aula, docente) VALUES ('FB101W','LU','8','10','T','S4-212','ACOSTA DE LA CRUZ PEDRO RAUL');
insert into horarios(curso_seccion, dia, hora_ini, hora_fin, t_p, aula, docente) VALUES ('FB101X','MA','16','18','T','S4-212','VASQUEZ DOMINGUEZ RIQUELMER APOLINARIO');
insert into horarios(curso_seccion, dia, hora_ini, hora_fin, t_p, aula, docente) VALUES ('FB101X','JU','16','18','T','S4-212','VASQUEZ DOMINGUEZ RIQUELMER APOLINARIO');
insert into horarios(curso_seccion, dia, hora_ini, hora_fin, t_p, aula, docente) VALUES ('FB101X','VI','10','12','PRA','S4-207','CHUNG CHING RICARDO ALEJANDRO');
insert into horarios(curso_seccion, dia, hora_ini, hora_fin, t_p, aula, docente) VALUES ('FB101Y','JU','16','18','PRA','S4-105','NN');
insert into horarios(curso_seccion, dia, hora_ini, hora_fin, t_p, aula, docente) VALUES ('FB101Y','VI','10','12','PRA','S4-110','KALA BÉJAR LOURDES CRISTINA');
insert into horarios(curso_seccion, dia, hora_ini, hora_fin, t_p, aula, docente) VALUES ('FB101Y','MA','16','18','T','S4-208','NN');
insert into horarios(curso_seccion, dia, hora_ini, hora_fin, t_p, aula, docente) VALUES ('FB202U','LU','12','14','LAB','S4-215','LESCANO AVILA LUIS ALBERTO');
insert into horarios(curso_seccion, dia, hora_ini, hora_fin, t_p, aula, docente) VALUES ('FB202U','VI','13','16','T','S4-216','LESCANO AVILA LUIS ALBERTO');
insert into horarios(curso_seccion, dia, hora_ini, hora_fin, t_p, aula, docente) VALUES ('FB202U','LU','12','14','PRA','S4-215','FUKUDA KAGAMI NANCY ELENA');
insert into horarios(curso_seccion, dia, hora_ini, hora_fin, t_p, aula, docente) VALUES ('FB202V','LU','14','16','PRA','S4-213','LESCANO AVILA LUIS ALBERTO');
insert into horarios(curso_seccion, dia, hora_ini, hora_fin, t_p, aula, docente) VALUES ('FB202V','LU','8','11','T','S4-211','ALCANTARA MALCA DANIEL ADOLFO');
insert into horarios(curso_seccion, dia, hora_ini, hora_fin, t_p, aula, docente) VALUES ('FB202V','LU','14','16','LAB','S4-213','FUKUDA KAGAMI NANCY ELENA');
insert into horarios(curso_seccion, dia, hora_ini, hora_fin, t_p, aula, docente) VALUES ('FB202W','VI','10','13','T','S4-213','CHAFLOQUE ELIAS CARLOS ALBERTO');
insert into horarios(curso_seccion, dia, hora_ini, hora_fin, t_p, aula, docente) VALUES ('FB202W','MI','14','16','LAB','S4-209','ALCANTARA MALCA DANIEL ADOLFO');
insert into horarios(curso_seccion, dia, hora_ini, hora_fin, t_p, aula, docente) VALUES ('FB202W','MI','14','16','PRA','S4-209','REYES ACOSTA ROSARIO');
insert into horarios(curso_seccion, dia, hora_ini, hora_fin, t_p, aula, docente) VALUES ('FB202X','MI','16','18','PRA','S4-105','REYES ACOSTA ROSARIO');
insert into horarios(curso_seccion, dia, hora_ini, hora_fin, t_p, aula, docente) VALUES ('FB202X','VI','10','13','T','S4-204','NN');
insert into horarios(curso_seccion, dia, hora_ini, hora_fin, t_p, aula, docente) VALUES ('FB202X','MI','16','18','LAB','S4-105','NN');
insert into horarios(curso_seccion, dia, hora_ini, hora_fin, t_p, aula, docente) VALUES ('FB301U','LU','8','10','PRA','S4-203','BENITES YARLEQUÉ JOSÉ VALERIO');
insert into horarios(curso_seccion, dia, hora_ini, hora_fin, t_p, aula, docente) VALUES ('FB301U','JU','8','10','T','S4-206','BENITES YARLEQUÉ JOSÉ VALERIO');
insert into horarios(curso_seccion, dia, hora_ini, hora_fin, t_p, aula, docente) VALUES ('FB301V','LU','8','10','PRA','S4-112','CUEVA HUANUCO EDDIE DANNY');
insert into horarios(curso_seccion, dia, hora_ini, hora_fin, t_p, aula, docente) VALUES ('FB301V','SA','8','10','T','S4-112','CUEVA HUANUCO EDDIE DANNY');
insert into horarios(curso_seccion, dia, hora_ini, hora_fin, t_p, aula, docente) VALUES ('FB301W','LU','8','10','PRA','S4-201','TOCTO INGA PAUL MILLER');
insert into horarios(curso_seccion, dia, hora_ini, hora_fin, t_p, aula, docente) VALUES ('FB301W','MA','10','12','T','S4-201','TOCTO INGA PAUL MILLER');
insert into horarios(curso_seccion, dia, hora_ini, hora_fin, t_p, aula, docente) VALUES ('FB301X','JU','10','12','PRA','S4-201','BENITES YARLEQUÉ JOSÉ VALERIO');
insert into horarios(curso_seccion, dia, hora_ini, hora_fin, t_p, aula, docente) VALUES ('FB301X','VI','16','18','T','S4-201','BENITES YARLEQUÉ JOSÉ VALERIO');
insert into horarios(curso_seccion, dia, hora_ini, hora_fin, t_p, aula, docente) VALUES ('FB303U','SA','10','12','T','S4-204','ALVARADO RODRÍGUEZ JOSÉ LUIS');
insert into horarios(curso_seccion, dia, hora_ini, hora_fin, t_p, aula, docente) VALUES ('FB303U','VI','10','12','PRA','S4-209','ALVARADO RODRÍGUEZ JOSÉ LUIS');
insert into horarios(curso_seccion, dia, hora_ini, hora_fin, t_p, aula, docente) VALUES ('FB303U','SA','8','10','T','S4-205','ALVARADO RODRÍGUEZ JOSÉ LUIS');
insert into horarios(curso_seccion, dia, hora_ini, hora_fin, t_p, aula, docente) VALUES ('FB303V','VI','10','12','PRA','S4-204','ECHEANDIA CESPEDES JAVIER FRANCISCO');
insert into horarios(curso_seccion, dia, hora_ini, hora_fin, t_p, aula, docente) VALUES ('FB303V','MA','12','14','T','S4-205','ECHEANDIA CESPEDES JAVIER FRANCISCO');
insert into horarios(curso_seccion, dia, hora_ini, hora_fin, t_p, aula, docente) VALUES ('FB303V','MI','16','18','T','S4-213','ECHEANDIA CESPEDES JAVIER FRANCISCO');
insert into horarios(curso_seccion, dia, hora_ini, hora_fin, t_p, aula, docente) VALUES ('FB303W','VI','10','12','PRA','S4-207','FLORES GALLO DIANA CAROLINA');
insert into horarios(curso_seccion, dia, hora_ini, hora_fin, t_p, aula, docente) VALUES ('FB303W','VI','8','10','T','S4-203','ALVARADO RODRÍGUEZ JOSÉ LUIS');
insert into horarios(curso_seccion, dia, hora_ini, hora_fin, t_p, aula, docente) VALUES ('FB303W','SA','12','14','T','S4-205','ALVARADO RODRÍGUEZ JOSÉ LUIS');
insert into horarios(curso_seccion, dia, hora_ini, hora_fin, t_p, aula, docente) VALUES ('FB303X','MI','8','10','T','S4-109','BERMEO CARRASCO OSMAR ARNALDO');
insert into horarios(curso_seccion, dia, hora_ini, hora_fin, t_p, aula, docente) VALUES ('FB303X','VI','10','12','PRA','S4-206','BERMEO CARRASCO OSMAR ARNALDO');
insert into horarios(curso_seccion, dia, hora_ini, hora_fin, t_p, aula, docente) VALUES ('FB303X','LU','10','12','T','S4-205','BERMEO CARRASCO OSMAR ARNALDO');
insert into horarios(curso_seccion, dia, hora_ini, hora_fin, t_p, aula, docente) VALUES ('FB305U','VI','16','18','T','S4-214','SEGURA GARCÍA YOLANDA ADRIANA');
insert into horarios(curso_seccion, dia, hora_ini, hora_fin, t_p, aula, docente) VALUES ('FB305U','SA','8','10','PRA','S4-214','SEGURA GARCÍA YOLANDA ADRIANA');
insert into horarios(curso_seccion, dia, hora_ini, hora_fin, t_p, aula, docente) VALUES ('FB305V','MA','8','10','T','S4-208','CERNA VALDEZ YARKO ALVARO');
insert into horarios(curso_seccion, dia, hora_ini, hora_fin, t_p, aula, docente) VALUES ('FB305V','JU','8','10','PRA','S4-208','CERNA VALDEZ YARKO ALVARO');
insert into horarios(curso_seccion, dia, hora_ini, hora_fin, t_p, aula, docente) VALUES ('FB305W','VI','20','22','T','S4-209','SEGURA GARCÍA YOLANDA ADRIANA');
insert into horarios(curso_seccion, dia, hora_ini, hora_fin, t_p, aula, docente) VALUES ('FB305W','SA','12','14','PRA','S4-215','SEGURA GARCÍA YOLANDA ADRIANA');
insert into horarios(curso_seccion, dia, hora_ini, hora_fin, t_p, aula, docente) VALUES ('FB305X','JU','10','12','PRA','S4-208','CERNA VALDEZ YARKO ALVARO');
insert into horarios(curso_seccion, dia, hora_ini, hora_fin, t_p, aula, docente) VALUES ('FB305X','VI','8','10','T','S4-208','CERNA VALDEZ YARKO ALVARO');
insert into horarios(curso_seccion, dia, hora_ini, hora_fin, t_p, aula, docente) VALUES ('FB305Y','SA','10','12','PRA','S4-211','CUTIPA COAQUIRA MIGUEL');
insert into horarios(curso_seccion, dia, hora_ini, hora_fin, t_p, aula, docente) VALUES ('FB305Y','JU','8','10','T','S4-215','CUTIPA COAQUIRA MIGUEL');
insert into horarios(curso_seccion, dia, hora_ini, hora_fin, t_p, aula, docente) VALUES ('FB401U','JU','12','14','LAB','S4-214','SAN BARTOLOME MONTERO JAIME');
insert into horarios(curso_seccion, dia, hora_ini, hora_fin, t_p, aula, docente) VALUES ('FB401U','MA','14','16','T','S4-214','SALCEDO TORRES JOAQUIN MAGNOT');
insert into horarios(curso_seccion, dia, hora_ini, hora_fin, t_p, aula, docente) VALUES ('FB401U','MI','14','16','T','S4-214','SALCEDO TORRES JOAQUIN MAGNOT');
insert into horarios(curso_seccion, dia, hora_ini, hora_fin, t_p, aula, docente) VALUES ('FB401U','JU','12','14','PRA','S4-214','SALCEDO TORRES JOAQUIN MAGNOT');
insert into horarios(curso_seccion, dia, hora_ini, hora_fin, t_p, aula, docente) VALUES ('FB401V','MA','16','18','T','S4-212','CAÑOTE FAJARDO PERCY VICTOR');
insert into horarios(curso_seccion, dia, hora_ini, hora_fin, t_p, aula, docente) VALUES ('FB401V','MI','16','18','T','S4-212','CAÑOTE FAJARDO PERCY VICTOR');
insert into horarios(curso_seccion, dia, hora_ini, hora_fin, t_p, aula, docente) VALUES ('FB401V','JU','16','18','LAB','S4-212','SAN BARTOLOME MONTERO JAIME');
insert into horarios(curso_seccion, dia, hora_ini, hora_fin, t_p, aula, docente) VALUES ('FB401V','JU','16','18','PRA','S4-212','SALCEDO TORRES JOAQUIN MAGNOT');
insert into horarios(curso_seccion, dia, hora_ini, hora_fin, t_p, aula, docente) VALUES ('FB401W','LU','12','14','LAB','S2-137','MOSQUERA MOLINA MIGUEL ANGEL');
insert into horarios(curso_seccion, dia, hora_ini, hora_fin, t_p, aula, docente) VALUES ('FB401W','LU','12','14','PRA','S2-137','SALCEDO TORRES JOAQUIN MAGNOT');
insert into horarios(curso_seccion, dia, hora_ini, hora_fin, t_p, aula, docente) VALUES ('FB401W','MI','18','20','T','S4-212','SAN BARTOLOME MONTERO JAIME');
insert into horarios(curso_seccion, dia, hora_ini, hora_fin, t_p, aula, docente) VALUES ('FB401W','JU','18','20','T','S4-212','SAN BARTOLOME MONTERO JAIME');
insert into horarios(curso_seccion, dia, hora_ini, hora_fin, t_p, aula, docente) VALUES ('FB401X','JU','10','12','LAB','S4-212','SAN BARTOLOME MONTERO JAIME');
insert into horarios(curso_seccion, dia, hora_ini, hora_fin, t_p, aula, docente) VALUES ('FB401X','LU','14','16','T','S4-214','MOSQUERA MOLINA MIGUEL ANGEL');
insert into horarios(curso_seccion, dia, hora_ini, hora_fin, t_p, aula, docente) VALUES ('FB401X','MI','14','16','T','S4-214','MOSQUERA MOLINA MIGUEL ANGEL');
insert into horarios(curso_seccion, dia, hora_ini, hora_fin, t_p, aula, docente) VALUES ('FB401X','JU','10','12','PRA','S4-212','PEÑA YALICO VICENTE');
insert into horarios(curso_seccion, dia, hora_ini, hora_fin, t_p, aula, docente) VALUES ('FB402U','VI','8','10','T','S4-203','SOTOMAYOR ARAMBURU FERNANDO FORTUNATO');
insert into horarios(curso_seccion, dia, hora_ini, hora_fin, t_p, aula, docente) VALUES ('FB402U','SA','8','10','PRA','S4-112','SOTOMAYOR ARAMBURU FERNANDO FORTUNATO');
insert into horarios(curso_seccion, dia, hora_ini, hora_fin, t_p, aula, docente) VALUES ('FB402V','LU','8','10','T','S4-203','HUALLPA GUTIERREZ WALTER ANTONIO');
insert into horarios(curso_seccion, dia, hora_ini, hora_fin, t_p, aula, docente) VALUES ('FB402V','SA','8','10','PRA','S4-112','HUALLPA GUTIERREZ WALTER ANTONIO');
insert into horarios(curso_seccion, dia, hora_ini, hora_fin, t_p, aula, docente) VALUES ('FB403U','MA','8','10','T','S4-211','ARAMBULO OSTOS CARLOS EDUARDO');
insert into horarios(curso_seccion, dia, hora_ini, hora_fin, t_p, aula, docente) VALUES ('FB403U','MI','8','10','T','S4-211','ARAMBULO OSTOS CARLOS EDUARDO');
insert into horarios(curso_seccion, dia, hora_ini, hora_fin, t_p, aula, docente) VALUES ('FB403U','VI','12','14','PRA','S4-211','ARAMBULO OSTOS CARLOS EDUARDO');
insert into horarios(curso_seccion, dia, hora_ini, hora_fin, t_p, aula, docente) VALUES ('FB403V','JU','10','12','T','S4-201','CRUZ YUPANQUI GLADYS');
insert into horarios(curso_seccion, dia, hora_ini, hora_fin, t_p, aula, docente) VALUES ('FB403V','VI','12','14','PRA','S4-109','CRUZ YUPANQUI GLADYS');
insert into horarios(curso_seccion, dia, hora_ini, hora_fin, t_p, aula, docente) VALUES ('FB403V','JU','8','10','T','S4-111','CRUZ YUPANQUI GLADYS');
insert into horarios(curso_seccion, dia, hora_ini, hora_fin, t_p, aula, docente) VALUES ('FB403W','LU','10','12','T','S4-111','CHUNG CHING RICARDO ALEJANDRO');
insert into horarios(curso_seccion, dia, hora_ini, hora_fin, t_p, aula, docente) VALUES ('FB403W','JU','8','10','T','S4-201','CHUNG CHING RICARDO ALEJANDRO');
insert into horarios(curso_seccion, dia, hora_ini, hora_fin, t_p, aula, docente) VALUES ('FB403W','VI','12','14','PRA','S4-109','CHUNG CHING RICARDO ALEJANDRO');
insert into horarios(curso_seccion, dia, hora_ini, hora_fin, t_p, aula, docente) VALUES ('FB405U','SA','10','12','PRA','S4-205','SEGURA GARCÍA YOLANDA ADRIANA');
insert into horarios(curso_seccion, dia, hora_ini, hora_fin, t_p, aula, docente) VALUES ('FB405U','VI','18','20','T','S4-205','SEGURA GARCÍA YOLANDA ADRIANA');
insert into horarios(curso_seccion, dia, hora_ini, hora_fin, t_p, aula, docente) VALUES ('FB405V','VI','10','12','T','S4-208','CERNA VALDEZ YARKO ALVARO');
insert into horarios(curso_seccion, dia, hora_ini, hora_fin, t_p, aula, docente) VALUES ('FB405V','MA','10','12','PRA','S4-208','CERNA VALDEZ YARKO ALVARO');
insert into horarios(curso_seccion, dia, hora_ini, hora_fin, t_p, aula, docente) VALUES ('FB501U','MI','8','10','PRA','S4-208','TOCTO INGA PAUL MILLER');
insert into horarios(curso_seccion, dia, hora_ini, hora_fin, t_p, aula, docente) VALUES ('FB501U','MI','10','12','T','S4-208','TOCTO INGA PAUL MILLER');
insert into horarios(curso_seccion, dia, hora_ini, hora_fin, t_p, aula, docente) VALUES ('GE001U','LU','16','20','PRA','S4-206','LAU CARRILLO CARMEN IVONNE');
insert into horarios(curso_seccion, dia, hora_ini, hora_fin, t_p, aula, docente) VALUES ('GE001V','MI','18','22','PRA','S4-109','ROJAS MENDOZA DORIS FANNY');
insert into horarios(curso_seccion, dia, hora_ini, hora_fin, t_p, aula, docente) VALUES ('GE001W','MI','18','20','PRA','S4-105','VILLANUEVA HERRERA JOSÉ ALBERTO');
insert into horarios(curso_seccion, dia, hora_ini, hora_fin, t_p, aula, docente) VALUES ('GE001W','LU','18','20','PRA','S4-105','VILLANUEVA HERRERA JOSÉ ALBERTO');
insert into horarios(curso_seccion, dia, hora_ini, hora_fin, t_p, aula, docente) VALUES ('GE101U','MA','10','12','PRA','S4-105','VILLANUEVA HERRERA JOSÉ ALBERTO');
insert into horarios(curso_seccion, dia, hora_ini, hora_fin, t_p, aula, docente) VALUES ('GE101U','LU','10','12','T','S4-105','VILLANUEVA HERRERA JOSÉ ALBERTO');
insert into horarios(curso_seccion, dia, hora_ini, hora_fin, t_p, aula, docente) VALUES ('GE101V','MA','16','18','T','S4-105','MORILLO ROJAS DANIEL');
insert into horarios(curso_seccion, dia, hora_ini, hora_fin, t_p, aula, docente) VALUES ('GE101V','JU','16','18','PRA','S4-110','MORILLO ROJAS DANIEL');
insert into horarios(curso_seccion, dia, hora_ini, hora_fin, t_p, aula, docente) VALUES ('GE101W','MI','18','20','T','S4-105','MORILLO ROJAS DANIEL');
insert into horarios(curso_seccion, dia, hora_ini, hora_fin, t_p, aula, docente) VALUES ('GE101W','JU','14','16','PRA','S4-105','MORILLO ROJAS DANIEL');
insert into horarios(curso_seccion, dia, hora_ini, hora_fin, t_p, aula, docente) VALUES ('GE112U','LU','16','18','T','S4-203','MEDINA AQUINO LUIS FELIPE');
insert into horarios(curso_seccion, dia, hora_ini, hora_fin, t_p, aula, docente) VALUES ('GE112U','MI','16','18','PRA','S4-203','MEDINA AQUINO LUIS FELIPE');
insert into horarios(curso_seccion, dia, hora_ini, hora_fin, t_p, aula, docente) VALUES ('GE112V','SA','10','12','PRA','S4-203','PUCCIO QUEVEDO BRUNO JUAN');
insert into horarios(curso_seccion, dia, hora_ini, hora_fin, t_p, aula, docente) VALUES ('GE112V','SA','8','10','T','S4-203','PUCCIO QUEVEDO BRUNO JUAN');
insert into horarios(curso_seccion, dia, hora_ini, hora_fin, t_p, aula, docente) VALUES ('GE115U','JU','8','10','T','LAB-A','MONDRAGÓN HERNÁNDEZ MARGARITA DELICIA');
insert into horarios(curso_seccion, dia, hora_ini, hora_fin, t_p, aula, docente) VALUES ('GE122U','VI','18','20','T','S4-204','LEYTON DIAZ VICTOR ADOLFO');
insert into horarios(curso_seccion, dia, hora_ini, hora_fin, t_p, aula, docente) VALUES ('GE122U','VI','20','22','PRA','S4-204','LEYTON DIAZ VICTOR ADOLFO');
insert into horarios(curso_seccion, dia, hora_ini, hora_fin, t_p, aula, docente) VALUES ('GE124U','MA','18','20','PRA','S4-203','NN');
insert into horarios(curso_seccion, dia, hora_ini, hora_fin, t_p, aula, docente) VALUES ('GE124U','LU','20','22','T','LAB-E','NN');
insert into horarios(curso_seccion, dia, hora_ini, hora_fin, t_p, aula, docente) VALUES ('GE128U','JU','16','18','PRA','S4-209','PONCE SÁNCHEZ CARLOS FIDEL');
insert into horarios(curso_seccion, dia, hora_ini, hora_fin, t_p, aula, docente) VALUES ('GE128U','LU','16','18','T','S4-209','PONCE SÁNCHEZ CARLOS FIDEL');
insert into horarios(curso_seccion, dia, hora_ini, hora_fin, t_p, aula, docente) VALUES ('GE501U','LU','14','16','T','S4-109','ROJAS MENDOZA DORIS FANNY');
insert into horarios(curso_seccion, dia, hora_ini, hora_fin, t_p, aula, docente) VALUES ('GE501U','JU','14','16','PRA','S4-109','ROJAS MENDOZA DORIS FANNY');
insert into horarios(curso_seccion, dia, hora_ini, hora_fin, t_p, aula, docente) VALUES ('GE501V','MA','20','22','PRA','S4-216','RIZABAL FLORES ELIANA CECILIA');
insert into horarios(curso_seccion, dia, hora_ini, hora_fin, t_p, aula, docente) VALUES ('GE501V','MA','18','20','T','S4-216','RIZABAL FLORES ELIANA CECILIA');
insert into horarios(curso_seccion, dia, hora_ini, hora_fin, t_p, aula, docente) VALUES ('GE502U','LU','10','12','T','S4-202','EGÚZQUIZA FIGUEROA MARÍA ENERINA');
insert into horarios(curso_seccion, dia, hora_ini, hora_fin, t_p, aula, docente) VALUES ('GE502U','JU','10','12','PRA','S4-202','EGÚZQUIZA FIGUEROA MARÍA ENERINA');
insert into horarios(curso_seccion, dia, hora_ini, hora_fin, t_p, aula, docente) VALUES ('GE602U','JU','16','18','PRA','S4-204','LEYTON DIAZ VICTOR ADOLFO');
insert into horarios(curso_seccion, dia, hora_ini, hora_fin, t_p, aula, docente) VALUES ('GE602U','MA','14','16','T','S4-204','LEYTON DIAZ VICTOR ADOLFO');
insert into horarios(curso_seccion, dia, hora_ini, hora_fin, t_p, aula, docente) VALUES ('GE602V','JU','16','18','PRA','S4-212','FALCONI VASQUEZ RODOLFO ELÍAS');
insert into horarios(curso_seccion, dia, hora_ini, hora_fin, t_p, aula, docente) VALUES ('GE602V','MA','16','18','T','S4-212','FALCONI VASQUEZ RODOLFO ELÍAS');
insert into horarios(curso_seccion, dia, hora_ini, hora_fin, t_p, aula, docente) VALUES ('GE602W','MI','10','12','T','S4-109','LEÓN ZÁRATE ANA MERCEDES');
insert into horarios(curso_seccion, dia, hora_ini, hora_fin, t_p, aula, docente) VALUES ('GE602W','MI','12','14','PRA','S4-109','LEÓN ZÁRATE ANA MERCEDES');
insert into horarios(curso_seccion, dia, hora_ini, hora_fin, t_p, aula, docente) VALUES ('GE603U','MA','20','22','PRA','S4-109','NN');
insert into horarios(curso_seccion, dia, hora_ini, hora_fin, t_p, aula, docente) VALUES ('GE603U','MA','18','20','T','S4-212','NN');
insert into horarios(curso_seccion, dia, hora_ini, hora_fin, t_p, aula, docente) VALUES ('GE603V','SA','8','10','T','S4-109','NN');
insert into horarios(curso_seccion, dia, hora_ini, hora_fin, t_p, aula, docente) VALUES ('GE603V','SA','10','12','PRA','S4-109','NN');
insert into horarios(curso_seccion, dia, hora_ini, hora_fin, t_p, aula, docente) VALUES ('GE604U','LU','14','16','T','S4-205','LLANCCE MONDRAGON LUISA');
insert into horarios(curso_seccion, dia, hora_ini, hora_fin, t_p, aula, docente) VALUES ('GE604U','MI','14','16','PRA','S4-205','LLANCCE MONDRAGON LUISA');
insert into horarios(curso_seccion, dia, hora_ini, hora_fin, t_p, aula, docente) VALUES ('GE604V','VI','16','18','PRA','S4-206','CAICEDO BUSTAMANTE VICTOR ANTONIO');
insert into horarios(curso_seccion, dia, hora_ini, hora_fin, t_p, aula, docente) VALUES ('GE604V','LU','20','22','T','S4-206','CAICEDO BUSTAMANTE VICTOR ANTONIO');
insert into horarios(curso_seccion, dia, hora_ini, hora_fin, t_p, aula, docente) VALUES ('GE605U','MI','16','18','T','S4-212','ORIA CHAVARRIA WILLIAM');
insert into horarios(curso_seccion, dia, hora_ini, hora_fin, t_p, aula, docente) VALUES ('GE605U','MI','18','20','PRA','S4-212','ORIA CHAVARRIA WILLIAM');
insert into horarios(curso_seccion, dia, hora_ini, hora_fin, t_p, aula, docente) VALUES ('GE605V','LU','16','18','T','S4-214','VALLE SANTOS JOHN CLERK');
insert into horarios(curso_seccion, dia, hora_ini, hora_fin, t_p, aula, docente) VALUES ('GE605V','LU','18','20','PRA','S4-214','VALLE SANTOS JOHN CLERK');
insert into horarios(curso_seccion, dia, hora_ini, hora_fin, t_p, aula, docente) VALUES ('GE701U','JU','16','18','PRA','S4-112','HUAMANI HUAMANI GLORIA TERESITA');
insert into horarios(curso_seccion, dia, hora_ini, hora_fin, t_p, aula, docente) VALUES ('GE701U','MA','16','18','T','S4-112','HUAMANI HUAMANI GLORIA TERESITA');
insert into horarios(curso_seccion, dia, hora_ini, hora_fin, t_p, aula, docente) VALUES ('GE701V','MA','18','20','T','S4-202','ZAMORA YANSI RICHARD ISMAEL');
insert into horarios(curso_seccion, dia, hora_ini, hora_fin, t_p, aula, docente) VALUES ('GE701V','MA','20','22','PRA','S4-202','ZAMORA YANSI RICHARD ISMAEL');
insert into horarios(curso_seccion, dia, hora_ini, hora_fin, t_p, aula, docente) VALUES ('GE702U','LU','20','22','PRA','S4-210','MIRANDA TORRES CESAR AURELIO');
insert into horarios(curso_seccion, dia, hora_ini, hora_fin, t_p, aula, docente) VALUES ('GE702U','MA','18','20','T','S4-210','MIRANDA TORRES CESAR AURELIO');
insert into horarios(curso_seccion, dia, hora_ini, hora_fin, t_p, aula, docente) VALUES ('GE702V','JU','16','18','PRA','S4-109','MONDRAGÓN HERNÁNDEZ MARGARITA DELICIA');
insert into horarios(curso_seccion, dia, hora_ini, hora_fin, t_p, aula, docente) VALUES ('GE703U','MA','20','22','PRA','S4-109','ESPINOZA ESPINOZA JOSE ALFREDO');
insert into horarios(curso_seccion, dia, hora_ini, hora_fin, t_p, aula, docente) VALUES ('GE703U','MA','18','20','T','S4-109','ESPINOZA ESPINOZA JOSE ALFREDO');
insert into horarios(curso_seccion, dia, hora_ini, hora_fin, t_p, aula, docente) VALUES ('GE703V','SA','16','18','PRA','S4-204','CHAPARRO MINAYA ENRIQUE VLADIMIR');
insert into horarios(curso_seccion, dia, hora_ini, hora_fin, t_p, aula, docente) VALUES ('GE703V','SA','14','16','T','S4-204','CHAPARRO MINAYA ENRIQUE VLADIMIR');
insert into horarios(curso_seccion, dia, hora_ini, hora_fin, t_p, aula, docente) VALUES ('GE704U','VI','16','18','PRA','S4-212','FALCONI VASQUEZ RODOLFO ELÍAS');
insert into horarios(curso_seccion, dia, hora_ini, hora_fin, t_p, aula, docente) VALUES ('GE704U','LU','16','18','T','S4-212','FALCONI VASQUEZ RODOLFO ELÍAS');
insert into horarios(curso_seccion, dia, hora_ini, hora_fin, t_p, aula, docente) VALUES ('GE704V','VI','16','18','T','S4-207','ORIA CHAVARRIA WILLIAM');
insert into horarios(curso_seccion, dia, hora_ini, hora_fin, t_p, aula, docente) VALUES ('GE704V','VI','18','20','PRA','S4-207','ORIA CHAVARRIA WILLIAM');
insert into horarios(curso_seccion, dia, hora_ini, hora_fin, t_p, aula, docente) VALUES ('GE704W','VI','16','18','T','S4-204','LEYTON DIAZ VICTOR ADOLFO');
insert into horarios(curso_seccion, dia, hora_ini, hora_fin, t_p, aula, docente) VALUES ('GE704W','MA','16','18','PRA','S4-204','LEYTON DIAZ VICTOR ADOLFO');
insert into horarios(curso_seccion, dia, hora_ini, hora_fin, t_p, aula, docente) VALUES ('GE709U','MA','18','20','T','S4-201','CALIZAYA NEYRA PERCY ANGEL');
insert into horarios(curso_seccion, dia, hora_ini, hora_fin, t_p, aula, docente) VALUES ('GE709U','MA','20','22','PRA','S4-201','CALIZAYA NEYRA PERCY ANGEL');
insert into horarios(curso_seccion, dia, hora_ini, hora_fin, t_p, aula, docente) VALUES ('GE709V','SA','8','10','T','S4-211','REVILLA LOAYZA REYNA ROSARIO');
insert into horarios(curso_seccion, dia, hora_ini, hora_fin, t_p, aula, docente) VALUES ('GE709V','SA','10','12','PRA','S4-211','REVILLA LOAYZA REYNA ROSARIO');
insert into horarios(curso_seccion, dia, hora_ini, hora_fin, t_p, aula, docente) VALUES ('GE801U','MA','18','20','PRA','S4-112','ZARATE OTAROLA LEONIDAS BENITO');
insert into horarios(curso_seccion, dia, hora_ini, hora_fin, t_p, aula, docente) VALUES ('GE801U','MA','16','18','T','S4-112','ZARATE OTAROLA LEONIDAS BENITO');
insert into horarios(curso_seccion, dia, hora_ini, hora_fin, t_p, aula, docente) VALUES ('GE801V','LU','16','18','T','S4-205','LLANCCE MONDRAGON LUISA');
insert into horarios(curso_seccion, dia, hora_ini, hora_fin, t_p, aula, docente) VALUES ('GE801V','MI','16','18','PRA','S4-205','LLANCCE MONDRAGON LUISA');
insert into horarios(curso_seccion, dia, hora_ini, hora_fin, t_p, aula, docente) VALUES ('GE801W','JU','18','20','T','S4-214','FLORES BASHI CARLOS ANTONIO');
insert into horarios(curso_seccion, dia, hora_ini, hora_fin, t_p, aula, docente) VALUES ('GE801W','JU','16','18','PRA','S4-214','FLORES BASHI CARLOS ANTONIO');
insert into horarios(curso_seccion, dia, hora_ini, hora_fin, t_p, aula, docente) VALUES ('GE801X','JU','16','18','PRA','S4-112','QUINTEROS CHAVEZ SILVIO');
insert into horarios(curso_seccion, dia, hora_ini, hora_fin, t_p, aula, docente) VALUES ('GE801X','MI','16','18','T','S4-112','QUINTEROS CHAVEZ SILVIO');
insert into horarios(curso_seccion, dia, hora_ini, hora_fin, t_p, aula, docente) VALUES ('GE802U','MI','18','20','T','S4-112','ESPINOZA ESPINOZA JOSE ALFREDO');
insert into horarios(curso_seccion, dia, hora_ini, hora_fin, t_p, aula, docente) VALUES ('GE802U','MI','20','22','PRA','S4-112','ESPINOZA ESPINOZA JOSE ALFREDO');
insert into horarios(curso_seccion, dia, hora_ini, hora_fin, t_p, aula, docente) VALUES ('GE802V','SA','8','10','T','S4-112','RAMOS PALOMINO EDGAR');
insert into horarios(curso_seccion, dia, hora_ini, hora_fin, t_p, aula, docente) VALUES ('GE802V','SA','10','12','PRA','S4-112','RAMOS PALOMINO EDGAR');
insert into horarios(curso_seccion, dia, hora_ini, hora_fin, t_p, aula, docente) VALUES ('GE802W','MI','16','18','PRA','S4-114','ZARATE OTAROLA LEONIDAS BENITO');
insert into horarios(curso_seccion, dia, hora_ini, hora_fin, t_p, aula, docente) VALUES ('GE802W','LU','16','18','T','S4-114','ZARATE OTAROLA LEONIDAS BENITO');
insert into horarios(curso_seccion, dia, hora_ini, hora_fin, t_p, aula, docente) VALUES ('GE803U','LU','18','20','PRA','S4-110','ZAMORA YANSI RICHARD ISMAEL');
insert into horarios(curso_seccion, dia, hora_ini, hora_fin, t_p, aula, docente) VALUES ('GE803U','LU','20','22','PRA','S4-110','ZAMORA YANSI RICHARD ISMAEL');
insert into horarios(curso_seccion, dia, hora_ini, hora_fin, t_p, aula, docente) VALUES ('GE803V','MI','18','20','PRA','S4-211','GARCIA RAMOS CINTYA');
insert into horarios(curso_seccion, dia, hora_ini, hora_fin, t_p, aula, docente) VALUES ('GE803V','VI','18','20','PRA','S4-211','GARCIA RAMOS CINTYA');
insert into horarios(curso_seccion, dia, hora_ini, hora_fin, t_p, aula, docente) VALUES ('GE805U','MI','16','18','PRA','S4-214','FLORES BASHI CARLOS ANTONIO');
insert into horarios(curso_seccion, dia, hora_ini, hora_fin, t_p, aula, docente) VALUES ('GE805U','LU','16','18','T','S4-214','FLORES BASHI CARLOS ANTONIO');
insert into horarios(curso_seccion, dia, hora_ini, hora_fin, t_p, aula, docente) VALUES ('GE805V','MA','16','18','PRA','S4-109','BRAVO QUISPE ALDO ANTONIO');
insert into horarios(curso_seccion, dia, hora_ini, hora_fin, t_p, aula, docente) VALUES ('GE805V','JU','16','18','T','S4-109','BRAVO QUISPE ALDO ANTONIO');
insert into horarios(curso_seccion, dia, hora_ini, hora_fin, t_p, aula, docente) VALUES ('GE805W','JU','18','20','T','S4-203','ESPINOZA ESPINOZA JOSE ALFREDO');
insert into horarios(curso_seccion, dia, hora_ini, hora_fin, t_p, aula, docente) VALUES ('GE805W','JU','20','22','PRA','S4-203','ESPINOZA ESPINOZA JOSE ALFREDO');
insert into horarios(curso_seccion, dia, hora_ini, hora_fin, t_p, aula, docente) VALUES ('GE901U','JU','18','20','T','S4-214','PONCE SÁNCHEZ CARLOS FIDEL');
insert into horarios(curso_seccion, dia, hora_ini, hora_fin, t_p, aula, docente) VALUES ('GE901U','JU','20','22','PRA','S4-214','PONCE SÁNCHEZ CARLOS FIDEL');
insert into horarios(curso_seccion, dia, hora_ini, hora_fin, t_p, aula, docente) VALUES ('GE901V','LU','18','20','T','S4-109','ESPINOZA ESPINOZA JOSE ALFREDO');
insert into horarios(curso_seccion, dia, hora_ini, hora_fin, t_p, aula, docente) VALUES ('GE901V','LU','20','22','PRA','S4-109','ESPINOZA ESPINOZA JOSE ALFREDO');
insert into horarios(curso_seccion, dia, hora_ini, hora_fin, t_p, aula, docente) VALUES ('GE901W','MA','18','20','T','S4-209','PONCE SÁNCHEZ CARLOS FIDEL');
insert into horarios(curso_seccion, dia, hora_ini, hora_fin, t_p, aula, docente) VALUES ('GE901W','MA','20','22','PRA','S4-209','PONCE SÁNCHEZ CARLOS FIDEL');
insert into horarios(curso_seccion, dia, hora_ini, hora_fin, t_p, aula, docente) VALUES ('GE902U','VI','16','18','PRA','S4-213','FLORES CISNEROS ERNESTO ROBINSON');
insert into horarios(curso_seccion, dia, hora_ini, hora_fin, t_p, aula, docente) VALUES ('GE902U','MI','16','18','T','S4-213','FLORES CISNEROS ERNESTO ROBINSON');
insert into horarios(curso_seccion, dia, hora_ini, hora_fin, t_p, aula, docente) VALUES ('GE902V','JU','16','18','T','S4-210','LINARES VALENCIA JOSE ANTONIO');
insert into horarios(curso_seccion, dia, hora_ini, hora_fin, t_p, aula, docente) VALUES ('GE902V','JU','18','20','PRA','S4-210','LINARES VALENCIA JOSE ANTONIO');
insert into horarios(curso_seccion, dia, hora_ini, hora_fin, t_p, aula, docente) VALUES ('GE902W','MI','18','20','T','S4-112','QUINTEROS CHAVEZ SILVIO');
insert into horarios(curso_seccion, dia, hora_ini, hora_fin, t_p, aula, docente) VALUES ('GE902W','JU','18','20','PRA','S4-112','QUINTEROS CHAVEZ SILVIO');
insert into horarios(curso_seccion, dia, hora_ini, hora_fin, t_p, aula, docente) VALUES ('GE902X','LU','16','18','T','S4-212','LINARES VALENCIA JOSE ANTONIO');
insert into horarios(curso_seccion, dia, hora_ini, hora_fin, t_p, aula, docente) VALUES ('GE902X','VI','16','18','PRA','S4-212','LINARES VALENCIA JOSE ANTONIO');
insert into horarios(curso_seccion, dia, hora_ini, hora_fin, t_p, aula, docente) VALUES ('GE903U','VI','20','22','PRA','S4-203','CAICEDO BUSTAMANTE VICTOR ANTONIO');
insert into horarios(curso_seccion, dia, hora_ini, hora_fin, t_p, aula, docente) VALUES ('GE903U','MI','20','22','T','S4-203','CAICEDO BUSTAMANTE VICTOR ANTONIO');
insert into horarios(curso_seccion, dia, hora_ini, hora_fin, t_p, aula, docente) VALUES ('GE903V','MA','20','22','T','S4-110','MORILLO ROJAS DANIEL');
insert into horarios(curso_seccion, dia, hora_ini, hora_fin, t_p, aula, docente) VALUES ('GE903V','JU','20','22','PRA','S4-110','MORILLO ROJAS DANIEL');
insert into horarios(curso_seccion, dia, hora_ini, hora_fin, t_p, aula, docente) VALUES ('GE903W','MA','18','20','T','S4-111','TAIPE ARIAS JOHN EDISON');
insert into horarios(curso_seccion, dia, hora_ini, hora_fin, t_p, aula, docente) VALUES ('GE903W','MA','20','22','PRA','S4-111','TAIPE ARIAS JOHN EDISON');
insert into horarios(curso_seccion, dia, hora_ini, hora_fin, t_p, aula, docente) VALUES ('GE904U','MI','16','18','PRA','S4-202','EGÚZQUIZA FIGUEROA MARÍA ENERINA');
insert into horarios(curso_seccion, dia, hora_ini, hora_fin, t_p, aula, docente) VALUES ('GE904U','LU','16','18','PRA','S4-202','EGÚZQUIZA FIGUEROA MARÍA ENERINA');
insert into horarios(curso_seccion, dia, hora_ini, hora_fin, t_p, aula, docente) VALUES ('GE904V','VI','16','18','PRA','S4-111','VALDIVIA CAMACHO GLORIA ESTHER');
insert into horarios(curso_seccion, dia, hora_ini, hora_fin, t_p, aula, docente) VALUES ('GE904V','MI','18','20','PRA','S4-111','VALDIVIA CAMACHO GLORIA ESTHER');
insert into horarios(curso_seccion, dia, hora_ini, hora_fin, t_p, aula, docente) VALUES ('GE904W','MA','18','20','PRA','S4-205','LLANCCE MONDRAGON LUISA');
insert into horarios(curso_seccion, dia, hora_ini, hora_fin, t_p, aula, docente) VALUES ('GE904W','MA','20','22','PRA','S4-205','LLANCCE MONDRAGON LUISA');
insert into horarios(curso_seccion, dia, hora_ini, hora_fin, t_p, aula, docente) VALUES ('GE905U','JU','18','20','T','S4-109','FALCONI VASQUEZ RODOLFO ELÍAS');
insert into horarios(curso_seccion, dia, hora_ini, hora_fin, t_p, aula, docente) VALUES ('GE905U','VI','18','20','PRA','S4-109','FALCONI VASQUEZ RODOLFO ELÍAS');
insert into horarios(curso_seccion, dia, hora_ini, hora_fin, t_p, aula, docente) VALUES ('GE905V','LU','18','20','T','S4-206','FLORES BASHI CARLOS ANTONIO');
insert into horarios(curso_seccion, dia, hora_ini, hora_fin, t_p, aula, docente) VALUES ('GE905V','MI','18','20','PRA','S4-206','FLORES BASHI CARLOS ANTONIO');
insert into horarios(curso_seccion, dia, hora_ini, hora_fin, t_p, aula, docente) VALUES ('GE906U','JU','16','18','PRA','S4-213','FLORES CISNEROS ERNESTO ROBINSON');
insert into horarios(curso_seccion, dia, hora_ini, hora_fin, t_p, aula, docente) VALUES ('GE906U','MA','16','18','T','S4-213','FLORES CISNEROS ERNESTO ROBINSON');
insert into horarios(curso_seccion, dia, hora_ini, hora_fin, t_p, aula, docente) VALUES ('GE906V','LU','18','20','T','S4-201','LINARES VALENCIA JOSE ANTONIO');
insert into horarios(curso_seccion, dia, hora_ini, hora_fin, t_p, aula, docente) VALUES ('GE906V','LU','20','22','PRA','S4-201','LINARES VALENCIA JOSE ANTONIO');
insert into horarios(curso_seccion, dia, hora_ini, hora_fin, t_p, aula, docente) VALUES ('GE906W','JU','18','20','T','S4-105','ZAMORA MONTERO WALTER FERNANDO');
insert into horarios(curso_seccion, dia, hora_ini, hora_fin, t_p, aula, docente) VALUES ('GE906W','JU','20','22','PRA','S4-105','ZAMORA MONTERO WALTER FERNANDO');
insert into horarios(curso_seccion, dia, hora_ini, hora_fin, t_p, aula, docente) VALUES ('GP154U','MI','20','22','T','S4-203','NN');
insert into horarios(curso_seccion, dia, hora_ini, hora_fin, t_p, aula, docente) VALUES ('GP154U','VI','20','22','PRA','S4-203','NN');
insert into horarios(curso_seccion, dia, hora_ini, hora_fin, t_p, aula, docente) VALUES ('GP154V','MA','20','22','T','S4-110','NN');
insert into horarios(curso_seccion, dia, hora_ini, hora_fin, t_p, aula, docente) VALUES ('GP154V','JU','20','22','PRA','S4-110','NN');
insert into horarios(curso_seccion, dia, hora_ini, hora_fin, t_p, aula, docente) VALUES ('GP154W','MA','18','20','T','S4-111','NN');
insert into horarios(curso_seccion, dia, hora_ini, hora_fin, t_p, aula, docente) VALUES ('GP154W','MA','20','22','PRA','S4-111','NN');
insert into horarios(curso_seccion, dia, hora_ini, hora_fin, t_p, aula, docente) VALUES ('GP205U','MI','20','22','PRA','S4-112','NN');
insert into horarios(curso_seccion, dia, hora_ini, hora_fin, t_p, aula, docente) VALUES ('GP205U','LU','20','22','T','S4-112','NN');
insert into horarios(curso_seccion, dia, hora_ini, hora_fin, t_p, aula, docente) VALUES ('GP234U','MA','18','20','T','S4-210','NN');
insert into horarios(curso_seccion, dia, hora_ini, hora_fin, t_p, aula, docente) VALUES ('GP234U','LU','20','22','PRA','S4-210','NN');
insert into horarios(curso_seccion, dia, hora_ini, hora_fin, t_p, aula, docente) VALUES ('GP234V','JU','16','18','PRA','S4-109','NN');
insert into horarios(curso_seccion, dia, hora_ini, hora_fin, t_p, aula, docente) VALUES ('GP234V','MI','8','10','T','LAB-A','NN');
insert into horarios(curso_seccion, dia, hora_ini, hora_fin, t_p, aula, docente) VALUES ('GP244U','VI','18','20','T','S4-204','NN');
insert into horarios(curso_seccion, dia, hora_ini, hora_fin, t_p, aula, docente) VALUES ('GP244U','VI','20','22','PRA','S4-204','NN');
insert into horarios(curso_seccion, dia, hora_ini, hora_fin, t_p, aula, docente) VALUES ('GP403U','LU','12','14','PRA','S4-105','NN');
insert into horarios(curso_seccion, dia, hora_ini, hora_fin, t_p, aula, docente) VALUES ('GP403U','LU','10','12','T','S4-105','NN');
insert into horarios(curso_seccion, dia, hora_ini, hora_fin, t_p, aula, docente) VALUES ('GP403V','MI','18','20','T','S4-105','NN');
insert into horarios(curso_seccion, dia, hora_ini, hora_fin, t_p, aula, docente) VALUES ('GP403V','MI','20','22','PRA','S4-105','NN');
insert into horarios(curso_seccion, dia, hora_ini, hora_fin, t_p, aula, docente) VALUES ('GP403W','MA','20','22','T','S4-105','NN');
insert into horarios(curso_seccion, dia, hora_ini, hora_fin, t_p, aula, docente) VALUES ('GP403W','VI','20','22','PRA','S4-105','NN');
insert into horarios(curso_seccion, dia, hora_ini, hora_fin, t_p, aula, docente) VALUES ('GP514U','LU','20','22','T','LAB-E','NN');
insert into horarios(curso_seccion, dia, hora_ini, hora_fin, t_p, aula, docente) VALUES ('GP514U','MA','18','20','PRA','S4-203','NN');
insert into horarios(curso_seccion, dia, hora_ini, hora_fin, t_p, aula, docente) VALUES ('GP515U','MA','16','18','T','S4-112','NN');
insert into horarios(curso_seccion, dia, hora_ini, hora_fin, t_p, aula, docente) VALUES ('GP515U','MA','18','20','PRA','S4-112','NN');
insert into horarios(curso_seccion, dia, hora_ini, hora_fin, t_p, aula, docente) VALUES ('GP515V','MI','16','18','PRA','S4-205','NN');
insert into horarios(curso_seccion, dia, hora_ini, hora_fin, t_p, aula, docente) VALUES ('GP515V','LU','16','18','T','S4-205','NN');
insert into horarios(curso_seccion, dia, hora_ini, hora_fin, t_p, aula, docente) VALUES ('GP515W','JU','16','18','PRA','S4-214','NN');
insert into horarios(curso_seccion, dia, hora_ini, hora_fin, t_p, aula, docente) VALUES ('GP515W','JU','18','20','T','S4-214','NN');
insert into horarios(curso_seccion, dia, hora_ini, hora_fin, t_p, aula, docente) VALUES ('GP515X','MI','16','18','T','S4-112','NN');
insert into horarios(curso_seccion, dia, hora_ini, hora_fin, t_p, aula, docente) VALUES ('GP515X','JU','16','18','PRA','S4-112','NN');
insert into horarios(curso_seccion, dia, hora_ini, hora_fin, t_p, aula, docente) VALUES ('GP525U','MI','16','18','T','S4-213','NN');
insert into horarios(curso_seccion, dia, hora_ini, hora_fin, t_p, aula, docente) VALUES ('GP525U','VI','16','18','PRA','S4-213','NN');
insert into horarios(curso_seccion, dia, hora_ini, hora_fin, t_p, aula, docente) VALUES ('GP525V','JU','18','20','PRA','S4-210','NN');
insert into horarios(curso_seccion, dia, hora_ini, hora_fin, t_p, aula, docente) VALUES ('GP525V','JU','16','18','T','S4-210','NN');
insert into horarios(curso_seccion, dia, hora_ini, hora_fin, t_p, aula, docente) VALUES ('GP525W','MI','18','20','T','S4-112','NN');
insert into horarios(curso_seccion, dia, hora_ini, hora_fin, t_p, aula, docente) VALUES ('GP525W','JU','18','20','PRA','S4-112','NN');
insert into horarios(curso_seccion, dia, hora_ini, hora_fin, t_p, aula, docente) VALUES ('GP525X','VI','16','18','PRA','S4-212','NN');
insert into horarios(curso_seccion, dia, hora_ini, hora_fin, t_p, aula, docente) VALUES ('GP525X','LU','16','18','T','S4-212','NN');
insert into horarios(curso_seccion, dia, hora_ini, hora_fin, t_p, aula, docente) VALUES ('GP545U','LU','16','20','PRA','S4-206','NN');
insert into horarios(curso_seccion, dia, hora_ini, hora_fin, t_p, aula, docente) VALUES ('GP545V','MI','18','22','PRA','S4-109','NN');
insert into horarios(curso_seccion, dia, hora_ini, hora_fin, t_p, aula, docente) VALUES ('GP545W','LU','18','20','PRA','S4-105','NN');
insert into horarios(curso_seccion, dia, hora_ini, hora_fin, t_p, aula, docente) VALUES ('GP555U','JU','20','22','PRA','S4-214','NN');
insert into horarios(curso_seccion, dia, hora_ini, hora_fin, t_p, aula, docente) VALUES ('GP555U','JU','18','20','T','S4-214','NN');
insert into horarios(curso_seccion, dia, hora_ini, hora_fin, t_p, aula, docente) VALUES ('GP555V','LU','18','20','T','S4-109','NN');
insert into horarios(curso_seccion, dia, hora_ini, hora_fin, t_p, aula, docente) VALUES ('GP555V','LU','20','22','PRA','S4-109','NN');
insert into horarios(curso_seccion, dia, hora_ini, hora_fin, t_p, aula, docente) VALUES ('GP555W','MA','20','22','PRA','S4-209','NN');
insert into horarios(curso_seccion, dia, hora_ini, hora_fin, t_p, aula, docente) VALUES ('GP555W','MA','18','20','T','S4-209','NN');
insert into horarios(curso_seccion, dia, hora_ini, hora_fin, t_p, aula, docente) VALUES ('GP575U','LU','16','18','T','S4-209','NN');
insert into horarios(curso_seccion, dia, hora_ini, hora_fin, t_p, aula, docente) VALUES ('GP575U','JU','16','18','PRA','S4-209','NN');
insert into horarios(curso_seccion, dia, hora_ini, hora_fin, t_p, aula, docente) VALUES ('HS144U','LU','17','19','PRA','S4-111','NN');
insert into horarios(curso_seccion, dia, hora_ini, hora_fin, t_p, aula, docente) VALUES ('HS144U','LU','16','17','T','S4-111','NN');
insert into horarios(curso_seccion, dia, hora_ini, hora_fin, t_p, aula, docente) VALUES ('HS144V','LU','17','18','T','S4-109','NN');
insert into horarios(curso_seccion, dia, hora_ini, hora_fin, t_p, aula, docente) VALUES ('HS144V','LU','18','20','PRA','S4-109','NN');
insert into horarios(curso_seccion, dia, hora_ini, hora_fin, t_p, aula, docente) VALUES ('HU102U','LU','8','12','PRA','S4-210','CHAVARRI ARCE RAQUEL MARTHA');
insert into horarios(curso_seccion, dia, hora_ini, hora_fin, t_p, aula, docente) VALUES ('HU102V','VI','8','12','PRA','S4-210','CAMPANA AÑASCO RILDO');
insert into horarios(curso_seccion, dia, hora_ini, hora_fin, t_p, aula, docente) VALUES ('HU102W','VI','18','22','PRA','S4-202','HIROMOTO HIROMOTO FELIPE TSUTOMU');
insert into horarios(curso_seccion, dia, hora_ini, hora_fin, t_p, aula, docente) VALUES ('HU102X','MI','14','18','PRA','S4-109','ROJAS MENDOZA DORIS FANNY');
insert into horarios(curso_seccion, dia, hora_ini, hora_fin, t_p, aula, docente) VALUES ('HU102Y','VI','18','22','PRA','S4-109','NN');
insert into horarios(curso_seccion, dia, hora_ini, hora_fin, t_p, aula, docente) VALUES ('HU111U','SA','12','14','T','S4-201','HUERTA ORTEGA JAVIER ARMANDO');
insert into horarios(curso_seccion, dia, hora_ini, hora_fin, t_p, aula, docente) VALUES ('HU111V','SA','14','16','T','S4-203','HUERTA ORTEGA JAVIER ARMANDO');
insert into horarios(curso_seccion, dia, hora_ini, hora_fin, t_p, aula, docente) VALUES ('HU111W','LU','18','20','T','S4-210','FISFALEN HUERTA MARIO HEINRICH');
insert into horarios(curso_seccion, dia, hora_ini, hora_fin, t_p, aula, docente) VALUES ('HU112U','LU','16','17','T','S4-111','VALDIVIA CAMACHO GLORIA ESTHER');
insert into horarios(curso_seccion, dia, hora_ini, hora_fin, t_p, aula, docente) VALUES ('HU112U','LU','17','19','PRA','S4-111','VALDIVIA CAMACHO GLORIA ESTHER');
insert into horarios(curso_seccion, dia, hora_ini, hora_fin, t_p, aula, docente) VALUES ('HU112V','LU','17','18','T','S4-109','ROJAS MENDOZA DORIS FANNY');
insert into horarios(curso_seccion, dia, hora_ini, hora_fin, t_p, aula, docente) VALUES ('HU112V','LU','18','20','PRA','S4-109','ROJAS MENDOZA DORIS FANNY');
insert into horarios(curso_seccion, dia, hora_ini, hora_fin, t_p, aula, docente) VALUES ('HU201U','MA','14','16','T','S4-109','CHAVARRI ARCE RAQUEL MARTHA');
insert into horarios(curso_seccion, dia, hora_ini, hora_fin, t_p, aula, docente) VALUES ('HU201V','VI','8','10','T','S4-111','SANCHEZ HUARINGA CARLOS');
insert into horarios(curso_seccion, dia, hora_ini, hora_fin, t_p, aula, docente) VALUES ('HU201W','MA','14','16','T','S4-111','AYALA FALCON ELOY ELADIO');
insert into horarios(curso_seccion, dia, hora_ini, hora_fin, t_p, aula, docente) VALUES ('HU301U','LU','10','12','T','S4-216','KRAJNIK STULIN FRANCO LUCIANO');
insert into horarios(curso_seccion, dia, hora_ini, hora_fin, t_p, aula, docente) VALUES ('HU301U','JU','12','14','PRA','S4-216','KRAJNIK STULIN FRANCO LUCIANO');
insert into horarios(curso_seccion, dia, hora_ini, hora_fin, t_p, aula, docente) VALUES ('HU301V','MI','10','12','T','S4-213','FLORES CISNEROS ERNESTO ROBINSON');
insert into horarios(curso_seccion, dia, hora_ini, hora_fin, t_p, aula, docente) VALUES ('HU301V','JU','10','12','PRA','S4-213','FLORES CISNEROS ERNESTO ROBINSON');
insert into horarios(curso_seccion, dia, hora_ini, hora_fin, t_p, aula, docente) VALUES ('HU301W','VI','16','18','PRA','S4-111','LESCANO AVILA LUIS ALBERTO');
insert into horarios(curso_seccion, dia, hora_ini, hora_fin, t_p, aula, docente) VALUES ('HU301W','MI','12','14','T','S4-111','LESCANO AVILA LUIS ALBERTO');
insert into horarios(curso_seccion, dia, hora_ini, hora_fin, t_p, aula, docente) VALUES ('HU301X','LU','16','18','T','S4-206','HUAMANI HUAMANI GLORIA TERESITA');
insert into horarios(curso_seccion, dia, hora_ini, hora_fin, t_p, aula, docente) VALUES ('HU301X','MI','16','18','PRA','S4-206','HUAMANI HUAMANI GLORIA TERESITA');
insert into horarios(curso_seccion, dia, hora_ini, hora_fin, t_p, aula, docente) VALUES ('SI035U','VI','18','22','PRA','S4-110','MORALES CUELLAR MERY NOEMI');
insert into horarios(curso_seccion, dia, hora_ini, hora_fin, t_p, aula, docente) VALUES ('SI035V','JU','16','20','PRA','S4-111','UN JAN LIAU HING EMILIO ALBERTO');
insert into horarios(curso_seccion, dia, hora_ini, hora_fin, t_p, aula, docente) VALUES ('SI055U','MA','18','20','PRA','S4-208','CANCHANO CARO JAVIER TOLENTINO');
insert into horarios(curso_seccion, dia, hora_ini, hora_fin, t_p, aula, docente) VALUES ('SI055U','MA','20','22','PRA','S4-208','CANCHANO CARO JAVIER TOLENTINO');
insert into horarios(curso_seccion, dia, hora_ini, hora_fin, t_p, aula, docente) VALUES ('SI055V','MI','18','20','PRA','S4-211','GUZMAN YANGATO JORGE FERNANDO');
insert into horarios(curso_seccion, dia, hora_ini, hora_fin, t_p, aula, docente) VALUES ('SI055V','JU','18','20','PRA','S4-211','GUZMAN YANGATO JORGE FERNANDO');
insert into horarios(curso_seccion, dia, hora_ini, hora_fin, t_p, aula, docente) VALUES ('SI075U','SA','13','15','T','S4-105','ARTEAGA CORTEZ HUMBERTO URBANO');
insert into horarios(curso_seccion, dia, hora_ini, hora_fin, t_p, aula, docente) VALUES ('SI075U','SA','15','17','PRA','S4-105','ARTEAGA CORTEZ HUMBERTO URBANO');
insert into horarios(curso_seccion, dia, hora_ini, hora_fin, t_p, aula, docente) VALUES ('SI075V','MA','18','20','T','S4-105','REYNA MONTEVERDE TINO EDUARDO');
insert into horarios(curso_seccion, dia, hora_ini, hora_fin, t_p, aula, docente) VALUES ('SI075V','MA','20','22','PRA','S4-105','REYNA MONTEVERDE TINO EDUARDO');
insert into horarios(curso_seccion, dia, hora_ini, hora_fin, t_p, aula, docente) VALUES ('SI077U','SA','8','10','T','LAB-C','OPORTO DIAZ SAMUEL ALONSO');
insert into horarios(curso_seccion, dia, hora_ini, hora_fin, t_p, aula, docente) VALUES ('SI077U','SA','10','12','PRA','LAB-C','OPORTO DIAZ SAMUEL ALONSO');
insert into horarios(curso_seccion, dia, hora_ini, hora_fin, t_p, aula, docente) VALUES ('SI085U','SA','16','17','T','LAB-A1','SIMICH LÓPEZ VICTOR ARTURO');
insert into horarios(curso_seccion, dia, hora_ini, hora_fin, t_p, aula, docente) VALUES ('SI085U','SA','17','21','PRA','LAB-A1','SIMICH LÓPEZ VICTOR ARTURO');
insert into horarios(curso_seccion, dia, hora_ini, hora_fin, t_p, aula, docente) VALUES ('SI085V','SA','8','9','T','S4-110','RAMOS MORENO JAIME IGNACIO');
insert into horarios(curso_seccion, dia, hora_ini, hora_fin, t_p, aula, docente) VALUES ('SI085V','SA','9','13','PRA','S4-110','RAMOS MORENO JAIME IGNACIO');
insert into horarios(curso_seccion, dia, hora_ini, hora_fin, t_p, aula, docente) VALUES ('SI095U','LU','18','20','PRA','S4-110','MORALES CUELLAR MERY NOEMI');
insert into horarios(curso_seccion, dia, hora_ini, hora_fin, t_p, aula, docente) VALUES ('SI095U','MI','18','20','T','S4-110','MORALES CUELLAR MERY NOEMI');
insert into horarios(curso_seccion, dia, hora_ini, hora_fin, t_p, aula, docente) VALUES ('SI095V','LU','18','20','T','S2-140','LLANOS PANDURO JORGE DANIEL');
insert into horarios(curso_seccion, dia, hora_ini, hora_fin, t_p, aula, docente) VALUES ('SI095V','LU','20','22','PRA','S2-140','LLANOS PANDURO JORGE DANIEL');
insert into horarios(curso_seccion, dia, hora_ini, hora_fin, t_p, aula, docente) VALUES ('SI101U','LU','16','18','T','S4-110','MORALES CUELLAR MERY NOEMI');
insert into horarios(curso_seccion, dia, hora_ini, hora_fin, t_p, aula, docente) VALUES ('SI101U','MI','16','18','PRA','S4-110','MORALES CUELLAR MERY NOEMI');
insert into horarios(curso_seccion, dia, hora_ini, hora_fin, t_p, aula, docente) VALUES ('SI101V','JU','8','10','T','S4-211','GUZMAN YANGATO JORGE FERNANDO');
insert into horarios(curso_seccion, dia, hora_ini, hora_fin, t_p, aula, docente) VALUES ('SI101V','JU','10','12','PRA','S4-211','GUZMAN YANGATO JORGE FERNANDO');
insert into horarios(curso_seccion, dia, hora_ini, hora_fin, t_p, aula, docente) VALUES ('SI101W','MI','14','16','T','S4-111','GUZMAN YANGATO JORGE FERNANDO');
insert into horarios(curso_seccion, dia, hora_ini, hora_fin, t_p, aula, docente) VALUES ('SI101W','MI','16','18','PRA','S4-111','GUZMAN YANGATO JORGE FERNANDO');
insert into horarios(curso_seccion, dia, hora_ini, hora_fin, t_p, aula, docente) VALUES ('SI111U','LU','18','20','T','S4-212','LUJÁN CAMPOS LUIS ALBERTO');
insert into horarios(curso_seccion, dia, hora_ini, hora_fin, t_p, aula, docente) VALUES ('SI111U','VI','18','20','PRA','LAB-E','LUJÁN CAMPOS LUIS ALBERTO');
insert into horarios(curso_seccion, dia, hora_ini, hora_fin, t_p, aula, docente) VALUES ('SI111V','JU','16','18','PRA','S4-201','CANELO SOTELO CÉSAR ALDO');
insert into horarios(curso_seccion, dia, hora_ini, hora_fin, t_p, aula, docente) VALUES ('SI111V','MA','16','18','T','S4-201','CANELO SOTELO CÉSAR ALDO');
insert into horarios(curso_seccion, dia, hora_ini, hora_fin, t_p, aula, docente) VALUES ('SI114U','LU','20','22','T','LAB-D','SANCHEZ ESPINOZA JAVIER CONCEPCIÓN');
insert into horarios(curso_seccion, dia, hora_ini, hora_fin, t_p, aula, docente) VALUES ('SI114U','MI','20','22','PRA','LAB-D','SANCHEZ ESPINOZA JAVIER CONCEPCIÓN');
insert into horarios(curso_seccion, dia, hora_ini, hora_fin, t_p, aula, docente) VALUES ('SI150U','LU','18','20','T','LAB-B','ARADIEL CASTAÑEDA HILARIO');
insert into horarios(curso_seccion, dia, hora_ini, hora_fin, t_p, aula, docente) VALUES ('SI150U','LU','20','22','PRA','LAB-B','ARADIEL CASTAÑEDA HILARIO');
insert into horarios(curso_seccion, dia, hora_ini, hora_fin, t_p, aula, docente) VALUES ('SI150V','JU','20','22','PRA','LAB-C','OPORTO DIAZ SAMUEL ALONSO');
insert into horarios(curso_seccion, dia, hora_ini, hora_fin, t_p, aula, docente) VALUES ('SI150V','JU','18','20','T','LAB-C','OPORTO DIAZ SAMUEL ALONSO');
insert into horarios(curso_seccion, dia, hora_ini, hora_fin, t_p, aula, docente) VALUES ('SI155U','JU','14','16','PRA','LAB-C','BORJA ROSALES RUBÉN ARTURO');
insert into horarios(curso_seccion, dia, hora_ini, hora_fin, t_p, aula, docente) VALUES ('SI155U','MA','14','16','T','LAB-C','BORJA ROSALES RUBÉN ARTURO');
insert into horarios(curso_seccion, dia, hora_ini, hora_fin, t_p, aula, docente) VALUES ('SI155V','MI','16','18','PRA','LAB-C','CARRANZA MILLA EMERSON FLORMIRO');
insert into horarios(curso_seccion, dia, hora_ini, hora_fin, t_p, aula, docente) VALUES ('SI155V','LU','16','18','T','LAB-C','CARRANZA MILLA EMERSON FLORMIRO');
insert into horarios(curso_seccion, dia, hora_ini, hora_fin, t_p, aula, docente) VALUES ('SI201U','SA','10','12','PRA','S4-201','NEYRA LUZA ALBERTO CARLOS');
insert into horarios(curso_seccion, dia, hora_ini, hora_fin, t_p, aula, docente) VALUES ('SI201U','SA','8','10','T','S4-201','NEYRA LUZA ALBERTO CARLOS');
insert into horarios(curso_seccion, dia, hora_ini, hora_fin, t_p, aula, docente) VALUES ('SI201V','LU','10','12','T','S4-201','NEYRA LUZA ALBERTO CARLOS');
insert into horarios(curso_seccion, dia, hora_ini, hora_fin, t_p, aula, docente) VALUES ('SI201V','LU','8','10','PRA','S4-201','NEYRA LUZA ALBERTO CARLOS');
insert into horarios(curso_seccion, dia, hora_ini, hora_fin, t_p, aula, docente) VALUES ('SI203U','JU','20','22','PRA','S4-214','CANCHANO CARO JAVIER TOLENTINO');
insert into horarios(curso_seccion, dia, hora_ini, hora_fin, t_p, aula, docente) VALUES ('SI203U','JU','18','20','T','S4-214','CANCHANO CARO JAVIER TOLENTINO');
insert into horarios(curso_seccion, dia, hora_ini, hora_fin, t_p, aula, docente) VALUES ('SI203V','MA','20','22','PRA','S2-140','LLANOS PANDURO JORGE DANIEL');
insert into horarios(curso_seccion, dia, hora_ini, hora_fin, t_p, aula, docente) VALUES ('SI203V','MA','18','20','T','S2-140','LLANOS PANDURO JORGE DANIEL');
insert into horarios(curso_seccion, dia, hora_ini, hora_fin, t_p, aula, docente) VALUES ('SI203W','LU','18','20','PRA','S2-140','SALAS COZ ERWIN ERASMO');
insert into horarios(curso_seccion, dia, hora_ini, hora_fin, t_p, aula, docente) VALUES ('SI203W','LU','20','22','T','S2-140','SALAS COZ ERWIN ERASMO');
insert into horarios(curso_seccion, dia, hora_ini, hora_fin, t_p, aula, docente) VALUES ('SI204U','MI','8','10','T','S4-216','FISFALEN HUERTA MARIO HEINRICH');
insert into horarios(curso_seccion, dia, hora_ini, hora_fin, t_p, aula, docente) VALUES ('SI204V','MI','18','20','T','S4-216','SALAS CORDERO ROCIO GUADALUPE');
insert into horarios(curso_seccion, dia, hora_ini, hora_fin, t_p, aula, docente) VALUES ('SI204W','LU','16','18','T','S4-216','FISFALEN HUERTA MARIO HEINRICH');
insert into horarios(curso_seccion, dia, hora_ini, hora_fin, t_p, aula, docente) VALUES ('SI205U','MI','18','20','T','LAB-E','SOTELO VILLENA JUAN CARLOS');
insert into horarios(curso_seccion, dia, hora_ini, hora_fin, t_p, aula, docente) VALUES ('SI205U','MA','8','10','PRA','S4-111','SOTELO VILLENA JUAN CARLOS');
insert into horarios(curso_seccion, dia, hora_ini, hora_fin, t_p, aula, docente) VALUES ('SI205V','VI','8','10','T','S4-212','ACOSTA DE LA CRUZ PEDRO RAUL');
insert into horarios(curso_seccion, dia, hora_ini, hora_fin, t_p, aula, docente) VALUES ('SI205V','MA','8','10','PRA','LAB-A','ACOSTA DE LA CRUZ PEDRO RAUL');
insert into horarios(curso_seccion, dia, hora_ini, hora_fin, t_p, aula, docente) VALUES ('SI205W','JU','8','10','T','LAB-B','ARADIEL CASTAÑEDA HILARIO');
insert into horarios(curso_seccion, dia, hora_ini, hora_fin, t_p, aula, docente) VALUES ('SI205W','MA','8','10','PRA','LAB-B','ARADIEL CASTAÑEDA HILARIO');
insert into horarios(curso_seccion, dia, hora_ini, hora_fin, t_p, aula, docente) VALUES ('SI207U','SA','10','12','PRA','S4-215','NN');
insert into horarios(curso_seccion, dia, hora_ini, hora_fin, t_p, aula, docente) VALUES ('SI207U','SA','9','10','T','S4-215','NN');
insert into horarios(curso_seccion, dia, hora_ini, hora_fin, t_p, aula, docente) VALUES ('SI207V','SA','15','16','T','S4-215','NN');
insert into horarios(curso_seccion, dia, hora_ini, hora_fin, t_p, aula, docente) VALUES ('SI207V','SA','16','18','PRA','S4-215','NN');
insert into horarios(curso_seccion, dia, hora_ini, hora_fin, t_p, aula, docente) VALUES ('SI301U','VI','13','14','T','S4-210','FISFALEN HUERTA MARIO HEINRICH');
insert into horarios(curso_seccion, dia, hora_ini, hora_fin, t_p, aula, docente) VALUES ('SI301U','VI','14','16','PRA','S4-210','FISFALEN HUERTA MARIO HEINRICH');
insert into horarios(curso_seccion, dia, hora_ini, hora_fin, t_p, aula, docente) VALUES ('SI301V','MI','12','13','T','S4-205','TOCTO INGA PAUL MILLER');
insert into horarios(curso_seccion, dia, hora_ini, hora_fin, t_p, aula, docente) VALUES ('SI301V','LU','10','12','PRA','S4-205','TOCTO INGA PAUL MILLER');
insert into horarios(curso_seccion, dia, hora_ini, hora_fin, t_p, aula, docente) VALUES ('SI302U','MI','19','20','T','LAB-B','CARDENAS ADVINCULA YSRAEL ALBERTO');
insert into horarios(curso_seccion, dia, hora_ini, hora_fin, t_p, aula, docente) VALUES ('SI302U','LU','16','18','PRA','LAB-B','RODRIGUEZ RAFAEL GLEN DARIO');
insert into horarios(curso_seccion, dia, hora_ini, hora_fin, t_p, aula, docente) VALUES ('SI302U','MI','20','22','PRA','LAB-B','CARDENAS ADVINCULA YSRAEL ALBERTO');
insert into horarios(curso_seccion, dia, hora_ini, hora_fin, t_p, aula, docente) VALUES ('SI302V','SA','10','11','T','LAB-O','AUDANTE RAMOS NESTOR RAFAEL');
insert into horarios(curso_seccion, dia, hora_ini, hora_fin, t_p, aula, docente) VALUES ('SI302V','SA','11','15','PRA','LAB-O','AUDANTE RAMOS NESTOR RAFAEL');
insert into horarios(curso_seccion, dia, hora_ini, hora_fin, t_p, aula, docente) VALUES ('SI302W','LU','18','19','T','S4-205','CARDENAS ADVINCULA YSRAEL ALBERTO');
insert into horarios(curso_seccion, dia, hora_ini, hora_fin, t_p, aula, docente) VALUES ('SI302W','LU','19','21','PRA','S4-205','CARDENAS ADVINCULA YSRAEL ALBERTO');
insert into horarios(curso_seccion, dia, hora_ini, hora_fin, t_p, aula, docente) VALUES ('SI302W','JU','20','22','PRA','S4-205','NN');
insert into horarios(curso_seccion, dia, hora_ini, hora_fin, t_p, aula, docente) VALUES ('SI401U','MI','10','12','T','LAB-D','CORDOVA NERI TEODORO LUCIANO');
insert into horarios(curso_seccion, dia, hora_ini, hora_fin, t_p, aula, docente) VALUES ('SI401U','VI','10','12','PRA','LAB-D','CORDOVA NERI TEODORO LUCIANO');
insert into horarios(curso_seccion, dia, hora_ini, hora_fin, t_p, aula, docente) VALUES ('SI401V','VI','14','16','PRA','LAB-E','LUJÁN CAMPOS LUIS ALBERTO');
insert into horarios(curso_seccion, dia, hora_ini, hora_fin, t_p, aula, docente) VALUES ('SI401V','LU','14','16','T','LAB-E','LUJÁN CAMPOS LUIS ALBERTO');
insert into horarios(curso_seccion, dia, hora_ini, hora_fin, t_p, aula, docente) VALUES ('SI403U','LU','18','20','T','S4-202','RODRÍGUEZ ULLOA RICARDO AURELIO');
insert into horarios(curso_seccion, dia, hora_ini, hora_fin, t_p, aula, docente) VALUES ('SI403U','LU','20','22','PRA','S4-202','RODRÍGUEZ ULLOA RICARDO AURELIO');
insert into horarios(curso_seccion, dia, hora_ini, hora_fin, t_p, aula, docente) VALUES ('SI403V','MI','12','14','PRA','S2-140','FISFALEN HUERTA MARIO HEINRICH');
insert into horarios(curso_seccion, dia, hora_ini, hora_fin, t_p, aula, docente) VALUES ('SI403V','MI','10','12','T','S2-140','FISFALEN HUERTA MARIO HEINRICH');
insert into horarios(curso_seccion, dia, hora_ini, hora_fin, t_p, aula, docente) VALUES ('SI403W','MI','20','22','PRA','S2-140','SALAS COZ ERWIN ERASMO');
insert into horarios(curso_seccion, dia, hora_ini, hora_fin, t_p, aula, docente) VALUES ('SI403W','MI','18','20','T','S2-140','SALAS COZ ERWIN ERASMO');
insert into horarios(curso_seccion, dia, hora_ini, hora_fin, t_p, aula, docente) VALUES ('SI405U','JU','20','22','PRA','S4-112','REYNA MONTEVERDE TINO EDUARDO');
insert into horarios(curso_seccion, dia, hora_ini, hora_fin, t_p, aula, docente) VALUES ('SI405U','JU','18','20','T','S4-112','REYNA MONTEVERDE TINO EDUARDO');
insert into horarios(curso_seccion, dia, hora_ini, hora_fin, t_p, aula, docente) VALUES ('SI405V','LU','18','20','T','LAB-A','RODRIGUEZ RAFAEL GLEN DARIO');
insert into horarios(curso_seccion, dia, hora_ini, hora_fin, t_p, aula, docente) VALUES ('SI405V','LU','20','22','PRA','LAB-A','RODRIGUEZ RAFAEL GLEN DARIO');
insert into horarios(curso_seccion, dia, hora_ini, hora_fin, t_p, aula, docente) VALUES ('SI501U','MI','18','20','PRA','S4-206','CANELO SOTELO CÉSAR ALDO');
insert into horarios(curso_seccion, dia, hora_ini, hora_fin, t_p, aula, docente) VALUES ('SI501U','MI','16','18','T','S4-206','CANELO SOTELO CÉSAR ALDO');
insert into horarios(curso_seccion, dia, hora_ini, hora_fin, t_p, aula, docente) VALUES ('SI501V','MA','16','18','T','S4-203','MEDINA AQUINO LUIS FELIPE');
insert into horarios(curso_seccion, dia, hora_ini, hora_fin, t_p, aula, docente) VALUES ('SI501V','JU','16','18','PRA','S4-203','MEDINA AQUINO LUIS FELIPE');
insert into horarios(curso_seccion, dia, hora_ini, hora_fin, t_p, aula, docente) VALUES ('SI501W','JU','10','12','T','S4-206','TORRE CAMONES ANIVAL ALFREDO');
insert into horarios(curso_seccion, dia, hora_ini, hora_fin, t_p, aula, docente) VALUES ('SI501W','VI','10','12','PRA','S4-201','TORRE CAMONES ANIVAL ALFREDO');
insert into horarios(curso_seccion, dia, hora_ini, hora_fin, t_p, aula, docente) VALUES ('SI501X','VI','8','10','T','S4-206','TORRE CAMONES ANIVAL ALFREDO');
insert into horarios(curso_seccion, dia, hora_ini, hora_fin, t_p, aula, docente) VALUES ('SI501X','JU','12','14','PRA','S4-206','TORRE CAMONES ANIVAL ALFREDO');
insert into horarios(curso_seccion, dia, hora_ini, hora_fin, t_p, aula, docente) VALUES ('SI503U','LU','12','14','PRA','S4-105','HUARCAYA JUNES ALEJANDRINA NELLY');
insert into horarios(curso_seccion, dia, hora_ini, hora_fin, t_p, aula, docente) VALUES ('SI503U','LU','10','12','T','S4-105','HUARCAYA JUNES ALEJANDRINA NELLY');
insert into horarios(curso_seccion, dia, hora_ini, hora_fin, t_p, aula, docente) VALUES ('SI503V','MI','18','20','T','S4-105','RIZABAL FLORES ELIANA CECILIA');
insert into horarios(curso_seccion, dia, hora_ini, hora_fin, t_p, aula, docente) VALUES ('SI503V','MI','20','22','PRA','S4-105','RIZABAL FLORES ELIANA CECILIA');
insert into horarios(curso_seccion, dia, hora_ini, hora_fin, t_p, aula, docente) VALUES ('SI503W','VI','20','22','PRA','S4-105','TALAVERANO GARCÍA JULIO CESAR');
insert into horarios(curso_seccion, dia, hora_ini, hora_fin, t_p, aula, docente) VALUES ('SI503W','MA','20','22','T','S4-105','TALAVERANO GARCÍA JULIO CESAR');
insert into horarios(curso_seccion, dia, hora_ini, hora_fin, t_p, aula, docente) VALUES ('SI505U','SA','11','13','PRA','S4-212','REYNA MONTEVERDE TINO EDUARDO');
insert into horarios(curso_seccion, dia, hora_ini, hora_fin, t_p, aula, docente) VALUES ('SI505U','SA','9','11','T','S4-212','REYNA MONTEVERDE TINO EDUARDO');
insert into horarios(curso_seccion, dia, hora_ini, hora_fin, t_p, aula, docente) VALUES ('SI505V','LU','18','20','T','LAB-A','CABALLERO ORTIZ JOSE ALBERTO');
insert into horarios(curso_seccion, dia, hora_ini, hora_fin, t_p, aula, docente) VALUES ('SI505V','LU','20','22','PRA','LAB-A','CABALLERO ORTIZ JOSE ALBERTO');
insert into horarios(curso_seccion, dia, hora_ini, hora_fin, t_p, aula, docente) VALUES ('SI601U','JU','18','20','T','S4-216','CANELO SOTELO CÉSAR ALDO');
insert into horarios(curso_seccion, dia, hora_ini, hora_fin, t_p, aula, docente) VALUES ('SI601U','MA','18','20','PRA','S4-215','CANELO SOTELO CÉSAR ALDO');
insert into horarios(curso_seccion, dia, hora_ini, hora_fin, t_p, aula, docente) VALUES ('SI601V','VI','16','18','PRA','LAB-A','LUJÁN CAMPOS LUIS ALBERTO');
insert into horarios(curso_seccion, dia, hora_ini, hora_fin, t_p, aula, docente) VALUES ('SI601V','LU','16','18','T','LAB-D','LUJÁN CAMPOS LUIS ALBERTO');
insert into horarios(curso_seccion, dia, hora_ini, hora_fin, t_p, aula, docente) VALUES ('SI601W','JU','10','12','PRA','S4-210','MEDINA AQUINO LUIS FELIPE');
insert into horarios(curso_seccion, dia, hora_ini, hora_fin, t_p, aula, docente) VALUES ('SI601W','MA','10','12','T','S4-210','MEDINA AQUINO LUIS FELIPE');
insert into horarios(curso_seccion, dia, hora_ini, hora_fin, t_p, aula, docente) VALUES ('SI601X','SA','14','16','T','S4-215','NN');
insert into horarios(curso_seccion, dia, hora_ini, hora_fin, t_p, aula, docente) VALUES ('SI601X','SA','16','18','PRA','S4-216','NN');
insert into horarios(curso_seccion, dia, hora_ini, hora_fin, t_p, aula, docente) VALUES ('SI602U','SA','15','17','PRA','LAB-A','MÉNDEZ VALDIVIA CELEDONIO');
insert into horarios(curso_seccion, dia, hora_ini, hora_fin, t_p, aula, docente) VALUES ('SI602U','SA','13','15','T','LAB-A','MÉNDEZ VALDIVIA CELEDONIO');
insert into horarios(curso_seccion, dia, hora_ini, hora_fin, t_p, aula, docente) VALUES ('SI602V','MI','20','22','PRA','S2-140','LLANOS PANDURO JORGE DANIEL');
insert into horarios(curso_seccion, dia, hora_ini, hora_fin, t_p, aula, docente) VALUES ('SI602V','MI','18','20','T','S2-140','LLANOS PANDURO JORGE DANIEL');
insert into horarios(curso_seccion, dia, hora_ini, hora_fin, t_p, aula, docente) VALUES ('SI603U','JU','18','20','T','S4-202','RODRÍGUEZ ULLOA RICARDO AURELIO');
insert into horarios(curso_seccion, dia, hora_ini, hora_fin, t_p, aula, docente) VALUES ('SI603U','JU','20','22','PRA','S4-202','RODRÍGUEZ ULLOA RICARDO AURELIO');
insert into horarios(curso_seccion, dia, hora_ini, hora_fin, t_p, aula, docente) VALUES ('SI603V','VI','12','14','T','S4-208','UN JAN LIAU HING EMILIO ALBERTO');
insert into horarios(curso_seccion, dia, hora_ini, hora_fin, t_p, aula, docente) VALUES ('SI603V','VI','14','16','PRA','S4-208','UN JAN LIAU HING EMILIO ALBERTO');
insert into horarios(curso_seccion, dia, hora_ini, hora_fin, t_p, aula, docente) VALUES ('SI604U','LU','20','22','T','S1-224','ANTAURCO TRUJILLO JESÚS WALTER');
insert into horarios(curso_seccion, dia, hora_ini, hora_fin, t_p, aula, docente) VALUES ('SI604U','SA','8','12','PRA','LAB-B','ANTAURCO TRUJILLO JESÚS WALTER');
insert into horarios(curso_seccion, dia, hora_ini, hora_fin, t_p, aula, docente) VALUES ('SI604V','MA','18','20','T','LAB-E','NAVARRO NEYRA MIGUEL ANGEL');
insert into horarios(curso_seccion, dia, hora_ini, hora_fin, t_p, aula, docente) VALUES ('SI604V','JU','18','22','PRA','LAB-E','NAVARRO NEYRA MIGUEL ANGEL');
insert into horarios(curso_seccion, dia, hora_ini, hora_fin, t_p, aula, docente) VALUES ('SI605U','VI','18','20','T','AULA','ANTAURCO TRUJILLO JESÚS WALTER');
insert into horarios(curso_seccion, dia, hora_ini, hora_fin, t_p, aula, docente) VALUES ('SI605U','VI','20','22','PRA','AULA','ANTAURCO TRUJILLO JESÚS WALTER');
insert into horarios(curso_seccion, dia, hora_ini, hora_fin, t_p, aula, docente) VALUES ('SI605V','JU','18','20','T','S4-110','ANTAURCO TRUJILLO JESÚS WALTER');
insert into horarios(curso_seccion, dia, hora_ini, hora_fin, t_p, aula, docente) VALUES ('SI605V','JU','20','22','PRA','S4-110','ANTAURCO TRUJILLO JESÚS WALTER');
insert into horarios(curso_seccion, dia, hora_ini, hora_fin, t_p, aula, docente) VALUES ('SI607U','MA','16','18','T','LAB-C','CARRANZA MILLA EMERSON FLORMIRO');
insert into horarios(curso_seccion, dia, hora_ini, hora_fin, t_p, aula, docente) VALUES ('SI607U','JU','16','18','PRA','LAB-C','CARRANZA MILLA EMERSON FLORMIRO');
insert into horarios(curso_seccion, dia, hora_ini, hora_fin, t_p, aula, docente) VALUES ('SI607V','LU','14','16','T','LAB-C','BORJA ROSALES RUBÉN ARTURO');
insert into horarios(curso_seccion, dia, hora_ini, hora_fin, t_p, aula, docente) VALUES ('SI607V','MI','14','16','PRA','LAB-C','BORJA ROSALES RUBÉN ARTURO');
insert into horarios(curso_seccion, dia, hora_ini, hora_fin, t_p, aula, docente) VALUES ('SI701U','LU','18','20','T','LAB-B','SOTELO VILLENA JUAN CARLOS');
insert into horarios(curso_seccion, dia, hora_ini, hora_fin, t_p, aula, docente) VALUES ('SI701U','LU','20','22','PRA','LAB-B','SOTELO VILLENA JUAN CARLOS');
insert into horarios(curso_seccion, dia, hora_ini, hora_fin, t_p, aula, docente) VALUES ('SI701V','SA','8','10','T','LAB-E','NN');
insert into horarios(curso_seccion, dia, hora_ini, hora_fin, t_p, aula, docente) VALUES ('SI701V','SA','10','12','PRA','LAB-E','NN');
insert into horarios(curso_seccion, dia, hora_ini, hora_fin, t_p, aula, docente) VALUES ('SI701W','SA','16','18','PRA','LAB-A','ULFE VEGA LUIS ALBERTO');
insert into horarios(curso_seccion, dia, hora_ini, hora_fin, t_p, aula, docente) VALUES ('SI701W','SA','14','16','T','LAB-A','ULFE VEGA LUIS ALBERTO');
insert into horarios(curso_seccion, dia, hora_ini, hora_fin, t_p, aula, docente) VALUES ('SI702U','LU','16','18','PRA','LAB-A','CORDOVA NERI TEODORO LUCIANO');
insert into horarios(curso_seccion, dia, hora_ini, hora_fin, t_p, aula, docente) VALUES ('SI702U','VI','16','18','PRA','LAB-A','CORDOVA NERI TEODORO LUCIANO');
insert into horarios(curso_seccion, dia, hora_ini, hora_fin, t_p, aula, docente) VALUES ('SI702V','MI','18','20','PRA','S4-203','MÉNDEZ VALDIVIA CELEDONIO');
insert into horarios(curso_seccion, dia, hora_ini, hora_fin, t_p, aula, docente) VALUES ('SI702V','MI','16','18','PRA','S4-203','MÉNDEZ VALDIVIA CELEDONIO');
insert into horarios(curso_seccion, dia, hora_ini, hora_fin, t_p, aula, docente) VALUES ('SI704U','MA','16','18','T','S4-201','NAVARRO QUIÑONES EDINSON ROBERTO');
insert into horarios(curso_seccion, dia, hora_ini, hora_fin, t_p, aula, docente) VALUES ('SI704U','JU','16','18','PRA','S4-202','NAVARRO QUIÑONES EDINSON ROBERTO');
insert into horarios(curso_seccion, dia, hora_ini, hora_fin, t_p, aula, docente) VALUES ('SI704V','JU','18','20','T','S4-201','ESPINOZA FALCON LUIS ALBERTO');
insert into horarios(curso_seccion, dia, hora_ini, hora_fin, t_p, aula, docente) VALUES ('SI704V','JU','20','22','PRA','S4-201','ESPINOZA FALCON LUIS ALBERTO');
insert into horarios(curso_seccion, dia, hora_ini, hora_fin, t_p, aula, docente) VALUES ('SI705U','VI','18','19','T','S4-201','RAMOS MONTES CARLOS NELSON');
insert into horarios(curso_seccion, dia, hora_ini, hora_fin, t_p, aula, docente) VALUES ('SI705U','VI','19','21','PRA','S4-201','RAMOS MONTES CARLOS NELSON');
insert into horarios(curso_seccion, dia, hora_ini, hora_fin, t_p, aula, docente) VALUES ('SI705V','LU','19','21','PRA','S4-201','RAMOS MONTES CARLOS NELSON');
insert into horarios(curso_seccion, dia, hora_ini, hora_fin, t_p, aula, docente) VALUES ('SI705V','LU','18','19','T','S4-201','RAMOS MONTES CARLOS NELSON');
insert into horarios(curso_seccion, dia, hora_ini, hora_fin, t_p, aula, docente) VALUES ('SI707U','VI','20','22','PRA','LAB-D','SANCHEZ ESPINOZA JAVIER CONCEPCIÓN');
insert into horarios(curso_seccion, dia, hora_ini, hora_fin, t_p, aula, docente) VALUES ('SI707U','LU','18','20','T','LAB-D','SANCHEZ ESPINOZA JAVIER CONCEPCIÓN');
insert into horarios(curso_seccion, dia, hora_ini, hora_fin, t_p, aula, docente) VALUES ('SI707V','MI','18','20','T','S4-204','CARRANZA BARRENA WILFREDO EDUARDO');
insert into horarios(curso_seccion, dia, hora_ini, hora_fin, t_p, aula, docente) VALUES ('SI707V','MI','20','22','PRA','S4-204','CARRANZA BARRENA WILFREDO EDUARDO');
insert into horarios(curso_seccion, dia, hora_ini, hora_fin, t_p, aula, docente) VALUES ('SI801U','MA','18','20','T','S4-205','SALAS COZ ERWIN ERASMO');
insert into horarios(curso_seccion, dia, hora_ini, hora_fin, t_p, aula, docente) VALUES ('SI801U','MA','20','22','PRA','S4-206','SALAS COZ ERWIN ERASMO');
insert into horarios(curso_seccion, dia, hora_ini, hora_fin, t_p, aula, docente) VALUES ('SI801V','JU','18','20','T','S4-205','SALAS COZ ERWIN ERASMO');
insert into horarios(curso_seccion, dia, hora_ini, hora_fin, t_p, aula, docente) VALUES ('SI801V','JU','20','22','PRA','S4-206','SALAS COZ ERWIN ERASMO');
insert into horarios(curso_seccion, dia, hora_ini, hora_fin, t_p, aula, docente) VALUES ('SI805U','SA','8','10','PRA','S4-204','HUAPAYA CIRIACO ALBERTO JESUS');
insert into horarios(curso_seccion, dia, hora_ini, hora_fin, t_p, aula, docente) VALUES ('SI805U','SA','10','12','PRA','S4-204','HUAPAYA CIRIACO ALBERTO JESUS');
insert into horarios(curso_seccion, dia, hora_ini, hora_fin, t_p, aula, docente) VALUES ('SI805V','SA','8','10','PRA','S4-204','ESPINAL LAU MIGUEL EDUARDO');
insert into horarios(curso_seccion, dia, hora_ini, hora_fin, t_p, aula, docente) VALUES ('SI805V','SA','10','12','PRA','S4-204','ESPINAL LAU MIGUEL EDUARDO');
insert into horarios(curso_seccion, dia, hora_ini, hora_fin, t_p, aula, docente) VALUES ('SI806U','SA','16','18','PRA','LAB','JANJACHI TORIBIO CARLOS ALBERTO');
insert into horarios(curso_seccion, dia, hora_ini, hora_fin, t_p, aula, docente) VALUES ('SI806U','SA','18','20','PRA','LAB','JANJACHI TORIBIO CARLOS ALBERTO');
insert into horarios(curso_seccion, dia, hora_ini, hora_fin, t_p, aula, docente) VALUES ('SI806V','MA','18','20','PRA','LAB','ARTICA CUYUBAMBA GUSTAVO');
insert into horarios(curso_seccion, dia, hora_ini, hora_fin, t_p, aula, docente) VALUES ('SI806V','MA','20','22','PRA','LAB','ARTICA CUYUBAMBA GUSTAVO');
insert into horarios(curso_seccion, dia, hora_ini, hora_fin, t_p, aula, docente) VALUES ('SI807U','MI','18','20','T','S4-204','RAMOS MONTES CARLOS NELSON');
insert into horarios(curso_seccion, dia, hora_ini, hora_fin, t_p, aula, docente) VALUES ('SI807U','MI','20','22','PRA','S4-204','RAMOS MONTES CARLOS NELSON');
insert into horarios(curso_seccion, dia, hora_ini, hora_fin, t_p, aula, docente) VALUES ('SI807V','MI','18','20','T','S4-204','NN');
insert into horarios(curso_seccion, dia, hora_ini, hora_fin, t_p, aula, docente) VALUES ('SI807V','MI','20','22','PRA','S4-204','NN');
insert into horarios(curso_seccion, dia, hora_ini, hora_fin, t_p, aula, docente) VALUES ('SI901U','VI','18','22','PRA','S4-112','SOTELO VILLENA JUAN CARLOS');
insert into horarios(curso_seccion, dia, hora_ini, hora_fin, t_p, aula, docente) VALUES ('SI901V','MA','18','22','PRA','S4-209','OPORTO DIAZ SAMUEL ALONSO');
insert into horarios(curso_seccion, dia, hora_ini, hora_fin, t_p, aula, docente) VALUES ('SI901W','MA','18','22','PRA','S4-201','RODRIGUEZ RAFAEL GLEN DARIO');
insert into horarios(curso_seccion, dia, hora_ini, hora_fin, t_p, aula, docente) VALUES ('SI901X','MA','16','20','PRA','S4-111','UN JAN LIAU HING EMILIO ALBERTO');
insert into horarios(curso_seccion, dia, hora_ini, hora_fin, t_p, aula, docente) VALUES ('SI902U','MI','20','22','PRA','S4-207','VELARDE CARPIO MANUEL HELARF');
insert into horarios(curso_seccion, dia, hora_ini, hora_fin, t_p, aula, docente) VALUES ('SI902U','MI','18','20','T','S4-207','VELARDE CARPIO MANUEL HELARF');
insert into horarios(curso_seccion, dia, hora_ini, hora_fin, t_p, aula, docente) VALUES ('SI902V','SA','10','12','PRA','S4-207','MUÑOZ MARTINEZ YURI BERNARDO');
insert into horarios(curso_seccion, dia, hora_ini, hora_fin, t_p, aula, docente) VALUES ('SI902V','SA','8','10','T','S4-207','MUÑOZ MARTINEZ YURI BERNARDO');
insert into horarios(curso_seccion, dia, hora_ini, hora_fin, t_p, aula, docente) VALUES ('SI903U','LU','19','20','T','S4-111','CALIZAYA NEYRA PERCY ANGEL');
insert into horarios(curso_seccion, dia, hora_ini, hora_fin, t_p, aula, docente) VALUES ('SI903U','LU','20','22','PRA','S4-111','CALIZAYA NEYRA PERCY ANGEL');
insert into horarios(curso_seccion, dia, hora_ini, hora_fin, t_p, aula, docente) VALUES ('SI903V','LU','20','22','PRA','S4-112','MURILLO LUNA MANUEL ANTONIO');
insert into horarios(curso_seccion, dia, hora_ini, hora_fin, t_p, aula, docente) VALUES ('SI903V','LU','19','20','T','S4-112','MURILLO LUNA MANUEL ANTONIO');
insert into horarios(curso_seccion, dia, hora_ini, hora_fin, t_p, aula, docente) VALUES ('SI904U','MI','20','22','T','LAB-D','BRINGAS MASGO ISAAC ERNESTO');
insert into horarios(curso_seccion, dia, hora_ini, hora_fin, t_p, aula, docente) VALUES ('SI904U','MA','20','22','PRA','LAB-D','BRINGAS MASGO ISAAC ERNESTO');
insert into horarios(curso_seccion, dia, hora_ini, hora_fin, t_p, aula, docente) VALUES ('SI904V','SA','18','20','PRA','S4-202','TRIGO PÉREZ CARLOS ALFREDO');
insert into horarios(curso_seccion, dia, hora_ini, hora_fin, t_p, aula, docente) VALUES ('SI904V','SA','20','22','T','S4-202','TRIGO PÉREZ CARLOS ALFREDO');
insert into horarios(curso_seccion, dia, hora_ini, hora_fin, t_p, aula, docente) VALUES ('ST114U','LU','18','20','T','S4-212','LUJÁN CAMPOS LUIS ALBERTO');
insert into horarios(curso_seccion, dia, hora_ini, hora_fin, t_p, aula, docente) VALUES ('ST114U','VI','18','20','PRA','LAB-E','LUJÁN CAMPOS LUIS ALBERTO');
insert into horarios(curso_seccion, dia, hora_ini, hora_fin, t_p, aula, docente) VALUES ('ST114V','JU','16','18','PRA','S4-201','CANELO SOTELO CÉSAR ALDO');
insert into horarios(curso_seccion, dia, hora_ini, hora_fin, t_p, aula, docente) VALUES ('ST114V','MA','16','18','T','S4-201','CANELO SOTELO CÉSAR ALDO');
insert into horarios(curso_seccion, dia, hora_ini, hora_fin, t_p, aula, docente) VALUES ('ST124U','LU','18','20','T','LAB-B','SOTELO VILLENA JUAN CARLOS');
insert into horarios(curso_seccion, dia, hora_ini, hora_fin, t_p, aula, docente) VALUES ('ST124U','LU','20','22','PRA','LAB-B','SOTELO VILLENA JUAN CARLOS');
insert into horarios(curso_seccion, dia, hora_ini, hora_fin, t_p, aula, docente) VALUES ('ST124V','SA','8','10','T','LAB-E','NN');
insert into horarios(curso_seccion, dia, hora_ini, hora_fin, t_p, aula, docente) VALUES ('ST124V','SA','10','12','PRA','LAB-E','NN');
insert into horarios(curso_seccion, dia, hora_ini, hora_fin, t_p, aula, docente) VALUES ('ST124W','SA','16','18','PRA','LAB-A','ULFE VEGA LUIS ALBERTO');
insert into horarios(curso_seccion, dia, hora_ini, hora_fin, t_p, aula, docente) VALUES ('ST124W','SA','14','16','T','LAB-A','ULFE VEGA LUIS ALBERTO');
insert into horarios(curso_seccion, dia, hora_ini, hora_fin, t_p, aula, docente) VALUES ('ST150U','LU','20','22','PRA','LAB-B','ARADIEL CASTAÑEDA HILARIO');
insert into horarios(curso_seccion, dia, hora_ini, hora_fin, t_p, aula, docente) VALUES ('ST150U','LU','18','20','T','LAB-B','ARADIEL CASTAÑEDA HILARIO');
insert into horarios(curso_seccion, dia, hora_ini, hora_fin, t_p, aula, docente) VALUES ('ST150V','JU','18','20','T','LAB-C','OPORTO DIAZ SAMUEL ALONSO');
insert into horarios(curso_seccion, dia, hora_ini, hora_fin, t_p, aula, docente) VALUES ('ST150V','JU','20','22','PRA','LAB-C','OPORTO DIAZ SAMUEL ALONSO');
insert into horarios(curso_seccion, dia, hora_ini, hora_fin, t_p, aula, docente) VALUES ('ST155U','JU','14','16','PRA','LAB-C','BORJA ROSALES RUBÉN ARTURO');
insert into horarios(curso_seccion, dia, hora_ini, hora_fin, t_p, aula, docente) VALUES ('ST155U','MA','14','16','T','LAB-C','BORJA ROSALES RUBÉN ARTURO');
insert into horarios(curso_seccion, dia, hora_ini, hora_fin, t_p, aula, docente) VALUES ('ST155V','LU','16','18','T','LAB-C','CARRANZA MILLA EMERSON FLORMIRO');
insert into horarios(curso_seccion, dia, hora_ini, hora_fin, t_p, aula, docente) VALUES ('ST155V','MI','16','18','PRA','LAB-C','CARRANZA MILLA EMERSON FLORMIRO');
insert into horarios(curso_seccion, dia, hora_ini, hora_fin, t_p, aula, docente) VALUES ('ST215U','MA','20','22','PRA','LAB-D','BRINGAS MASGO ISAAC ERNESTO');
insert into horarios(curso_seccion, dia, hora_ini, hora_fin, t_p, aula, docente) VALUES ('ST215U','MI','20','22','T','LAB-D','BRINGAS MASGO ISAAC ERNESTO');
insert into horarios(curso_seccion, dia, hora_ini, hora_fin, t_p, aula, docente) VALUES ('ST215V','SA','18','20','PRA','S4-202','TRIGO PÉREZ CARLOS ALFREDO');
insert into horarios(curso_seccion, dia, hora_ini, hora_fin, t_p, aula, docente) VALUES ('ST215V','SA','20','22','T','S4-202','TRIGO PÉREZ CARLOS ALFREDO');
insert into horarios(curso_seccion, dia, hora_ini, hora_fin, t_p, aula, docente) VALUES ('ST231U','MI','18','20','PRA','LAB-D','SANCHEZ ESPINOZA JAVIER CONCEPCIÓN');
insert into horarios(curso_seccion, dia, hora_ini, hora_fin, t_p, aula, docente) VALUES ('ST235U','VI','18','22','PRA','S4-112','SOTELO VILLENA JUAN CARLOS');
insert into horarios(curso_seccion, dia, hora_ini, hora_fin, t_p, aula, docente) VALUES ('ST235V','MA','18','22','PRA','S4-209','OPORTO DIAZ SAMUEL ALONSO');
insert into horarios(curso_seccion, dia, hora_ini, hora_fin, t_p, aula, docente) VALUES ('ST235W','MA','18','22','PRA','S4-201','RODRIGUEZ RAFAEL GLEN DARIO');
insert into horarios(curso_seccion, dia, hora_ini, hora_fin, t_p, aula, docente) VALUES ('ST235X','MA','16','20','PRA','S4-111','UN JAN LIAU HING EMILIO ALBERTO');
insert into horarios(curso_seccion, dia, hora_ini, hora_fin, t_p, aula, docente) VALUES ('ST236U','VI','18','22','PRA','S4-110','MORALES CUELLAR MERY NOEMI');
insert into horarios(curso_seccion, dia, hora_ini, hora_fin, t_p, aula, docente) VALUES ('ST236V','JU','16','20','PRA','S4-111','UN JAN LIAU HING EMILIO ALBERTO');
insert into horarios(curso_seccion, dia, hora_ini, hora_fin, t_p, aula, docente) VALUES ('ST254U','MA','20','22','PRA','S4-201','CALIZAYA NEYRA PERCY ANGEL');
insert into horarios(curso_seccion, dia, hora_ini, hora_fin, t_p, aula, docente) VALUES ('ST254U','MA','18','20','T','S4-201','CALIZAYA NEYRA PERCY ANGEL');
insert into horarios(curso_seccion, dia, hora_ini, hora_fin, t_p, aula, docente) VALUES ('ST254V','SA','10','12','PRA','S4-211','NN');
insert into horarios(curso_seccion, dia, hora_ini, hora_fin, t_p, aula, docente) VALUES ('ST254V','SA','8','10','T','S4-211','NN');
insert into horarios(curso_seccion, dia, hora_ini, hora_fin, t_p, aula, docente) VALUES ('ST255U','MA','20','22','PRA','S4-208','CANCHANO CARO JAVIER TOLENTINO');
insert into horarios(curso_seccion, dia, hora_ini, hora_fin, t_p, aula, docente) VALUES ('ST255U','MA','18','20','PRA','S4-208','CANCHANO CARO JAVIER TOLENTINO');
insert into horarios(curso_seccion, dia, hora_ini, hora_fin, t_p, aula, docente) VALUES ('ST255V','MI','18','20','PRA','S4-211','GUZMAN YANGATO JORGE FERNANDO');
insert into horarios(curso_seccion, dia, hora_ini, hora_fin, t_p, aula, docente) VALUES ('ST255V','JU','18','20','PRA','S4-211','GUZMAN YANGATO JORGE FERNANDO');
insert into horarios(curso_seccion, dia, hora_ini, hora_fin, t_p, aula, docente) VALUES ('ST274U','LU','20','22','T','LAB-D','SANCHEZ ESPINOZA JAVIER CONCEPCIÓN');
insert into horarios(curso_seccion, dia, hora_ini, hora_fin, t_p, aula, docente) VALUES ('ST274U','MI','20','22','PRA','LAB-D','SANCHEZ ESPINOZA JAVIER CONCEPCIÓN');
insert into horarios(curso_seccion, dia, hora_ini, hora_fin, t_p, aula, docente) VALUES ('ST275U','SA','15','17','PRA','S4-105','ARTEAGA CORTEZ HUMBERTO URBANO');
insert into horarios(curso_seccion, dia, hora_ini, hora_fin, t_p, aula, docente) VALUES ('ST275U','SA','13','15','T','S4-105','ARTEAGA CORTEZ HUMBERTO URBANO');
insert into horarios(curso_seccion, dia, hora_ini, hora_fin, t_p, aula, docente) VALUES ('ST275V','MA','18','20','T','S4-105','NN');
insert into horarios(curso_seccion, dia, hora_ini, hora_fin, t_p, aula, docente) VALUES ('ST275V','MA','20','22','PRA','S4-105','NN');
insert into horarios(curso_seccion, dia, hora_ini, hora_fin, t_p, aula, docente) VALUES ('ST285U','SA','16','17','T','LAB-A1','SIMICH LÓPEZ VICTOR ARTURO');
insert into horarios(curso_seccion, dia, hora_ini, hora_fin, t_p, aula, docente) VALUES ('ST285U','SA','17','21','PRA','LAB-A1','SIMICH LÓPEZ VICTOR ARTURO');
insert into horarios(curso_seccion, dia, hora_ini, hora_fin, t_p, aula, docente) VALUES ('ST285V','SA','8','9','T','S4-110','RAMOS MORENO JAIME IGNACIO');
insert into horarios(curso_seccion, dia, hora_ini, hora_fin, t_p, aula, docente) VALUES ('ST285V','SA','9','13','PRA','S4-110','RAMOS MORENO JAIME IGNACIO');
insert into horarios(curso_seccion, dia, hora_ini, hora_fin, t_p, aula, docente) VALUES ('ST295U','MI','18','20','T','S4-110','MORALES CUELLAR MERY NOEMI');
insert into horarios(curso_seccion, dia, hora_ini, hora_fin, t_p, aula, docente) VALUES ('ST295U','LU','18','20','PRA','S4-110','MORALES CUELLAR MERY NOEMI');
insert into horarios(curso_seccion, dia, hora_ini, hora_fin, t_p, aula, docente) VALUES ('ST295V','LU','20','22','PRA','S2-140','LLANOS PANDURO JORGE DANIEL');
insert into horarios(curso_seccion, dia, hora_ini, hora_fin, t_p, aula, docente) VALUES ('ST295V','LU','18','20','T','S2-140','LLANOS PANDURO JORGE DANIEL');
insert into horarios(curso_seccion, dia, hora_ini, hora_fin, t_p, aula, docente) VALUES ('ST414U','SA','10','12','PRA','LAB-C','OPORTO DIAZ SAMUEL ALONSO');
insert into horarios(curso_seccion, dia, hora_ini, hora_fin, t_p, aula, docente) VALUES ('ST414U','SA','8','10','T','LAB-C','OPORTO DIAZ SAMUEL ALONSO');
insert into horarios(curso_seccion, dia, hora_ini, hora_fin, t_p, aula, docente) VALUES ('ST605U','VI','18','20','T','AULA','ANTAURCO TRUJILLO JESÚS WALTER');
insert into horarios(curso_seccion, dia, hora_ini, hora_fin, t_p, aula, docente) VALUES ('ST605U','VI','20','22','PRA','AULA','ANTAURCO TRUJILLO JESÚS WALTER');
insert into horarios(curso_seccion, dia, hora_ini, hora_fin, t_p, aula, docente) VALUES ('ST605V','JU','18','20','T','S4-110','ANTAURCO TRUJILLO JESÚS WALTER');
insert into horarios(curso_seccion, dia, hora_ini, hora_fin, t_p, aula, docente) VALUES ('ST605V','JU','20','22','PRA','S4-110','ANTAURCO TRUJILLO JESÚS WALTER');
insert into horarios(curso_seccion, dia, hora_ini, hora_fin, t_p, aula, docente) VALUES ('ST702U','LU','16','18','PRA','LAB-A','CORDOVA NERI TEODORO LUCIANO');
insert into horarios(curso_seccion, dia, hora_ini, hora_fin, t_p, aula, docente) VALUES ('ST702U','VI','16','18','PRA','LAB-A','CORDOVA NERI TEODORO LUCIANO');
insert into horarios(curso_seccion, dia, hora_ini, hora_fin, t_p, aula, docente) VALUES ('ST702V','MI','16','18','PRA','S4-203','MÉNDEZ VALDIVIA CELEDONIO');
insert into horarios(curso_seccion, dia, hora_ini, hora_fin, t_p, aula, docente) VALUES ('ST702V','MI','18','20','PRA','S4-203','MÉNDEZ VALDIVIA CELEDONIO');
insert into horarios(curso_seccion, dia, hora_ini, hora_fin, t_p, aula, docente) VALUES ('TE101U','LU','14','16','PRA','S4-211','MONCADA CAJAVILCA VICTOR JOSÉ');
insert into horarios(curso_seccion, dia, hora_ini, hora_fin, t_p, aula, docente) VALUES ('TE101U','MI','14','16','PRA','S4-211','MONCADA CAJAVILCA VICTOR JOSÉ');
insert into horarios(curso_seccion, dia, hora_ini, hora_fin, t_p, aula, docente) VALUES ('TE101V','SA','8','10','PRA','S4-209','CALLO MOSCOSO LUIS ALBERTO');
insert into horarios(curso_seccion, dia, hora_ini, hora_fin, t_p, aula, docente) VALUES ('TE101V','VI','14','16','PRA','S4-209','CALLO MOSCOSO LUIS ALBERTO');
insert into horarios(curso_seccion, dia, hora_ini, hora_fin, t_p, aula, docente) VALUES ('TE101W','VI','16','18','PRA','S4-211','CALLO MOSCOSO LUIS ALBERTO');
insert into horarios(curso_seccion, dia, hora_ini, hora_fin, t_p, aula, docente) VALUES ('TE101W','SA','10','12','PRA','S4-209','CALLO MOSCOSO LUIS ALBERTO');
insert into horarios(curso_seccion, dia, hora_ini, hora_fin, t_p, aula, docente) VALUES ('TE101X','LU','16','18','PRA','S4-213','MONCADA CAJAVILCA VICTOR JOSÉ');
insert into horarios(curso_seccion, dia, hora_ini, hora_fin, t_p, aula, docente) VALUES ('TE101X','MI','16','18','PRA','S4-213','MONCADA CAJAVILCA VICTOR JOSÉ');
insert into horarios(curso_seccion, dia, hora_ini, hora_fin, t_p, aula, docente) VALUES ('TE111U','JU','18','20','T','S4-203','CARRANZA BARRENA WILFREDO EDUARDO');
insert into horarios(curso_seccion, dia, hora_ini, hora_fin, t_p, aula, docente) VALUES ('TE111U','JU','20','22','PRA','S4-203','CARRANZA BARRENA WILFREDO EDUARDO');
insert into horarios(curso_seccion, dia, hora_ini, hora_fin, t_p, aula, docente) VALUES ('TE111V','JU','18','20','T','S4203','VILCAPOMA ESCURRA EDGAR SOCRATES');
insert into horarios(curso_seccion, dia, hora_ini, hora_fin, t_p, aula, docente) VALUES ('TE111V','JU','20','22','PRA','S4203','VILCAPOMA ESCURRA EDGAR SOCRATES');
insert into horarios(curso_seccion, dia, hora_ini, hora_fin, t_p, aula, docente) VALUES ('TE121U','MA','14','16','T','S4-209','KRAJNIK STULIN FRANCO LUCIANO');
insert into horarios(curso_seccion, dia, hora_ini, hora_fin, t_p, aula, docente) VALUES ('TE121U','JU','14','16','PRA','S4-209','KRAJNIK STULIN FRANCO LUCIANO');
insert into horarios(curso_seccion, dia, hora_ini, hora_fin, t_p, aula, docente) VALUES ('TE122U','MI','16','18','T','S4-111','PARRA OSORIO HERNAN JULIO');
insert into horarios(curso_seccion, dia, hora_ini, hora_fin, t_p, aula, docente) VALUES ('TE122U','VI','16','18','PRA','S4-109','PARRA OSORIO HERNAN JULIO');
insert into horarios(curso_seccion, dia, hora_ini, hora_fin, t_p, aula, docente) VALUES ('TE124U','LU','14','16','T','S4-105','CARRANZA MILLA EMERSON FLORMIRO');
insert into horarios(curso_seccion, dia, hora_ini, hora_fin, t_p, aula, docente) VALUES ('TE124U','MI','14','16','PRA','S4-105','CARRANZA MILLA EMERSON FLORMIRO');
insert into horarios(curso_seccion, dia, hora_ini, hora_fin, t_p, aula, docente) VALUES ('TE125U','MI','20','22','T','S4-111','GARCIA RAMOS CINTYA');
insert into horarios(curso_seccion, dia, hora_ini, hora_fin, t_p, aula, docente) VALUES ('TE125U','VI','20','22','PRA','S4-111','GARCIA RAMOS CINTYA');
insert into horarios(curso_seccion, dia, hora_ini, hora_fin, t_p, aula, docente) VALUES ('TE126U','MI','20','22','PRA','S4-112','VALDIVIA CAMACHO GLORIA ESTHER');
insert into horarios(curso_seccion, dia, hora_ini, hora_fin, t_p, aula, docente) VALUES ('TE126U','LU','20','22','T','S4-112','VALDIVIA CAMACHO GLORIA ESTHER');
insert into horarios(curso_seccion, dia, hora_ini, hora_fin, t_p, aula, docente) VALUES ('TE301U','LU','8','11','T','S4-208','PARRA OSORIO HERNAN JULIO');
insert into horarios(curso_seccion, dia, hora_ini, hora_fin, t_p, aula, docente) VALUES ('TE301U','MI','8','10','PRA','S4-209','PARRA OSORIO HERNAN JULIO');
insert into horarios(curso_seccion, dia, hora_ini, hora_fin, t_p, aula, docente) VALUES ('TE301V','MA','10','13','T','S4-215','CHAFLOQUE ELIAS CARLOS ALBERTO');
insert into horarios(curso_seccion, dia, hora_ini, hora_fin, t_p, aula, docente) VALUES ('TE301V','JU','8','10','PRA','S4-215','CHAFLOQUE ELIAS CARLOS ALBERTO');
insert into horarios(curso_seccion, dia, hora_ini, hora_fin, t_p, aula, docente) VALUES ('TE302U','MI','18','20','PRA','LAB-F','MUÑOZ INGA CARLOS');
insert into horarios(curso_seccion, dia, hora_ini, hora_fin, t_p, aula, docente) VALUES ('TE302U','LU','18','20','T','LAB-F','MUÑOZ INGA CARLOS');
insert into horarios(curso_seccion, dia, hora_ini, hora_fin, t_p, aula, docente) VALUES ('TE302V','SA','8','10','T','LAB-B','CIEZA DE LEÓN TUESTA EDUARDO JOSÉ');
insert into horarios(curso_seccion, dia, hora_ini, hora_fin, t_p, aula, docente) VALUES ('TE302V','SA','10','12','PRA','LAB-B','CIEZA DE LEÓN TUESTA EDUARDO JOSÉ');
insert into horarios(curso_seccion, dia, hora_ini, hora_fin, t_p, aula, docente) VALUES ('TE302W','SA','12','14','PRA','LAB-F','CALLO MOSCOSO LUIS ALBERTO');
insert into horarios(curso_seccion, dia, hora_ini, hora_fin, t_p, aula, docente) VALUES ('TE302W','VI','18','20','T','S4-207','CALLO MOSCOSO LUIS ALBERTO');
insert into horarios(curso_seccion, dia, hora_ini, hora_fin, t_p, aula, docente) VALUES ('TE401U','JU','18','20','PRA','S4-215','TARAZONA PONTE SANTIAGO');
insert into horarios(curso_seccion, dia, hora_ini, hora_fin, t_p, aula, docente) VALUES ('TE401U','MA','18','20','T','S4-215','TARAZONA PONTE SANTIAGO');
insert into horarios(curso_seccion, dia, hora_ini, hora_fin, t_p, aula, docente) VALUES ('TE401V','MA','20','22','T','S4-215','TARAZONA PONTE SANTIAGO');
insert into horarios(curso_seccion, dia, hora_ini, hora_fin, t_p, aula, docente) VALUES ('TE401V','JU','20','22','PRA','S4-215','TARAZONA PONTE SANTIAGO');
insert into horarios(curso_seccion, dia, hora_ini, hora_fin, t_p, aula, docente) VALUES ('TE501U','MI','18','21','PRA','S4-210','TARAZONA PONTE SANTIAGO');
insert into horarios(curso_seccion, dia, hora_ini, hora_fin, t_p, aula, docente) VALUES ('TE501U','VI','18','20','T','S4-210','TARAZONA PONTE SANTIAGO');
insert into horarios(curso_seccion, dia, hora_ini, hora_fin, t_p, aula, docente) VALUES ('TE501V','MI','16','18','PRA','S4-209','BENITES YARLEQUÉ JOSÉ VALERIO');
insert into horarios(curso_seccion, dia, hora_ini, hora_fin, t_p, aula, docente) VALUES ('TE501V','LU','12','15','T','S4-206','BENITES YARLEQUÉ JOSÉ VALERIO');
insert into horarios(curso_seccion, dia, hora_ini, hora_fin, t_p, aula, docente) VALUES ('TE503U','MA','8','10','T','S4-203','PARRA OSORIO HERNAN JULIO');
insert into horarios(curso_seccion, dia, hora_ini, hora_fin, t_p, aula, docente) VALUES ('TE503U','VI','8','12','PRA','S4-210','RONDINEL PINEDA PETRA ELINE');
insert into horarios(curso_seccion, dia, hora_ini, hora_fin, t_p, aula, docente) VALUES ('TE503V','VI','10','12','T','S4-111','OSORIO MARUJO BILMA ELIZABETH');
insert into horarios(curso_seccion, dia, hora_ini, hora_fin, t_p, aula, docente) VALUES ('TE503V','MI','8','12','PRA','S4-105','OSORIO MARUJO BILMA ELIZABETH');
insert into horarios(curso_seccion, dia, hora_ini, hora_fin, t_p, aula, docente) VALUES ('TE601U','JU','14','16','PRA','S4-207','CRUZ FIGUEROA GUILLERMO ROLDAN');
insert into horarios(curso_seccion, dia, hora_ini, hora_fin, t_p, aula, docente) VALUES ('TE601U','MI','14','16','T','S4-207','CRUZ FIGUEROA GUILLERMO ROLDAN');
insert into horarios(curso_seccion, dia, hora_ini, hora_fin, t_p, aula, docente) VALUES ('TE602U','LU','20','22','T','S4-214','MUÑOZ INGA CARLOS');
insert into horarios(curso_seccion, dia, hora_ini, hora_fin, t_p, aula, docente) VALUES ('TE602U','MI','20','22','PRA','S4-214','MUÑOZ INGA CARLOS');
insert into horarios(curso_seccion, dia, hora_ini, hora_fin, t_p, aula, docente) VALUES ('TE602V','MI','16','18','PRA','S4-207','CRUZ FIGUEROA GUILLERMO ROLDAN');
insert into horarios(curso_seccion, dia, hora_ini, hora_fin, t_p, aula, docente) VALUES ('TE602V','MA','14','16','T','S4-207','CRUZ FIGUEROA GUILLERMO ROLDAN');
insert into horarios(curso_seccion, dia, hora_ini, hora_fin, t_p, aula, docente) VALUES ('TE602W','VI','14','16','PRA','S4-210','AGUERO MAURICIO ALFREDO ROLANDO');
insert into horarios(curso_seccion, dia, hora_ini, hora_fin, t_p, aula, docente) VALUES ('TE602W','MI','14','16','T','S4-210','AGUERO MAURICIO ALFREDO ROLANDO');
insert into horarios(curso_seccion, dia, hora_ini, hora_fin, t_p, aula, docente) VALUES ('TE603U','MA','14','16','PRA','S4-110','LAU CARRILLO CARMEN IVONNE');
insert into horarios(curso_seccion, dia, hora_ini, hora_fin, t_p, aula, docente) VALUES ('TE603U','LU','14','16','T','S4-110','LAU CARRILLO CARMEN IVONNE');
insert into horarios(curso_seccion, dia, hora_ini, hora_fin, t_p, aula, docente) VALUES ('TE603V','MI','14','16','PRA','S4-111','NN');
insert into horarios(curso_seccion, dia, hora_ini, hora_fin, t_p, aula, docente) VALUES ('TE603V','JU','14','16','T','S4-114','NN');
insert into horarios(curso_seccion, dia, hora_ini, hora_fin, t_p, aula, docente) VALUES ('TE604U','MI','14','16','PRA','S4-213','ZUÑIGA MERCADO ANTONIO');
insert into horarios(curso_seccion, dia, hora_ini, hora_fin, t_p, aula, docente) VALUES ('TE604U','MA','14','16','T','S4-213','ZUÑIGA MERCADO ANTONIO');
insert into horarios(curso_seccion, dia, hora_ini, hora_fin, t_p, aula, docente) VALUES ('TE604V','JU','12','14','PRA','S4-213','CRUZ FIGUEROA GUILLERMO ROLDAN');
insert into horarios(curso_seccion, dia, hora_ini, hora_fin, t_p, aula, docente) VALUES ('TE604V','MA','16','18','T','S4-213','CRUZ FIGUEROA GUILLERMO ROLDAN');
insert into horarios(curso_seccion, dia, hora_ini, hora_fin, t_p, aula, docente) VALUES ('TE701U','LU','18','20','T','S4-208','AGUERO MAURICIO ALFREDO ROLANDO');
insert into horarios(curso_seccion, dia, hora_ini, hora_fin, t_p, aula, docente) VALUES ('TE701U','JU','16','18','PRA','S4-208','AGUERO MAURICIO ALFREDO ROLANDO');
insert into horarios(curso_seccion, dia, hora_ini, hora_fin, t_p, aula, docente) VALUES ('TE701V','MI','18','20','T','S4-201','AGUERO MAURICIO ALFREDO ROLANDO');
insert into horarios(curso_seccion, dia, hora_ini, hora_fin, t_p, aula, docente) VALUES ('TE701V','VI','18','20','PRA','S4-109','AGUERO MAURICIO ALFREDO ROLANDO');
insert into horarios(curso_seccion, dia, hora_ini, hora_fin, t_p, aula, docente) VALUES ('TE801U','JU','20','22','PRA','AUTOMAT','MUÑOZ INGA CARLOS');
insert into horarios(curso_seccion, dia, hora_ini, hora_fin, t_p, aula, docente) VALUES ('TE801U','JU','18','20','T','AUTOMAT','MUÑOZ INGA CARLOS');
insert into horarios(curso_seccion, dia, hora_ini, hora_fin, t_p, aula, docente) VALUES ('TE801V','LU','16','18','T','AUTOMAT','ZUÑIGA MERCADO ANTONIO');
insert into horarios(curso_seccion, dia, hora_ini, hora_fin, t_p, aula, docente) VALUES ('TE801V','LU','18','20','PRA','AUTOMAT','ZUÑIGA MERCADO ANTONIO');
insert into horarios(curso_seccion, dia, hora_ini, hora_fin, t_p, aula, docente) VALUES ('TE801W','MA','18','20','PRA','AUTOMAT','ZUÑIGA MERCADO ANTONIO');
insert into horarios(curso_seccion, dia, hora_ini, hora_fin, t_p, aula, docente) VALUES ('TE801W','MA','16','18','T','AUTOMAT','ZUÑIGA MERCADO ANTONIO');
insert into horarios(curso_seccion, dia, hora_ini, hora_fin, t_p, aula, docente) VALUES ('TE802U','LU','18','20','PRA','S4-205','CIEZA DE LEÓN TUESTA EDUARDO JOSÉ');
insert into horarios(curso_seccion, dia, hora_ini, hora_fin, t_p, aula, docente) VALUES ('TE802U','LU','20','22','T','S4-205','CIEZA DE LEÓN TUESTA EDUARDO JOSÉ');
insert into horarios(curso_seccion, dia, hora_ini, hora_fin, t_p, aula, docente) VALUES ('TE802V','SA','12','14','T','S4-204','CIEZA DE LEÓN TUESTA EDUARDO JOSÉ');
insert into horarios(curso_seccion, dia, hora_ini, hora_fin, t_p, aula, docente) VALUES ('TE802V','VI','18','20','PRA','S4-204','MONCADA CAJAVILCA VICTOR JOSÉ');
insert into horarios(curso_seccion, dia, hora_ini, hora_fin, t_p, aula, docente) VALUES ('TE803U','MA','16','18','T','S4-215','KRAJNIK STULIN FRANCO LUCIANO');
insert into horarios(curso_seccion, dia, hora_ini, hora_fin, t_p, aula, docente) VALUES ('TE803U','JU','16','18','PRA','S4-215','KRAJNIK STULIN FRANCO LUCIANO');
insert into horarios(curso_seccion, dia, hora_ini, hora_fin, t_p, aula, docente) VALUES ('TE803V','MA','16','18','T','S4-202','EGÚZQUIZA FIGUEROA MARÍA ENERINA');
insert into horarios(curso_seccion, dia, hora_ini, hora_fin, t_p, aula, docente) VALUES ('TE803V','JU','16','18','PRA','S4-202','EGÚZQUIZA FIGUEROA MARÍA ENERINA');
insert into horarios(curso_seccion, dia, hora_ini, hora_fin, t_p, aula, docente) VALUES ('TE901U','SA','10','12','T','S4-202','NN');
insert into horarios(curso_seccion, dia, hora_ini, hora_fin, t_p, aula, docente) VALUES ('TE901U','SA','12','14','PRA','S4-202','NN');
insert into horarios(curso_seccion, dia, hora_ini, hora_fin, t_p, aula, docente) VALUES ('TE901V','MI','20','22','PRA','S4-111','GARCIA CORZO JUAN CARLOS');
insert into horarios(curso_seccion, dia, hora_ini, hora_fin, t_p, aula, docente) VALUES ('TE901V','MI','18','20','T','S4-111','GARCIA CORZO JUAN CARLOS');
insert into horarios(curso_seccion, dia, hora_ini, hora_fin, t_p, aula, docente) VALUES ('TP224U','MI','20','22','PRA','S4-214','NN');
insert into horarios(curso_seccion, dia, hora_ini, hora_fin, t_p, aula, docente) VALUES ('TP224U','LU','20','22','T','S4-214','NN');
insert into horarios(curso_seccion, dia, hora_ini, hora_fin, t_p, aula, docente) VALUES ('TP224V','MI','16','18','PRA','S4-207','NN');
insert into horarios(curso_seccion, dia, hora_ini, hora_fin, t_p, aula, docente) VALUES ('TP224V','MA','14','16','T','S4-207','NN');
insert into horarios(curso_seccion, dia, hora_ini, hora_fin, t_p, aula, docente) VALUES ('TP224W','VI','14','16','PRA','S4-210','NN');
insert into horarios(curso_seccion, dia, hora_ini, hora_fin, t_p, aula, docente) VALUES ('TP224W','MI','14','16','T','S4-210','NN');
insert into horarios(curso_seccion, dia, hora_ini, hora_fin, t_p, aula, docente) VALUES ('TP254U','JU','20','22','PRA','AUTOMATIZACION','NN');
insert into horarios(curso_seccion, dia, hora_ini, hora_fin, t_p, aula, docente) VALUES ('TP254U','JU','18','20','T','AUTOMATIZACION','NN');
insert into horarios(curso_seccion, dia, hora_ini, hora_fin, t_p, aula, docente) VALUES ('TP254V','LU','18','20','PRA','AUTOMATIZACION','NN');
insert into horarios(curso_seccion, dia, hora_ini, hora_fin, t_p, aula, docente) VALUES ('TP254V','LU','16','18','T','AUTOMATIZACION','NN');
insert into horarios(curso_seccion, dia, hora_ini, hora_fin, t_p, aula, docente) VALUES ('TP254W','MA','16','18','T','AUTOMATIZACION','NN');
insert into horarios(curso_seccion, dia, hora_ini, hora_fin, t_p, aula, docente) VALUES ('TP254W','MA','18','20','PRA','AUTOMATIZACION','NN');
insert into horarios(curso_seccion, dia, hora_ini, hora_fin, t_p, aula, docente) VALUES ('TP314U','LU','18','20','PRA','S4-205','NN');
insert into horarios(curso_seccion, dia, hora_ini, hora_fin, t_p, aula, docente) VALUES ('TP314U','LU','20','22','T','S4-205','NN');
insert into horarios(curso_seccion, dia, hora_ini, hora_fin, t_p, aula, docente) VALUES ('TP314V','SA','12','14','T','S4-204','NN');
insert into horarios(curso_seccion, dia, hora_ini, hora_fin, t_p, aula, docente) VALUES ('TP314V','LU','18','20','PRA','S4-204','NN');
insert into horarios(curso_seccion, dia, hora_ini, hora_fin, t_p, aula, docente) VALUES ('TP324U','JU','14','16','PRA','S4-209','NN');
insert into horarios(curso_seccion, dia, hora_ini, hora_fin, t_p, aula, docente) VALUES ('TP324U','MA','14','16','T','S4-209','NN');
insert into horarios(curso_seccion, dia, hora_ini, hora_fin, t_p, aula, docente) VALUES ('TP505U','MA','16','18','T','S4-215','NN');
insert into horarios(curso_seccion, dia, hora_ini, hora_fin, t_p, aula, docente) VALUES ('TP505U','JU','16','18','PRA','S4-215','NN');
insert into horarios(curso_seccion, dia, hora_ini, hora_fin, t_p, aula, docente) VALUES ('TP505V','JU','16','18','PRA','S4-202','NN');
insert into horarios(curso_seccion, dia, hora_ini, hora_fin, t_p, aula, docente) VALUES ('TP505V','MA','16','18','T','S4-202','NN');
